Date,Area Name,Road/Intersection Name,Traffic Volume,Average Speed,Travel Time Index,Congestion Level,Road Capacity Utilization,Incident Reports,Environmental Impact,Public Transport Usage,Traffic Signal Compliance,Parking Usage,Pedestrian and Cyclist Count,Weather Conditions,Roadwork and Construction Activity
01-01-2022,Indiranagar,100 Feet Road,50590,50.23029856,1.5,100,100,0,151.18,70.6323302,84.04460047,85.40362889,111,Clear,No
01-01-2022,Indiranagar,CMH Road,30825,29.37712471,1.5,100,100,1,111.65,41.9248989,91.40703846,59.98368911,100,Clear,No
01-01-2022,Whitefield,Marathahalli Bridge,7399,54.47439821,1.039068846,28.34799386,36.39652494,0,64.798,44.66238371,61.37554084,95.4660201,189,Clear,No
01-01-2022,Koramangala,Sony World Junction,60874,43.81761039,1.5,100,100,1,171.748,32.77312315,75.54709159,63.56745159,111,Clear,No
01-01-2022,Koramangala,Sarjapur Road,57292,41.11676289,1.5,100,100,3,164.584,35.092601,64.63476238,93.15517129,104,Clear,No
01-01-2022,M.G. Road,Trinity Circle,47848,34.24196255,1.5,100,100,3,145.696,39.92787129,61.01676507,55.39457135,94,Overcast,No
01-01-2022,M.G. Road,Anil Kumble Circle,36574,29.98242956,1.5,100,100,3,123.148,72.47912989,81.57368968,90.37200776,115,Clear,No
01-01-2022,Jayanagar,Jayanagar 4th Block,25379,38.45517944,1.5,79.03882288,100,2,100.758,46.31534352,88.12075836,68.18148012,92,Clear,No
01-01-2022,Jayanagar,South End Circle,25022,35.03937304,1.5,78.97959595,100,1,100.044,44.26169322,99.42601816,62.10276358,105,Clear,No
01-01-2022,Hebbal,Hebbal Flyover,31760,56.90455626,1.5,97.67246207,100,1,113.52,12.85425991,83.63571773,83.87821809,91,Clear,No
01-01-2022,Hebbal,Ballari Road,38446,26.14487626,1.5,100,100,3,126.892,48.86405681,81.18602313,62.09261455,84,Overcast,No
01-01-2022,Yeshwanthpur,Yeshwanthpur Circle,15043,47.96984673,1.35483457,55.74084425,76.63531646,0,80.086,21.31400999,95.94216754,80.32145298,105,Clear,No
02-01-2022,Indiranagar,100 Feet Road,22050,52.87084604,1.130159879,78.4298281,100,3,94.1,35.74010621,70.60809471,62.19948217,115,Fog,No
02-01-2022,Indiranagar,CMH Road,37877,26.42842444,1.5,100,100,1,125.754,75.8321009,98.15714308,95.74321951,96,Overcast,No
02-01-2022,Koramangala,Sarjapur Road,29106,43.56398794,1.5,90.40985493,100,3,108.212,53.05050587,99.602154,57.00420076,100,Fog,No
02-01-2022,M.G. Road,Trinity Circle,53217,37.57207491,1.5,100,100,5,156.434,33.65966098,75.02331811,54.69909699,102,Clear,No
02-01-2022,M.G. Road,Anil Kumble Circle,37584,45.88950597,1.5,100,100,2,125.168,15.97432255,62.06726885,76.56773158,101,Fog,No
02-01-2022,Jayanagar,Jayanagar 4th Block,16676,53.52433335,1.175588568,47.15579429,78.63350743,2,83.352,38.62670611,66.9317728,57.82185213,92,Fog,No
02-01-2022,Jayanagar,South End Circle,37509,51.51350986,1.5,100,100,1,125.018,63.04922773,60.57573955,55.80363203,76,Overcast,No
02-01-2022,Hebbal,Hebbal Flyover,6758,34.75612359,1.069280748,21.20369965,32.77504734,1,63.516,13.17128068,74.98450459,81.29299579,200,Rain,No
02-01-2022,Hebbal,Ballari Road,30209,31.14686403,1.5,100,100,2,110.418,48.19317525,97.65859235,69.30513189,90,Clear,Yes
02-01-2022,Yeshwanthpur,Yeshwanthpur Circle,20375,40.06999065,1.337950124,58.38210538,100,0,90.75,18.27153793,87.86948661,81.44714234,113,Overcast,No
02-01-2022,Yeshwanthpur,Tumkur Road,15636,32.79429896,1.310565184,48.93607081,82.48757326,1,81.272,62.56097475,90.18171496,55.15619344,115,Overcast,No
03-01-2022,Indiranagar,100 Feet Road,23457,38.86905317,1.380024787,87.20214294,100,2,96.914,33.00651818,86.90073824,87.61872647,109,Clear,No
03-01-2022,Indiranagar,CMH Road,38925,33.52942618,1.5,100,100,1,127.85,53.27526443,64.04490704,54.20534031,106,Overcast,No
03-01-2022,Whitefield,Marathahalli Bridge,9154,40.22618269,1.378899431,40.23335461,48.30378185,0,68.308,15.84505017,91.08587664,77.92021249,197,Clear,No
03-01-2022,Whitefield,ITPL Main Road,24968,36.72769056,1.298417952,84.89404197,100,1,99.936,70.80193897,68.94383354,98.16112697,82,Windy,No
03-01-2022,Koramangala,Sony World Junction,51459,27.32652437,1.5,100,100,0,152.918,29.66742327,98.01645936,94.51318919,99,Clear,No
03-01-2022,Koramangala,Sarjapur Road,28481,36.50393786,1.5,100,100,2,106.962,66.96565138,87.3892469,58.13084697,116,Overcast,No
03-01-2022,Jayanagar,Jayanagar 4th Block,10179,40.30824348,1.394910452,26.93833782,51.83630715,0,70.358,77.89400785,93.68475693,91.91643524,199,Clear,Yes
04-01-2022,Indiranagar,100 Feet Road,46199,41.22849932,1.5,100,100,2,142.398,57.01904791,84.72512962,67.9081359,86,Clear,No
04-01-2022,Indiranagar,CMH Road,56242,52.55340842,1.5,100,100,0,162.484,12.01478734,90.20549023,81.01547757,106,Clear,Yes
04-01-2022,Whitefield,Marathahalli Bridge,20450,24.60767822,1.361663478,65.13177601,100,1,90.9,53.54606902,94.49454835,97.47603118,100,Clear,No
04-01-2022,Whitefield,ITPL Main Road,13391,51.69672549,1.030345331,37.2142611,63.23545839,0,76.782,19.71790209,85.63498979,59.09400422,194,Clear,No
04-01-2022,Koramangala,Sony World Junction,28369,29.40974507,1.5,86.33738401,100,1,106.738,35.49889027,80.13669083,84.51974143,104,Overcast,No
04-01-2022,Koramangala,Sarjapur Road,31228,42.5750771,1.5,97.78375372,100,2,112.456,35.82395477,78.50138865,87.37354691,73,Fog,No
04-01-2022,M.G. Road,Trinity Circle,34180,37.03463636,1.5,100,100,0,118.36,32.54554159,68.45792028,66.37486761,103,Fog,No
04-01-2022,M.G. Road,Anil Kumble Circle,43569,40.38910044,1.5,100,100,1,137.138,55.21420689,82.83113219,67.80483629,92,Clear,No
04-01-2022,Jayanagar,Jayanagar 4th Block,16342,39.54830801,1.35870617,46.07800825,81.9551139,0,82.684,78.76650318,64.48155609,69.89277995,110,Clear,No
04-01-2022,Yeshwanthpur,Yeshwanthpur Circle,19306,34.97953276,1.170174575,64.50554091,93.95409732,0,88.612,52.74340297,71.54522213,79.06191107,88,Clear,Yes
04-01-2022,Yeshwanthpur,Tumkur Road,16012,39.2310813,1.101856262,57.00338778,82.6622786,0,82.024,43.0103332,76.47363657,67.44341333,118,Windy,No
05-01-2022,Indiranagar,100 Feet Road,49952,50.80134095,1.5,100,100,2,149.904,21.49860586,92.58298881,83.25986103,101,Overcast,No
05-01-2022,Indiranagar,CMH Road,33970,20,1.5,100,100,1,117.94,72.97022013,75.35564885,77.17764306,116,Clear,No
05-01-2022,Whitefield,ITPL Main Road,17018,57.47327055,1.213384437,64.60451833,87.97597211,0,84.036,31.82054475,69.93956559,87.19731463,108,Clear,No
05-01-2022,Koramangala,Sony World Junction,58920,25.21236284,1.5,100,100,2,167.84,54.8803343,87.75793778,77.13622217,92,Clear,No
05-01-2022,Koramangala,Sarjapur Road,46963,34.44415329,1.5,100,100,2,143.926,71.04867363,97.2847313,78.25665918,106,Clear,No
05-01-2022,Jayanagar,Jayanagar 4th Block,18111,55.94191518,1.236510174,58.35005408,86.10261639,0,86.222,66.1997414,60.18528092,66.67495858,97,Overcast,No
05-01-2022,Jayanagar,South End Circle,22491,42.39264835,1.180975806,67.78714041,100,0,94.982,39.32478147,96.59383604,68.11969496,102,Clear,No
05-01-2022,Hebbal,Hebbal Flyover,38924,23.93474091,1.5,100,100,2,127.848,62.49723293,68.39622372,94.90271447,90,Clear,No
05-01-2022,Yeshwanthpur,Yeshwanthpur Circle,25165,20,1.5,82.69858827,100,1,100.33,22.73496913,94.47142484,97.30577311,96,Rain,No
05-01-2022,Yeshwanthpur,Tumkur Road,15871,57.71555095,1.010838397,47.34277657,76.66574797,1,81.742,17.28760074,91.99664341,58.9272331,104,Clear,No
06-01-2022,Indiranagar,100 Feet Road,46556,46.59329803,1.5,100,100,2,143.112,15.98559716,68.31545021,51.32661019,89,Clear,No
06-01-2022,Indiranagar,CMH Road,22591,30.91538704,1.236117977,70.66460615,100,2,95.182,30.61260317,97.93813228,88.18028971,100,Fog,No
06-01-2022,Whitefield,Marathahalli Bridge,20310,51.72257284,1.103155074,60.48712148,100,1,90.62,22.01755001,70.89229306,50.91953383,117,Clear,No
06-01-2022,Koramangala,Sony World Junction,61024,44.82690984,1.5,100,100,2,172.048,36.81969698,80.75670821,52.34829834,89,Clear,No
06-01-2022,Koramangala,Sarjapur Road,28153,21.48315394,1.5,98.22425144,100,4,106.306,25.0458265,61.2473254,63.11320221,103,Clear,No
06-01-2022,M.G. Road,Trinity Circle,12965,62.70800636,1.275360959,41.91321344,62.28902033,2,75.93,29.05015961,83.60922667,68.04869485,198,Clear,No
06-01-2022,M.G. Road,Anil Kumble Circle,57145,45.62209851,1.5,100,100,1,164.29,79.13676056,97.76237359,51.97134057,89,Overcast,Yes
06-01-2022,Jayanagar,South End Circle,40516,34.19584226,1.5,100,100,1,131.032,51.73889149,69.20035349,56.02834429,82,Clear,No
06-01-2022,Hebbal,Hebbal Flyover,22893,46.96554777,1.127501001,78.82782753,100,2,95.786,70.90692117,60.85077643,93.73508363,101,Fog,No
06-01-2022,Hebbal,Ballari Road,28470,20,1.5,97.45010926,100,3,106.94,61.63076111,69.55108583,55.52370566,96,Clear,No
06-01-2022,Yeshwanthpur,Yeshwanthpur Circle,6965,47.34214733,1.153730659,26.80961232,32.00753888,2,63.93,39.2306543,95.1647323,97.23660111,199,Clear,No
06-01-2022,Yeshwanthpur,Tumkur Road,32668,51.21108558,1.5,100,100,1,115.336,23.05067835,91.18337894,67.50626296,97,Rain,No
07-01-2022,Indiranagar,100 Feet Road,24405,29.84255885,1.237175974,82.95172416,100,2,98.81,72.21236559,98.22605993,93.10638086,110,Clear,Yes
07-01-2022,Indiranagar,CMH Road,25768,25.49316209,1.5,85.81084803,100,2,101.536,69.58448398,79.80586108,74.02932887,103,Clear,No
07-01-2022,Whitefield,ITPL Main Road,34362,46.08703581,1.5,100,100,5,118.724,21.10235737,95.23483037,93.59217639,87,Fog,No
07-01-2022,Electronic City,Silk Board Junction,12382,45.46436548,1.252725411,36.46940495,63.25005703,0,74.764,64.58917766,64.27922555,88.05139513,202,Clear,No
07-01-2022,M.G. Road,Anil Kumble Circle,50214,36.94089993,1.5,100,100,0,150.428,50.75193221,73.83532228,81.04577589,108,Fog,Yes
07-01-2022,Jayanagar,Jayanagar 4th Block,21131,44.34249739,1.273318151,69.35472079,100,1,92.262,41.5970917,66.54495285,89.74047744,106,Clear,No
07-01-2022,Hebbal,Hebbal Flyover,39110,23.53041371,1.5,100,100,2,128.22,78.87843536,76.37336025,94.70496018,91,Clear,No
07-01-2022,Hebbal,Ballari Road,42022,34.71075116,1.5,100,100,5,134.044,12.27683256,96.83391391,80.83251573,109,Clear,No
08-01-2022,Indiranagar,100 Feet Road,36384,28.18948343,1.5,100,100,2,122.768,15.07128215,75.69974226,73.99694174,103,Rain,No
08-01-2022,Indiranagar,CMH Road,11033,44.52288644,1.096818006,46.50991853,51.58995543,0,72.066,53.2709014,88.09859882,77.98243417,201,Clear,Yes
08-01-2022,Whitefield,Marathahalli Bridge,16390,34.37367223,1.275785988,60.64506732,78.95150244,0,82.78,17.31974882,85.45720998,85.32378632,78,Fog,No
08-01-2022,Koramangala,Sarjapur Road,65269,36.97599605,1.5,100,100,2,180.538,14.22464588,69.88412936,57.97723401,113,Windy,No
08-01-2022,Electronic City,Hosur Road,17926,66.42270359,1.22214542,64.1373689,86.91454741,3,85.852,57.61597697,62.88793636,51.53262511,92,Overcast,No
08-01-2022,M.G. Road,Trinity Circle,22876,65.01737103,1.290103064,75.98671216,100,2,95.752,51.464523,96.49453382,60.53310945,104,Fog,No
08-01-2022,M.G. Road,Anil Kumble Circle,49798,28.28376632,1.5,100,100,2,149.596,70.95249309,77.8122102,75.7408677,96,Clear,No
08-01-2022,Jayanagar,South End Circle,30323,27.91921134,1.5,93.69413988,100,1,110.646,15.14477231,66.7903162,75.98869743,95,Clear,No
08-01-2022,Yeshwanthpur,Yeshwanthpur Circle,13356,65.76747984,1.33766818,50.63340306,67.63354364,1,76.712,17.83437336,70.78998446,52.8543428,201,Clear,No
09-01-2022,Indiranagar,CMH Road,38748,38.46488476,1.5,100,100,2,127.496,12.09815129,72.31719766,85.23403814,90,Windy,Yes
09-01-2022,Whitefield,ITPL Main Road,34188,25.82840195,1.5,100,100,4,118.376,12.12709418,97.23794782,84.47633755,105,Rain,No
09-01-2022,Koramangala,Sony World Junction,32010,32.47619957,1.5,100,100,3,114.02,56.73153699,92.31383768,88.11425674,109,Overcast,No
09-01-2022,Koramangala,Sarjapur Road,13903,30.59949117,1.158469077,50.25267747,68.40058101,0,77.806,26.62808916,74.93007167,61.36348136,174,Rain,No
09-01-2022,M.G. Road,Anil Kumble Circle,34831,20,1.5,100,100,5,119.662,23.704459,60.302515,82.37373571,115,Overcast,Yes
09-01-2022,Jayanagar,South End Circle,14614,44.01660373,1.113949161,44.85913263,76.10025898,0,79.228,31.79153894,84.41335133,85.80753371,190,Clear,No
09-01-2022,Hebbal,Ballari Road,28195,38.19781934,1.5,95.32957773,100,4,106.39,54.32059629,98.05613369,80.08059101,110,Clear,No
10-01-2022,Indiranagar,100 Feet Road,43024,28.07094802,1.5,100,100,3,136.048,53.67015273,78.07070715,79.33042316,89,Overcast,No
10-01-2022,Indiranagar,CMH Road,13224,61.23396562,1.218678965,38.71894192,65.02905996,0,76.448,44.77368012,99.51142081,56.82198763,208,Clear,No
10-01-2022,Koramangala,Sony World Junction,31137,51.28396623,1.5,99.27321333,100,0,112.274,72.59336123,67.67469299,66.16857811,91,Clear,No
10-01-2022,Koramangala,Sarjapur Road,60935,20,1.5,100,100,2,171.87,56.86408686,99.76557445,83.09195949,102,Clear,Yes
10-01-2022,M.G. Road,Trinity Circle,39508,20.86285503,1.5,100,100,4,129.016,26.42494573,75.97263663,57.62080067,101,Clear,No
10-01-2022,M.G. Road,Anil Kumble Circle,39400,33.47530164,1.5,100,100,0,128.8,31.21898492,70.5245028,68.00682037,84,Clear,No
10-01-2022,Jayanagar,Jayanagar 4th Block,28165,59.92999517,1.5,100,100,4,106.33,67.22147959,75.22493174,93.89871602,113,Fog,No
10-01-2022,Jayanagar,South End Circle,28609,26.01532018,1.5,92.28532786,100,2,107.218,70.34101376,96.91028762,74.35309594,103,Clear,No
10-01-2022,Hebbal,Hebbal Flyover,18780,43.13028697,1.010324763,55.30332578,98.53115112,0,87.56,77.60755128,77.29991513,65.59080665,100,Clear,No
10-01-2022,Hebbal,Ballari Road,27100,39.17190464,1.5,81.56032588,100,1,104.2,79.6406422,62.31122244,84.75176144,88,Clear,No
10-01-2022,Yeshwanthpur,Tumkur Road,16397,54.12435249,1.249558335,55.19749594,81.24583384,0,82.794,72.06229507,77.99138595,59.73112559,96,Overcast,No
11-01-2022,Indiranagar,100 Feet Road,11423,20,1.007676911,33.27293084,59.71789823,0,72.846,47.4717092,68.60807488,50.60603873,199,Clear,No
11-01-2022,Indiranagar,CMH Road,10806,44.59911487,1.129870371,40.76714155,53.79018129,0,71.612,37.6133395,78.37787074,89.25082719,213,Rain,No
11-01-2022,Whitefield,Marathahalli Bridge,40629,28.94285077,1.5,100,100,2,131.258,46.28856154,66.00676003,86.87168844,100,Clear,Yes
11-01-2022,Koramangala,Sony World Junction,14197,57.98811325,1.118614233,44.31739793,73.73153531,1,78.394,22.18765347,63.93582599,83.01513599,212,Clear,Yes
11-01-2022,Electronic City,Hosur Road,13734,60.01333652,1.082274905,38.20772836,69.82012968,1,77.468,47.12114933,61.67804894,98.42443888,213,Windy,No
11-01-2022,M.G. Road,Trinity Circle,48585,38.592094,1.5,100,100,1,147.17,40.24538181,77.57619959,80.64697912,121,Clear,No
11-01-2022,Jayanagar,South End Circle,35331,37.8257995,1.5,100,100,4,120.662,48.15188432,99.38678958,96.86940332,75,Clear,No
11-01-2022,Hebbal,Ballari Road,31483,42.23613619,1.5,100,100,2,112.966,58.22197114,94.93291663,81.8145677,108,Clear,Yes
11-01-2022,Yeshwanthpur,Yeshwanthpur Circle,24863,40.77188039,1.081614254,83.97836565,100,1,99.726,34.87691981,91.35167138,77.71132571,96,Clear,No
12-01-2022,Indiranagar,CMH Road,37767,38.38720503,1.5,100,100,2,125.534,53.37125362,74.21972042,89.70986656,84,Clear,No
12-01-2022,Whitefield,Marathahalli Bridge,29583,53.86614646,1.5,100,100,3,109.166,15.39407954,62.34203717,66.71191593,109,Fog,No
12-01-2022,Whitefield,ITPL Main Road,14566,26.33463383,1.035440172,42.96557239,73.81225294,3,79.132,39.48736373,85.44709459,89.2825809,180,Overcast,No
12-01-2022,Koramangala,Sony World Junction,43533,23.80382567,1.5,100,100,0,137.066,68.21879306,70.9228324,75.90393831,94,Clear,No
12-01-2022,Electronic City,Silk Board Junction,19320,20,1.053391989,56.01203028,98.87939307,0,88.64,40.57954918,89.18032915,88.27564495,88,Clear,No
12-01-2022,M.G. Road,Trinity Circle,48094,26.07544161,1.5,100,100,1,146.188,63.15787837,77.9895937,88.83552785,81,Clear,Yes
12-01-2022,Jayanagar,Jayanagar 4th Block,21711,34.73359265,1.359933338,62.80646794,100,1,93.422,75.57757234,62.09031517,70.93966595,93,Windy,No
12-01-2022,Hebbal,Hebbal Flyover,31399,34.64358518,1.5,100,100,0,112.798,20.58727801,69.0126772,62.54833307,112,Clear,No
12-01-2022,Yeshwanthpur,Tumkur Road,18517,45.86143883,1.183320257,61.41725908,89.2427454,2,87.034,42.36068927,76.47062166,82.54867336,101,Clear,No
13-01-2022,Indiranagar,100 Feet Road,11371,51.02477209,1.103448334,31.1974604,55.15715065,1,72.742,24.34168919,95.11320313,93.97909275,218,Clear,No
13-01-2022,Indiranagar,CMH Road,11938,37.64141551,1.363688082,40.56736929,59.66812508,0,73.876,55.97460733,92.88412642,69.02100038,187,Clear,No
13-01-2022,Koramangala,Sarjapur Road,55123,36.17721217,1.5,100,100,3,160.246,78.84650309,65.62846112,60.10078342,90,Rain,No
13-01-2022,M.G. Road,Trinity Circle,52096,49.12220555,1.5,100,100,3,154.192,71.73494308,77.09958752,58.11167029,101,Overcast,Yes
13-01-2022,M.G. Road,Anil Kumble Circle,26541,38.0419292,1.5,89.2858751,100,2,103.082,42.1485638,74.31193061,74.71062236,111,Clear,No
13-01-2022,Jayanagar,South End Circle,17216,35.77589816,1.180140392,62.36319341,87.59147585,1,84.432,68.90132872,78.8514867,98.9552469,104,Rain,No
13-01-2022,Hebbal,Ballari Road,19195,50.24264678,1.33481645,59.5688551,97.4038191,1,88.39,31.37174737,68.50577505,51.65946773,94,Overcast,No
14-01-2022,Indiranagar,100 Feet Road,24545,51.50381789,1.224176252,74.03645605,100,3,99.09,78.376023,64.42882373,71.12742142,117,Overcast,No
14-01-2022,Koramangala,Sony World Junction,56258,45.85982116,1.5,100,100,1,162.516,59.25801842,81.62793907,54.82672351,92,Clear,No
14-01-2022,Koramangala,Sarjapur Road,32100,26.36048779,1.5,97.96285672,100,4,114.2,15.52784135,69.5804068,89.72891394,101,Overcast,No
14-01-2022,Electronic City,Hosur Road,6265,51.41930535,1.33171472,28.46291134,32.04272352,0,62.53,40.12991872,72.67786351,71.72979804,212,Overcast,No
14-01-2022,M.G. Road,Trinity Circle,35956,42.82870244,1.5,100,100,2,121.912,76.53717368,84.02604266,87.17969581,100,Clear,No
14-01-2022,M.G. Road,Anil Kumble Circle,38339,20,1.5,100,100,1,126.678,46.16008399,60.22023197,50.38320163,91,Clear,No
14-01-2022,Jayanagar,South End Circle,28132,33.19510211,1.5,91.71363416,100,1,106.264,34.16562,80.29647755,93.71112623,100,Windy,No
14-01-2022,Hebbal,Hebbal Flyover,16393,29.15864057,1.363044401,58.92398622,83.04405214,0,82.786,67.6653269,98.20242046,91.05991413,78,Clear,No
14-01-2022,Yeshwanthpur,Yeshwanthpur Circle,9696,37.80846681,1.04841,30.6989558,50.99178048,0,69.392,15.61260099,74.19085167,97.08628558,207,Clear,No
14-01-2022,Yeshwanthpur,Tumkur Road,21620,52.589386,1.349479437,76.54612778,100,1,93.24,47.37772308,65.68548495,50.58533054,98,Clear,No
15-01-2022,Indiranagar,100 Feet Road,20081,52.32649361,1.291669395,69.98249964,100,1,90.162,57.10766357,71.01524697,65.31567494,109,Fog,No
15-01-2022,Indiranagar,CMH Road,40722,28.06813173,1.5,100,100,3,131.444,21.68021412,77.22117354,57.1297072,114,Clear,Yes
15-01-2022,Koramangala,Sony World Junction,13316,36.94129934,1.270848256,46.50225166,65.22593728,0,76.632,79.16251763,78.16006485,84.41371179,182,Clear,No
15-01-2022,Electronic City,Silk Board Junction,4901,41.38188661,1.009340839,21.46093895,24.09023009,0,59.802,73.00582281,64.64555841,97.79594145,192,Rain,No
15-01-2022,M.G. Road,Anil Kumble Circle,45841,20.1372297,1.5,100,100,1,141.682,47.91933687,90.4760725,91.6824981,98,Clear,No
15-01-2022,Jayanagar,Jayanagar 4th Block,14041,52.47910256,1.23218704,39.58726736,69.64543749,1,78.082,38.12451605,99.75393556,94.01573811,205,Rain,No
15-01-2022,Jayanagar,South End Circle,11644,29.97029672,1.091099894,48.09391028,62.31454611,1,73.288,70.89784118,65.22609375,89.52548971,181,Clear,No
15-01-2022,Hebbal,Ballari Road,29959,38.90522898,1.5,100,100,1,109.918,24.22561638,90.47192766,69.32702534,100,Clear,No
16-01-2022,Indiranagar,100 Feet Road,37666,35.89580681,1.5,100,100,4,125.332,71.84253341,77.93276221,75.52162445,104,Clear,No
16-01-2022,Indiranagar,CMH Road,33681,39.07052287,1.5,100,100,2,117.362,77.02136133,60.3545314,99.89104278,105,Clear,Yes
16-01-2022,Koramangala,Sarjapur Road,47091,46.82453827,1.5,100,100,1,144.182,44.13394668,63.10597339,70.37715155,97,Clear,No
16-01-2022,M.G. Road,Trinity Circle,44425,37.13293707,1.5,100,100,2,138.85,15.10312848,76.11493131,64.7645247,92,Overcast,No
16-01-2022,M.G. Road,Anil Kumble Circle,50941,20,1.5,100,100,4,151.882,72.20613562,80.12335803,72.4674871,102,Clear,No
16-01-2022,Jayanagar,Jayanagar 4th Block,28429,40.05470159,1.5,95.81335268,100,1,106.858,28.99865663,79.86781691,64.21370465,87,Clear,No
16-01-2022,Jayanagar,South End Circle,8373,45.15378981,1.110467823,32.04952975,37.49189622,1,66.746,27.27767084,89.63616225,65.81350749,179,Clear,No
16-01-2022,Hebbal,Hebbal Flyover,29521,44.44971665,1.5,100,100,1,109.042,58.09134866,79.75256162,69.38244027,104,Clear,No
17-01-2022,Indiranagar,100 Feet Road,43778,45.58484544,1.5,100,100,1,137.556,35.20353261,98.27199262,75.02005729,98,Clear,No
17-01-2022,Indiranagar,CMH Road,11546,59.52467534,1.328871955,45.49362669,54.84994055,1,73.092,71.61097165,68.62962717,83.89066002,204,Clear,No
17-01-2022,Whitefield,ITPL Main Road,28643,27.38592457,1.5,89.46097216,100,1,107.286,14.06643665,64.46048849,75.79309514,93,Clear,No
17-01-2022,Koramangala,Sony World Junction,14771,35.05650625,1.197145834,47.32246161,74.16437678,0,79.542,10.69466748,78.56380638,98.17496204,201,Clear,No
17-01-2022,M.G. Road,Trinity Circle,13672,50.91814134,1.048082892,40.88498999,63.53552363,0,77.344,64.11993117,80.71842111,67.40477966,195,Clear,No
17-01-2022,Jayanagar,South End Circle,38680,41.76966387,1.5,100,100,1,127.36,25.97647544,69.8641454,74.20385349,108,Clear,No
18-01-2022,Indiranagar,CMH Road,22675,39.02191614,1.05632118,78.03160616,100,1,95.35,66.7786639,85.43818829,69.40828531,105,Clear,No
18-01-2022,Whitefield,Marathahalli Bridge,24990,51.19926332,1.02488129,76.24606089,100,2,99.98,77.05538847,81.18638896,62.09466471,100,Clear,No
18-01-2022,Koramangala,Sony World Junction,43308,34.16966397,1.5,100,100,1,136.616,69.05547648,99.24770117,89.6571437,112,Windy,No
18-01-2022,M.G. Road,Anil Kumble Circle,30048,21.36825995,1.5,91.62163124,100,3,110.096,76.0591115,98.40542418,76.07298194,89,Fog,No
18-01-2022,Hebbal,Hebbal Flyover,29980,50.62255132,1.5,90.17539567,100,2,109.96,54.40545822,68.88303483,66.08349948,112,Clear,No
18-01-2022,Hebbal,Ballari Road,27611,38.38993685,1.5,87.81436544,100,2,105.222,63.27055464,74.86896266,69.62290931,123,Clear,No
18-01-2022,Yeshwanthpur,Yeshwanthpur Circle,25136,22.55168762,1.5,78.59464492,100,1,100.272,45.41705354,68.83411132,51.94649817,72,Overcast,No
19-01-2022,Indiranagar,100 Feet Road,37647,61.34222044,1.5,100,100,4,125.294,64.62558521,79.05342933,74.87699261,90,Clear,No
19-01-2022,Indiranagar,CMH Road,24022,52.09641291,1.163764829,86.29090495,100,3,98.044,20.61165524,95.03532334,76.95472764,93,Clear,No
19-01-2022,Whitefield,ITPL Main Road,21972,45.34152417,1.389231265,67.76250662,100,0,93.944,26.12916635,60.05895288,86.4672397,129,Rain,No
19-01-2022,Koramangala,Sarjapur Road,32388,25.18834469,1.5,100,100,5,114.776,51.34464838,86.44057017,53.92279082,101,Clear,No
19-01-2022,M.G. Road,Trinity Circle,22823,52.92934853,1.285769666,81.25677232,100,2,95.646,75.30474038,93.10025279,84.8604691,106,Overcast,No
19-01-2022,M.G. Road,Anil Kumble Circle,55355,28.82746813,1.5,100,100,5,160.71,76.2963467,79.85035012,69.02588549,89,Fog,No
19-01-2022,Jayanagar,Jayanagar 4th Block,35758,39.5479517,1.5,100,100,3,121.516,45.33569188,88.73815789,93.13202356,89,Clear,No
19-01-2022,Jayanagar,South End Circle,34084,26.37224236,1.5,100,100,2,118.168,53.74118697,82.86983933,91.64151884,116,Rain,Yes
19-01-2022,Hebbal,Ballari Road,22499,29.84904657,1.133619986,79.65064768,100,0,94.998,64.86318897,71.43033298,71.63834398,105,Clear,No
20-01-2022,Indiranagar,100 Feet Road,34920,21.73952314,1.5,100,100,1,119.84,40.24132493,99.21474964,53.37512733,100,Windy,No
20-01-2022,Indiranagar,CMH Road,34071,52.0152107,1.5,100,100,1,118.142,43.81277883,70.74135024,64.37308324,103,Clear,No
20-01-2022,Whitefield,Marathahalli Bridge,9673,58.40461052,1.259401928,27.59137389,43.51610684,1,69.346,57.32184016,88.2651948,80.50037085,192,Clear,No
20-01-2022,Koramangala,Sony World Junction,29570,37.76793449,1.5,100,100,2,109.14,50.80482398,70.12406157,72.51271231,125,Overcast,No
20-01-2022,Koramangala,Sarjapur Road,56542,33.59072086,1.5,100,100,1,163.084,40.40823233,88.93791271,50.45270808,103,Rain,No
20-01-2022,Electronic City,Silk Board Junction,12718,50.67941743,1.005498222,37.36085854,60.73406483,0,75.436,27.32918392,62.50105183,72.94702583,210,Rain,Yes
20-01-2022,Yeshwanthpur,Yeshwanthpur Circle,23607,53.87290837,1.20857961,70.05917439,100,3,97.214,35.79142439,95.81384357,83.32315238,109,Rain,No
21-01-2022,Indiranagar,100 Feet Road,37614,36.84247914,1.5,100,100,1,125.228,11.53393301,72.04184311,75.13156213,79,Overcast,No
21-01-2022,Indiranagar,CMH Road,32230,43.13205187,1.5,100,100,0,114.46,22.99526934,86.5687754,94.08453059,110,Clear,No
21-01-2022,Whitefield,Marathahalli Bridge,21898,57.44679581,1.14275439,70.06911651,100,4,93.796,34.80974642,80.22536614,97.05604063,113,Clear,No
21-01-2022,Koramangala,Sony World Junction,63687,39.82687887,1.5,100,100,2,177.374,57.15517922,67.17013023,84.69747953,91,Clear,Yes
21-01-2022,M.G. Road,Trinity Circle,12718,49.24966116,1.141708531,34.50024302,60.81361305,0,75.436,52.54268782,69.81409257,52.88660796,195,Clear,No
21-01-2022,M.G. Road,Anil Kumble Circle,34242,20,1.5,100,100,1,118.484,45.00789265,76.4783238,93.52634831,104,Clear,No
21-01-2022,Jayanagar,Jayanagar 4th Block,18866,36.93932441,1.082500846,60.72385413,98.28674778,0,87.732,45.54635448,76.77086645,50.90620205,109,Clear,No
21-01-2022,Hebbal,Ballari Road,10280,62.58620484,1.334447081,40.69443392,54.83326168,0,70.56,33.35398771,91.6623281,72.56470565,185,Overcast,No
21-01-2022,Yeshwanthpur,Yeshwanthpur Circle,13448,54.40696144,1.216704386,54.18798291,62.90564728,1,76.896,36.28282499,92.15258181,71.67361164,192,Clear,No
21-01-2022,Yeshwanthpur,Tumkur Road,17523,42.17153454,1.262691794,62.5853131,82.69863682,0,85.046,56.31790019,79.35957473,50.26567378,110,Clear,Yes
22-01-2022,Indiranagar,100 Feet Road,38113,42.89056687,1.5,100,100,1,126.226,53.43316495,89.69012749,58.4940503,90,Fog,No
22-01-2022,Indiranagar,CMH Road,38352,38.10591259,1.5,100,100,1,126.704,60.14779784,70.83770793,60.11270903,94,Clear,No
22-01-2022,Koramangala,Sony World Junction,14092,60.19283924,1.328732379,50.16354871,73.42241451,0,78.184,58.46512457,70.56247939,96.95342397,206,Clear,No
22-01-2022,Koramangala,Sarjapur Road,26948,41.178748,1.5,93.06604556,100,2,103.896,16.18694629,87.95795314,68.41736069,98,Clear,Yes
22-01-2022,Electronic City,Silk Board Junction,18286,42.36551784,1.129210938,68.91171707,95.31118189,0,86.572,73.0672627,99.84630694,91.27078321,112,Clear,Yes
22-01-2022,M.G. Road,Trinity Circle,56645,26.88742881,1.5,100,100,2,163.29,38.78340626,65.20322679,51.12129446,96,Clear,No
22-01-2022,M.G. Road,Anil Kumble Circle,28669,41.29749878,1.5,86.34209367,100,4,107.338,50.66652659,99.62716628,87.83650835,98,Clear,No
22-01-2022,Jayanagar,Jayanagar 4th Block,35174,40.60481399,1.5,100,100,6,120.348,41.83350398,86.99145209,83.87658069,96,Clear,No
22-01-2022,Yeshwanthpur,Yeshwanthpur Circle,16461,61.85014279,1.071742404,58.97278291,81.85671992,1,82.922,21.88099,60.76579472,88.95512932,103,Overcast,No
23-01-2022,Indiranagar,100 Feet Road,32690,31.87457263,1.5,100,100,3,115.38,13.63925464,61.26975061,71.16675721,83,Overcast,No
23-01-2022,Indiranagar,CMH Road,25259,26.9568424,1.5,79.92705765,100,1,100.518,72.81561061,84.90522134,98.66913096,99,Clear,No
23-01-2022,Whitefield,Marathahalli Bridge,33372,38.08450108,1.5,100,100,1,116.744,24.75551711,69.17463108,73.45536055,93,Clear,No
23-01-2022,Electronic City,Silk Board Junction,14390,34.57955588,1.093002397,40.56024623,69.51463061,0,78.78,57.17959457,62.50259369,60.52534698,214,Clear,No
23-01-2022,M.G. Road,Trinity Circle,11081,43.49895778,1.225363346,43.01276448,51.77648488,0,72.162,45.38561323,65.76315144,81.19992428,190,Clear,No
23-01-2022,M.G. Road,Anil Kumble Circle,51532,28.64442159,1.5,100,100,4,153.064,47.66158938,93.60432314,99.47255655,114,Clear,No
23-01-2022,Jayanagar,South End Circle,25726,45.35825238,1.5,92.94922683,100,2,101.452,18.82014195,67.85676863,97.57224128,89,Clear,No
23-01-2022,Hebbal,Ballari Road,34430,23.32220449,1.5,100,100,1,118.86,25.30968602,67.31351119,91.28554758,88,Fog,No
23-01-2022,Yeshwanthpur,Yeshwanthpur Circle,22204,49.68315585,1.070049256,77.46862562,100,2,94.408,28.42731426,60.02613563,93.53345171,109,Fog,No
24-01-2022,Indiranagar,100 Feet Road,12829,44.72668066,1.016023648,38.5925516,61.22040936,0,75.658,73.59041863,78.72276217,73.31497065,211,Clear,No
24-01-2022,Indiranagar,CMH Road,45895,48.88337778,1.5,100,100,0,141.79,24.31138607,73.61646224,75.52903787,103,Clear,No
24-01-2022,Whitefield,Marathahalli Bridge,5915,62.2469665,1.335672158,12.93025836,24.82471662,0,61.83,26.62349897,61.98457493,86.22991434,180,Clear,No
24-01-2022,Whitefield,ITPL Main Road,37716,28.85049562,1.5,100,100,2,125.432,75.0401302,75.49290072,53.30825944,101,Clear,No
24-01-2022,Koramangala,Sony World Junction,62021,36.95845247,1.5,100,100,5,174.042,29.42252758,71.26464168,98.16801602,106,Windy,No
24-01-2022,Koramangala,Sarjapur Road,13360,41.07528894,1.137354681,51.22476914,71.15484514,0,76.72,36.07562521,97.14522248,53.09042303,177,Clear,No
24-01-2022,M.G. Road,Trinity Circle,30151,31.27727516,1.5,100,100,4,110.302,10.48145736,68.49789109,83.1761797,97,Overcast,No
24-01-2022,Jayanagar,Jayanagar 4th Block,24526,38.91410277,1.073852983,78.59548575,100,1,99.052,61.44480932,81.25819657,64.39726713,100,Clear,No
24-01-2022,Jayanagar,South End Circle,19822,46.05753791,1.137583075,70.73333548,100,5,89.644,32.87562941,60.43244335,91.32755371,110,Clear,No
24-01-2022,Hebbal,Hebbal Flyover,46065,41.0211832,1.5,100,100,1,142.13,22.07667139,82.71897189,64.81788068,120,Windy,No
24-01-2022,Yeshwanthpur,Tumkur Road,7129,41.98366116,1.183171598,18.29376585,36.78470306,0,64.258,50.4342228,74.36834988,91.17761133,215,Clear,No
25-01-2022,Indiranagar,100 Feet Road,20961,20,1.336363484,64.29477393,100,2,91.922,42.13868163,72.13143563,96.62774392,105,Clear,No
25-01-2022,Indiranagar,CMH Road,24321,45.53307421,1.224875524,85.36506553,100,1,98.642,52.89570849,97.53928633,83.08888662,82,Clear,No
25-01-2022,Koramangala,Sony World Junction,29069,32.11204697,1.5,93.99462034,100,2,108.138,37.66815208,67.27115469,57.84063527,111,Clear,No
25-01-2022,Electronic City,Silk Board Junction,19060,42.44069438,1.373721646,71.86174422,96.65414357,3,88.12,57.42066499,77.13831615,86.5748232,111,Overcast,No
25-01-2022,M.G. Road,Anil Kumble Circle,25628,38.09998983,1.5,92.31091317,100,2,101.256,32.76478374,61.57077657,63.59993027,128,Fog,No
25-01-2022,Hebbal,Ballari Road,30220,31.63621337,1.5,100,100,0,110.44,75.69708484,67.24733116,81.13767016,91,Clear,No
25-01-2022,Yeshwanthpur,Yeshwanthpur Circle,16992,40.24011398,1.359185859,48.32255325,83.89103908,0,83.984,11.16147364,86.46874731,80.1224721,89,Clear,No
26-01-2022,Indiranagar,100 Feet Road,22812,43.93778506,1.015756733,77.51899732,100,0,95.624,50.82766746,60.45210146,89.36859791,94,Clear,No
26-01-2022,Whitefield,ITPL Main Road,25420,32.32358909,1.5,82.22777274,100,0,100.84,39.82848666,93.29454159,90.28244027,91,Overcast,No
26-01-2022,Koramangala,Sony World Junction,47525,31.307928,1.5,100,100,1,145.05,44.47747665,77.68428139,66.72005895,97,Clear,No
26-01-2022,Electronic City,Silk Board Junction,10387,31.544166,1.163382233,38.21727767,47.50180432,0,70.774,37.43373941,87.88654769,59.67176715,206,Overcast,No
26-01-2022,M.G. Road,Trinity Circle,23066,39.98597853,1.268953537,83.40796036,100,2,96.132,61.65656632,74.41898021,83.56354126,93,Windy,No
26-01-2022,Yeshwanthpur,Tumkur Road,17057,62.66655489,1.170994582,53.46236002,85.92731817,1,84.114,75.41031271,87.56350615,91.16366063,102,Clear,No
27-01-2022,Indiranagar,100 Feet Road,50653,27.75753468,1.5,100,100,0,151.306,18.81686375,99.1660622,83.69194491,112,Rain,No
27-01-2022,Indiranagar,CMH Road,30838,53.27680983,1.5,98.31178722,100,2,111.676,53.7731119,89.88313069,60.93569445,80,Rain,No
27-01-2022,Whitefield,Marathahalli Bridge,23141,23.85133705,1.37154382,73.77609676,100,0,96.282,15.7119104,70.34366365,51.39261204,104,Clear,No
27-01-2022,Whitefield,ITPL Main Road,24554,54.37915538,1.225567827,81.85223737,100,0,99.108,52.0638404,73.63834286,95.86340333,97,Fog,No
27-01-2022,Koramangala,Sony World Junction,45333,36.52434767,1.5,100,100,2,140.666,29.03681916,68.71565519,83.09172926,104,Clear,No
27-01-2022,Koramangala,Sarjapur Road,39089,42.08718674,1.5,100,100,3,128.178,38.14190518,89.157568,88.9910442,86,Fog,No
27-01-2022,Electronic City,Hosur Road,7170,46.34296497,1.383052659,25.21489901,35.99461328,0,64.34,48.42109611,75.19916316,80.35676404,195,Clear,No
27-01-2022,Electronic City,Silk Board Junction,11936,47.74741903,1.212748707,47.25903724,64.635689,0,73.872,66.87316747,73.07764097,65.28719787,196,Rain,No
27-01-2022,M.G. Road,Trinity Circle,39649,24.74247316,1.5,100,100,5,129.298,11.79827514,71.38165543,72.15168532,103,Clear,No
27-01-2022,Jayanagar,Jayanagar 4th Block,30365,58.20040722,1.5,92.93730981,100,0,110.73,50.99113787,81.77379551,61.6870396,104,Clear,No
27-01-2022,Hebbal,Hebbal Flyover,21672,47.38829386,1.323969768,73.90260438,100,2,93.344,23.29552955,88.06953096,77.82323187,96,Clear,No
27-01-2022,Hebbal,Ballari Road,26920,47.30000573,1.5,93.24659138,100,3,103.84,27.56153699,64.8178936,79.22715566,80,Clear,No
28-01-2022,Indiranagar,100 Feet Road,22144,42.60623148,1.353309441,72.10984644,100,3,94.288,66.96063406,97.62015812,82.43826931,124,Clear,No
28-01-2022,Indiranagar,CMH Road,33499,31.38411419,1.5,100,100,2,116.998,48.66562965,83.80918931,93.59565306,102,Overcast,No
28-01-2022,Whitefield,Marathahalli Bridge,23387,53.03919331,1.118530321,70.82605581,100,2,96.774,75.76980123,90.2053447,79.33119591,111,Clear,No
28-01-2022,Koramangala,Sarjapur Road,61743,20,1.5,100,100,4,173.486,78.77648906,63.44528556,90.71933896,93,Clear,No
28-01-2022,Electronic City,Silk Board Junction,17296,53.07444718,1.086533111,56.50488025,81.96362711,2,84.592,34.71720223,91.99133458,77.73435124,111,Fog,No
28-01-2022,M.G. Road,Trinity Circle,61089,43.89037122,1.5,100,100,1,172.178,14.17109681,84.17437279,88.18461347,101,Rain,Yes
28-01-2022,M.G. Road,Anil Kumble Circle,24965,39.51833644,1.154682823,74.23967078,100,2,99.93,68.74026256,65.8130677,75.28483719,80,Clear,No
28-01-2022,Jayanagar,South End Circle,44414,40.96397069,1.5,100,100,2,138.828,21.89209513,65.07777655,56.16418896,100,Clear,No
28-01-2022,Yeshwanthpur,Yeshwanthpur Circle,12421,46.02074916,1.001674977,44.81202001,63.52319517,0,74.842,44.27508532,76.61772002,51.20025224,193,Clear,No
29-01-2022,Indiranagar,100 Feet Road,21212,39.33871411,1.038786268,64.28729942,100,1,92.424,43.2562911,96.89737135,53.63674739,93,Fog,No
29-01-2022,Indiranagar,CMH Road,46015,40.95644058,1.5,100,100,3,142.03,61.1609242,76.80044017,78.91798816,111,Overcast,Yes
29-01-2022,Whitefield,ITPL Main Road,17369,56.04070609,1.20784467,67.82719284,83.19717314,1,84.738,19.31068592,66.34947053,97.46365531,96,Clear,No
29-01-2022,Koramangala,Sony World Junction,41459,37.63546741,1.5,100,100,1,132.918,61.95899746,61.00796379,67.74159278,109,Clear,No
29-01-2022,Koramangala,Sarjapur Road,47061,49.66540859,1.5,100,100,1,144.122,51.95095009,80.54831421,64.4092263,93,Clear,No
29-01-2022,Electronic City,Silk Board Junction,18698,37.43236023,1.220212672,60.47397715,93.70377021,1,87.396,11.57951582,94.46659539,78.85585412,114,Overcast,No
29-01-2022,M.G. Road,Trinity Circle,46919,37.86955854,1.5,100,100,1,143.838,48.85936507,83.51966518,71.32498736,103,Clear,No
29-01-2022,M.G. Road,Anil Kumble Circle,24561,29.36910502,1.32474645,72.14724272,100,3,99.122,20.76485939,95.44685176,72.92592811,102,Rain,No
29-01-2022,Hebbal,Hebbal Flyover,38893,39.50891375,1.5,100,100,3,127.786,63.06282947,90.4002218,65.62990125,97,Windy,No
29-01-2022,Yeshwanthpur,Yeshwanthpur Circle,23280,55.54412112,1.38625559,75.47110672,100,3,96.56,45.31191592,72.48758946,71.37332641,104,Clear,No
29-01-2022,Yeshwanthpur,Tumkur Road,14218,45.75759343,1.148092874,52.41891182,75.05995289,1,78.436,76.94043171,75.06705762,66.96203306,172,Clear,No
30-01-2022,Indiranagar,100 Feet Road,46490,42.17283581,1.5,100,100,1,142.98,58.32259928,97.80096258,84.12702394,95,Rain,No
30-01-2022,Indiranagar,CMH Road,24746,48.1237821,1.054920013,91.53440171,100,4,99.492,70.09545182,65.26747614,85.25204532,107,Clear,No
30-01-2022,Whitefield,Marathahalli Bridge,7796,63.06516211,1.339639208,23.65460949,35.66278589,1,65.592,23.24370547,88.81535994,75.55568192,204,Overcast,No
30-01-2022,Koramangala,Sony World Junction,64872,45.57368305,1.5,100,100,1,179.744,38.54446241,95.45521448,52.35983508,104,Clear,No
30-01-2022,Koramangala,Sarjapur Road,41932,31.97038623,1.5,100,100,2,133.864,34.08641325,80.82175349,72.03324417,114,Clear,No
30-01-2022,Electronic City,Silk Board Junction,6995,62.0317261,1.166058262,21.76051134,37.82563921,0,63.99,67.41773233,85.94988456,70.94848869,198,Fog,No
30-01-2022,M.G. Road,Trinity Circle,38991,35.21060198,1.5,100,100,0,127.982,24.29694745,76.74780573,60.98174643,112,Clear,No
30-01-2022,M.G. Road,Anil Kumble Circle,38640,42.40407122,1.5,100,100,1,127.28,53.49314369,88.74872453,55.53017994,92,Clear,Yes
30-01-2022,Jayanagar,Jayanagar 4th Block,33230,20,1.5,100,100,2,116.46,64.46324145,78.42934401,99.44202707,108,Clear,No
30-01-2022,Hebbal,Hebbal Flyover,25736,29.8286292,1.5,92.16405208,100,1,101.472,31.5473405,69.64660857,61.67836805,81,Clear,No
30-01-2022,Hebbal,Ballari Road,15848,44.13930307,1.042720282,61.89472425,74.84226945,0,81.696,30.86463408,72.81605145,58.21434216,109,Rain,No
30-01-2022,Yeshwanthpur,Yeshwanthpur Circle,29940,30.32177817,1.5,100,100,3,109.88,69.77600175,60.52915252,75.58902283,116,Overcast,No
30-01-2022,Yeshwanthpur,Tumkur Road,11222,28.99728895,1.21782213,30.60426193,58.02246664,0,72.444,31.72159375,80.13380522,89.82202808,210,Clear,No
31-01-2022,Indiranagar,100 Feet Road,22992,44.05376207,1.10959524,85.75298935,100,1,95.984,22.53664575,75.68871174,97.3889849,88,Clear,No
31-01-2022,Indiranagar,CMH Road,39591,20.23932908,1.5,100,100,5,129.182,33.43523293,72.54812499,81.7822661,96,Clear,No
31-01-2022,Whitefield,Marathahalli Bridge,14771,37.90211008,1.119959037,52.09256808,74.86445485,1,79.542,67.67983563,68.16350645,73.45203738,214,Clear,No
31-01-2022,Whitefield,ITPL Main Road,22903,43.4870078,1.243925105,71.15940965,100,0,95.806,20.30142758,71.91908942,54.48797503,116,Clear,No
31-01-2022,Koramangala,Sony World Junction,62650,26.92860017,1.5,100,100,2,175.3,21.63605534,96.65956604,66.39190994,96,Clear,No
31-01-2022,M.G. Road,Trinity Circle,22934,43.03719349,1.297562075,84.83082729,100,3,95.868,34.61549106,96.38193892,78.44777416,108,Clear,No
31-01-2022,Jayanagar,Jayanagar 4th Block,27478,40.71408388,1.5,96.42587908,100,2,104.956,38.13133899,86.95024919,72.51751929,108,Rain,No
31-01-2022,Hebbal,Ballari Road,19766,61.64801829,1.086412576,75.23209047,100,4,89.532,59.50952383,70.0869151,72.33632344,86,Clear,Yes
31-01-2022,Yeshwanthpur,Tumkur Road,21544,57.14973511,1.0612578,76.37566208,100,4,93.088,55.39251898,62.73762837,94.86986592,86,Overcast,No
01-02-2022,Indiranagar,100 Feet Road,34763,44.13473732,1.5,100,100,2,119.526,40.12425727,66.61999099,85.33020645,101,Clear,No
01-02-2022,Indiranagar,CMH Road,26233,36.8641617,1.5,90.78188228,100,4,102.466,13.69786805,89.04339406,56.0651499,94,Clear,No
01-02-2022,Whitefield,Marathahalli Bridge,16695,45.86697699,1.291052455,64.10207514,86.09712058,0,83.39,23.44163584,86.66742608,81.1689783,103,Clear,No
01-02-2022,Koramangala,Sony World Junction,67693,27.2538503,1.5,100,100,4,185.386,32.95187958,89.48529656,51.83564717,99,Overcast,Yes
01-02-2022,Koramangala,Sarjapur Road,42409,34.68796511,1.5,100,100,2,134.818,40.04046444,62.99583368,55.30801768,111,Clear,No
01-02-2022,Electronic City,Silk Board Junction,21532,42.87421372,1.104963351,70.20758568,100,3,93.064,32.08732265,64.26494476,68.33991603,85,Windy,No
01-02-2022,M.G. Road,Anil Kumble Circle,41586,20.83772944,1.5,100,100,2,133.172,74.72492538,62.24897179,74.28171492,116,Clear,No
01-02-2022,Jayanagar,Jayanagar 4th Block,38802,63.14654444,1.5,100,100,3,127.604,57.818,97.30266835,78.78326265,87,Fog,No
01-02-2022,Yeshwanthpur,Tumkur Road,15527,56.2737401,1.120386528,45.43756211,80.19951088,0,81.054,25.80526865,84.66487913,52.01669261,95,Clear,No
02-02-2022,Indiranagar,100 Feet Road,25267,28.01800325,1.5,82.73344652,100,0,100.534,12.4101916,77.83302199,90.83276216,114,Clear,No
02-02-2022,Indiranagar,CMH Road,43605,49.20504287,1.5,100,100,4,137.21,65.85986247,89.54184214,53.18972781,97,Clear,No
02-02-2022,Koramangala,Sarjapur Road,64219,33.1311417,1.5,100,100,1,178.438,62.93345639,75.75020566,80.41056884,98,Clear,Yes
02-02-2022,Electronic City,Hosur Road,16635,34.60193469,1.159993207,46.59783687,84.00807248,1,83.27,51.84656094,86.5895682,70.96673402,106,Clear,Yes
02-02-2022,M.G. Road,Trinity Circle,13154,44.57631589,1.168294625,43.88557477,69.86930158,1,76.308,65.84632769,94.57465066,72.84440359,199,Windy,No
02-02-2022,M.G. Road,Anil Kumble Circle,48936,34.654782,1.5,100,100,3,147.872,13.82272122,98.87381205,75.63076221,94,Overcast,No
02-02-2022,Jayanagar,Jayanagar 4th Block,19972,37.88026773,1.188650546,61.12296541,96.52185,0,89.944,75.7947061,73.7210685,99.4062038,100,Overcast,No
02-02-2022,Hebbal,Ballari Road,9027,54.82319483,1.073720559,20.8772376,40.35346712,1,68.054,42.74044312,84.23587261,71.41759003,221,Clear,No
02-02-2022,Yeshwanthpur,Yeshwanthpur Circle,26775,42.34598128,1.5,91.55139508,100,3,103.55,77.12103112,65.71257218,78.9914788,93,Clear,No
02-02-2022,Yeshwanthpur,Tumkur Road,22482,20,1.103516963,71.26914262,100,3,94.964,49.95977554,96.38381564,50.30919113,84,Windy,No
03-02-2022,Indiranagar,100 Feet Road,27713,30.18234029,1.5,97.03987423,100,2,105.426,38.39516816,66.76647575,98.87282816,112,Rain,No
03-02-2022,Indiranagar,CMH Road,36829,35.08556081,1.5,100,100,1,123.658,36.91610696,73.87835802,71.59035476,109,Fog,No
03-02-2022,Whitefield,Marathahalli Bridge,28961,27.78815443,1.5,96.62672515,100,0,107.922,55.38082691,80.44375286,72.27589072,113,Clear,No
03-02-2022,Koramangala,Sarjapur Road,12738,35.9780956,1.346824073,37.33990605,68.35734228,1,75.476,34.36363688,95.82222963,98.33111104,198,Clear,No
03-02-2022,Electronic City,Hosur Road,13279,32.78922536,1.126253286,44.08372859,64.60233582,0,76.558,31.66286844,98.99617091,70.55567085,198,Windy,No
03-02-2022,M.G. Road,Trinity Circle,39786,28.90063706,1.5,100,100,2,129.572,12.12476639,93.75251455,73.01645253,91,Windy,Yes
03-02-2022,M.G. Road,Anil Kumble Circle,27628,56.85711665,1.5,84.60620318,100,1,105.256,38.78010355,88.1612581,60.87264661,96,Windy,No
03-02-2022,Jayanagar,South End Circle,7862,36.07170403,1.20237032,31.76122487,42.89322939,1,65.724,58.10640404,72.5133679,53.04527716,208,Clear,No
03-02-2022,Yeshwanthpur,Yeshwanthpur Circle,26137,20,1.5,91.66370387,100,3,102.274,74.05689181,66.25448567,87.58990818,102,Clear,No
04-02-2022,Indiranagar,100 Feet Road,36972,57.78243071,1.5,100,100,2,123.944,45.28929893,72.91239174,62.90538216,99,Overcast,No
04-02-2022,Indiranagar,CMH Road,25298,40.8177896,1.5,89.68195902,100,4,100.596,47.00951239,61.37507433,81.9481511,83,Clear,No
04-02-2022,Whitefield,Marathahalli Bridge,22498,49.3850177,1.041725235,67.90364299,100,0,94.996,42.70826972,64.26847276,82.47780034,113,Rain,Yes
04-02-2022,Whitefield,ITPL Main Road,7392,40.95638007,1.104019216,22.34116111,41.38982784,1,64.784,59.72460505,64.50012522,86.79602032,190,Clear,No
04-02-2022,Koramangala,Sony World Junction,32160,44.42788514,1.5,100,100,1,114.32,67.52875259,85.85239735,82.36710672,87,Windy,No
04-02-2022,Koramangala,Sarjapur Road,16081,40.43613539,1.280599641,52.79020645,75.95601535,0,82.162,42.83174578,97.14222132,82.05430518,94,Clear,No
04-02-2022,M.G. Road,Trinity Circle,42766,44.45869644,1.5,100,100,0,135.532,55.88569803,61.59188509,79.88411678,98,Clear,No
04-02-2022,Jayanagar,Jayanagar 4th Block,27932,20,1.5,86.95652968,100,3,105.864,69.06101549,77.52176304,67.11975616,101,Fog,No
04-02-2022,Jayanagar,South End Circle,20299,47.96576939,1.006999286,58.64342623,100,1,90.598,34.47300792,83.8538599,63.71064446,104,Fog,No
04-02-2022,Hebbal,Hebbal Flyover,21700,49.17680752,1.385093034,74.90027568,100,0,93.4,66.89956801,83.15025905,80.91425105,109,Overcast,Yes
04-02-2022,Yeshwanthpur,Tumkur Road,21598,44.19051794,1.013369429,73.58919021,100,1,93.196,26.47682833,79.77483244,95.7417475,91,Fog,No
05-02-2022,Indiranagar,CMH Road,34232,30.41361364,1.5,100,100,2,118.464,38.38301734,99.36357856,64.61244784,94,Clear,No
05-02-2022,Whitefield,ITPL Main Road,33173,27.57225155,1.5,100,100,4,116.346,23.18117674,72.14940185,54.65087046,88,Clear,No
05-02-2022,Koramangala,Sony World Junction,27712,40.41645688,1.5,84.3255341,100,4,105.424,57.39869844,87.3068461,81.43670075,93,Clear,No
05-02-2022,Koramangala,Sarjapur Road,64361,46.99875484,1.5,100,100,2,178.722,17.49203939,91.22797217,95.50980621,96,Clear,No
05-02-2022,Jayanagar,Jayanagar 4th Block,32454,43.51477238,1.5,99.52569226,100,3,114.908,60.35717089,61.12486025,68.76606729,104,Overcast,No
05-02-2022,Hebbal,Hebbal Flyover,29267,39.34296076,1.5,100,100,1,108.534,56.40018513,98.61794538,95.79071741,100,Clear,No
05-02-2022,Yeshwanthpur,Yeshwanthpur Circle,13430,40.01234813,1.326382316,42.33297881,63.03396967,0,76.86,78.6968334,85.18734381,70.80804732,215,Clear,Yes
05-02-2022,Yeshwanthpur,Tumkur Road,20982,52.84002779,1.337178193,68.8577324,100,1,91.964,35.28512413,85.49208626,53.53483041,96,Windy,No
06-02-2022,Indiranagar,100 Feet Road,37265,48.10191908,1.5,100,100,3,124.53,16.54915848,60.66686202,93.67671321,92,Fog,No
06-02-2022,Indiranagar,CMH Road,23468,55.36515584,1.304944485,71.10418977,100,0,96.936,51.06212162,78.21579621,75.90076745,107,Fog,No
06-02-2022,Koramangala,Sony World Junction,32192,39.25321308,1.5,100,100,3,114.384,24.29795276,85.0721052,67.93712553,100,Overcast,No
06-02-2022,Koramangala,Sarjapur Road,44299,61.38175257,1.5,100,100,2,138.598,76.65848102,81.3222116,81.57721893,101,Clear,Yes
06-02-2022,M.G. Road,Trinity Circle,25353,23.41586827,1.5,93.04170766,100,2,100.706,78.92031275,86.65629219,64.27020342,102,Windy,No
06-02-2022,M.G. Road,Anil Kumble Circle,27862,42.31909906,1.5,96.34172791,100,1,105.724,33.1640336,69.93149919,99.4006981,97,Rain,No
06-02-2022,Jayanagar,Jayanagar 4th Block,15112,40.17090161,1.007860593,57.96119447,80.21609831,0,80.224,33.69548156,60.28367251,84.01253442,111,Clear,No
06-02-2022,Hebbal,Hebbal Flyover,27021,20.54794736,1.5,95.46462837,100,3,104.042,43.87140852,95.90129306,95.38806218,84,Overcast,No
06-02-2022,Hebbal,Ballari Road,38147,42.6924564,1.5,100,100,1,126.294,50.30547298,85.80600333,50.84845647,126,Clear,Yes
07-02-2022,Indiranagar,100 Feet Road,48104,31.96435675,1.5,100,100,0,146.208,57.91047527,80.12881659,88.25744249,100,Rain,No
07-02-2022,Indiranagar,CMH Road,33627,35.34008096,1.5,100,100,5,117.254,19.27294594,81.87662055,77.31238001,84,Overcast,No
07-02-2022,Whitefield,Marathahalli Bridge,8584,41.29774408,1.051561034,33.01326939,38.9316562,1,67.168,65.22397741,69.34761795,81.96009147,188,Overcast,No
07-02-2022,Koramangala,Sony World Junction,27633,32.47236745,1.5,96.11695778,100,0,105.266,45.42978969,92.58500224,96.80815208,100,Clear,No
07-02-2022,M.G. Road,Trinity Circle,50643,46.66784993,1.5,100,100,2,151.286,44.0537936,73.36182194,55.34104965,94,Clear,No
07-02-2022,M.G. Road,Anil Kumble Circle,30299,53.33484577,1.5,98.12784509,100,2,110.598,27.04269308,78.31058451,87.97600744,91,Clear,No
07-02-2022,Jayanagar,South End Circle,28978,26.96051585,1.5,87.6389154,100,2,107.956,60.58785021,72.76901191,95.29558356,87,Clear,Yes
07-02-2022,Hebbal,Hebbal Flyover,39749,37.41240248,1.5,100,100,2,129.498,79.23877234,70.6018915,83.60297513,78,Clear,No
08-02-2022,Indiranagar,100 Feet Road,22330,30.50849477,1.302524039,75.22656911,100,0,94.66,17.16325257,76.41994855,96.65964585,104,Clear,No
08-02-2022,Indiranagar,CMH Road,45752,39.79360953,1.5,100,100,4,141.504,14.40352332,67.49387165,51.62353858,107,Clear,No
08-02-2022,Whitefield,Marathahalli Bridge,14625,31.49444036,1.101865506,48.52901853,72.19907881,1,79.25,19.95269635,62.11303576,81.29205975,200,Clear,No
08-02-2022,Whitefield,ITPL Main Road,13319,49.32216691,1.046532691,53.7990044,61.81481815,2,76.638,19.49386312,65.82514587,84.87158086,206,Overcast,No
08-02-2022,Koramangala,Sony World Junction,29150,39.99966692,1.5,88.61711301,100,3,108.3,76.34995971,70.34229055,66.86062452,97,Clear,No
08-02-2022,Koramangala,Sarjapur Road,31341,41.0379052,1.5,97.53825765,100,1,112.682,65.89174535,88.28913313,59.51908931,96,Rain,No
08-02-2022,M.G. Road,Trinity Circle,39337,43.56588442,1.5,100,100,6,128.674,48.08882014,89.62038085,87.84634226,103,Fog,No
08-02-2022,M.G. Road,Anil Kumble Circle,37493,24.92750142,1.5,100,100,4,124.986,18.43372757,94.06148688,57.83064074,84,Rain,No
08-02-2022,Jayanagar,South End Circle,32244,45.4006182,1.5,100,100,3,114.488,63.35312578,88.54429465,60.37557477,102,Clear,No
08-02-2022,Hebbal,Hebbal Flyover,21046,43.71973132,1.12788834,77.51529653,100,1,92.092,60.71905364,72.46049196,89.14618071,98,Fog,No
08-02-2022,Hebbal,Ballari Road,20878,22.55133226,1.323519778,66.82869957,100,1,91.756,29.42659634,97.33652508,86.17672867,102,Clear,No
09-02-2022,Indiranagar,100 Feet Road,11122,20.95450474,1.021083916,27.82465792,57.78181447,0,72.244,45.6094189,69.72498122,87.23753658,184,Clear,No
09-02-2022,Indiranagar,CMH Road,39145,39.87774821,1.5,100,100,3,128.29,10.51504807,80.72822929,51.87643288,102,Windy,No
09-02-2022,Whitefield,Marathahalli Bridge,30103,36.89203303,1.5,99.65784489,100,2,110.206,34.97393432,66.57081798,75.18597173,111,Clear,No
09-02-2022,Koramangala,Sony World Junction,15731,50.38434957,1.387145826,60.23339455,79.66034768,0,81.462,11.94887359,69.86625787,72.98073759,104,Fog,No
09-02-2022,Koramangala,Sarjapur Road,16508,39.79561015,1.277360341,64.83952141,80.31891126,0,83.016,33.06712896,77.62412456,92.84750649,105,Clear,No
09-02-2022,Electronic City,Hosur Road,19133,33.78469853,1.204835431,72.59047042,91.14281365,2,88.266,23.94098283,76.99176725,69.27762507,117,Clear,No
09-02-2022,M.G. Road,Trinity Circle,23642,42.80330548,1.379026051,84.14364462,100,6,97.284,48.6892723,64.58967833,56.3068829,101,Clear,No
09-02-2022,M.G. Road,Anil Kumble Circle,40475,35.41125069,1.5,100,100,4,130.95,73.46573079,67.64968516,80.77144575,97,Clear,No
09-02-2022,Hebbal,Hebbal Flyover,40230,28.28132589,1.5,100,100,7,130.46,18.19450891,81.12710886,56.3436414,103,Rain,Yes
09-02-2022,Hebbal,Ballari Road,29597,40.19358746,1.5,97.14410719,100,2,109.194,25.23898592,98.64085837,56.53171908,96,Clear,No
09-02-2022,Yeshwanthpur,Yeshwanthpur Circle,6726,44.85729647,1.033906462,28.57251739,36.34473345,2,63.452,13.66330001,91.31394472,92.27554054,213,Clear,No
10-02-2022,Indiranagar,CMH Road,25264,28.7725244,1.5,77.95147926,100,1,100.528,68.46708421,74.61467366,92.08077299,102,Overcast,Yes
10-02-2022,Whitefield,Marathahalli Bridge,17493,48.25577817,1.183976781,60.44946233,84.34999853,2,84.986,44.63781661,63.44464442,77.95683282,100,Clear,No
10-02-2022,Koramangala,Sony World Junction,15794,54.73622249,1.146514554,43.70538538,81.5193254,1,81.588,32.64672296,67.35251558,78.84680617,88,Rain,No
10-02-2022,Koramangala,Sarjapur Road,44625,35.15697796,1.5,100,100,0,139.25,59.47625173,96.80152656,63.53418022,96,Overcast,No
10-02-2022,Electronic City,Silk Board Junction,15594,20.45026459,1.019659356,45.80124279,80.87513608,0,81.188,31.11635691,75.36076296,92.71997567,108,Clear,No
10-02-2022,M.G. Road,Anil Kumble Circle,33872,47.29755131,1.5,100,100,0,117.744,19.03455874,81.47436586,96.8285109,94,Fog,No
10-02-2022,Jayanagar,Jayanagar 4th Block,16311,51.42372592,1.148508368,54.40398332,83.80968168,0,82.622,38.44564837,79.40291637,77.0413532,110,Overcast,No
10-02-2022,Jayanagar,South End Circle,23831,42.43054875,1.266306096,79.9301128,100,3,97.662,41.48627935,90.25424219,89.70672809,100,Clear,No
11-02-2022,Indiranagar,100 Feet Road,44136,29.61426327,1.5,100,100,1,138.272,19.44849403,71.84707062,78.61419073,98,Fog,No
11-02-2022,Indiranagar,CMH Road,22683,49.62453986,1.052127195,72.52254074,100,1,95.366,19.21966746,94.34979874,81.68916424,92,Clear,No
11-02-2022,Whitefield,Marathahalli Bridge,36452,24.06892439,1.5,100,100,2,122.904,65.30919616,68.71123207,83.85189074,110,Fog,No
11-02-2022,Whitefield,ITPL Main Road,34393,20,1.5,100,100,2,118.786,75.09452342,81.80333651,83.07331027,115,Clear,No
11-02-2022,Electronic City,Silk Board Junction,15723,35.21259164,1.308907023,43.92054172,81.89081217,0,81.446,51.72447518,63.58608925,66.86795392,110,Clear,No
11-02-2022,M.G. Road,Trinity Circle,27309,35.9315878,1.5,81.10660581,100,2,104.618,49.91310511,94.47375293,73.85549088,97,Clear,No
11-02-2022,M.G. Road,Anil Kumble Circle,14225,43.16590013,1.228926074,57.40081265,68.99346646,0,78.45,21.18246222,66.56254353,64.2593298,219,Clear,No
11-02-2022,Jayanagar,South End Circle,29999,26.01830617,1.5,99.06499128,100,0,109.998,34.85106863,79.27600668,75.15667774,94,Overcast,No
12-02-2022,Indiranagar,100 Feet Road,23302,25.41824571,1.114231846,86.90556218,100,0,96.604,46.87720162,62.28396314,55.52715832,91,Clear,No
12-02-2022,Indiranagar,CMH Road,32273,23.74412886,1.5,100,100,0,114.546,65.68810743,79.08585504,56.54405693,92,Overcast,No
12-02-2022,Whitefield,Marathahalli Bridge,25826,29.42869427,1.5,80.03151999,100,3,101.652,45.80679486,96.74086122,95.20568302,88,Rain,No
12-02-2022,Koramangala,Sarjapur Road,29289,22.0036233,1.5,96.60702731,100,0,108.578,25.87310322,97.25961548,95.42050536,109,Clear,No
12-02-2022,Electronic City,Hosur Road,21483,46.96742324,1.363602236,80.76533316,100,2,92.966,22.57558526,83.12288408,97.89896766,100,Rain,No
12-02-2022,M.G. Road,Trinity Circle,27173,28.25585686,1.5,85.88841863,100,1,104.346,42.58408807,97.72783399,96.58657124,91,Clear,No
12-02-2022,M.G. Road,Anil Kumble Circle,51289,41.55892138,1.5,100,100,1,152.578,32.40416949,76.87096968,61.48581418,90,Rain,No
12-02-2022,Jayanagar,Jayanagar 4th Block,18837,48.59535944,1.193226498,61.11141341,98.96353694,0,87.674,25.0751498,71.67468708,58.63786591,96,Rain,No
12-02-2022,Hebbal,Hebbal Flyover,23998,56.39975115,1.015823003,78.05410849,100,3,97.996,39.89787125,65.15017749,97.38118293,99,Fog,No
12-02-2022,Hebbal,Ballari Road,41557,43.26249423,1.5,100,100,1,133.114,26.0069526,95.2998042,51.00608609,108,Clear,Yes
12-02-2022,Yeshwanthpur,Tumkur Road,24552,55.36157261,1.382392024,82.46679906,100,3,99.104,68.9788151,74.48726411,83.02348607,99,Rain,Yes
13-02-2022,Indiranagar,100 Feet Road,40743,30.93331558,1.5,100,100,0,131.486,23.58901393,81.46430037,96.74110202,111,Clear,No
13-02-2022,Indiranagar,CMH Road,22426,37.15503928,1.033351622,83.32348837,100,3,94.852,12.71596183,67.47090113,91.56229025,108,Clear,No
13-02-2022,Whitefield,Marathahalli Bridge,14663,37.187275,1.322362337,44.4701438,70.23021322,0,79.326,70.59515255,69.65398815,53.92681214,194,Clear,No
13-02-2022,Koramangala,Sarjapur Road,41833,31.4631424,1.5,100,100,3,133.666,28.54769431,77.94530366,76.88460643,105,Clear,No
13-02-2022,Electronic City,Hosur Road,29805,27.60585568,1.5,89.75682164,100,4,109.61,44.33143677,64.78987154,90.13281221,92,Overcast,No
13-02-2022,M.G. Road,Trinity Circle,39819,25.01787741,1.5,100,100,1,129.638,35.55332967,77.29748667,81.15862123,82,Clear,No
13-02-2022,M.G. Road,Anil Kumble Circle,36481,47.16968863,1.5,100,100,2,122.962,55.7795955,84.74340596,65.49235584,83,Overcast,No
13-02-2022,Jayanagar,Jayanagar 4th Block,20320,48.19789995,1.017464371,62.46599596,100,0,90.64,24.0979372,98.36096704,80.67009233,93,Clear,No
13-02-2022,Hebbal,Hebbal Flyover,29493,42.68648088,1.5,92.13554742,100,2,108.986,58.48009601,82.8759009,95.37315882,86,Overcast,No
13-02-2022,Hebbal,Ballari Road,9063,33.16157359,1.378048979,25.86334721,44.92368735,1,68.126,44.0509671,89.54156158,93.34276065,205,Clear,No
13-02-2022,Yeshwanthpur,Yeshwanthpur Circle,21614,43.88986538,1.287983816,77.12294093,100,3,93.228,77.36557215,95.60882682,63.51742952,111,Clear,No
14-02-2022,Indiranagar,100 Feet Road,40343,44.38640023,1.5,100,100,2,130.686,26.92351552,79.32056451,94.34157697,96,Clear,No
14-02-2022,Whitefield,ITPL Main Road,22537,30.63746135,1.312033609,80.54782964,100,3,95.074,52.35498774,82.39562127,74.32025178,100,Overcast,No
14-02-2022,Koramangala,Sony World Junction,42146,31.5817818,1.5,100,100,2,134.292,38.46455688,75.32657874,89.73314462,99,Clear,No
14-02-2022,Koramangala,Sarjapur Road,50133,40.23960512,1.5,100,100,2,150.266,31.15936903,95.80340691,98.60267373,112,Overcast,No
14-02-2022,Electronic City,Hosur Road,18175,38.96141069,1.135421611,60.05203201,92.00670361,1,86.35,40.38342079,92.77711415,95.27910688,86,Clear,Yes
14-02-2022,M.G. Road,Anil Kumble Circle,53801,32.3824171,1.5,100,100,0,157.602,13.07167619,88.81492851,72.2239989,92,Rain,Yes
14-02-2022,Jayanagar,South End Circle,17359,20.9493045,1.141998046,54.27757663,91.43416012,1,84.718,40.11231359,95.00034799,65.07280932,84,Rain,No
14-02-2022,Hebbal,Hebbal Flyover,17508,50.2251007,1.201628032,59.25763372,85.3750719,2,85.016,15.45957065,64.24520077,74.63906729,88,Clear,No
14-02-2022,Hebbal,Ballari Road,31711,31.68568629,1.5,96.51504758,100,3,113.422,77.68058852,81.0637977,65.1640513,96,Windy,Yes
15-02-2022,Indiranagar,CMH Road,41665,33.35758015,1.5,100,100,2,133.33,50.14442347,68.60975282,93.0812475,121,Clear,No
15-02-2022,Whitefield,Marathahalli Bridge,16914,65.98221475,1.377616511,54.30554525,86.50863342,0,83.828,45.88033511,70.71097258,72.74753884,99,Overcast,No
15-02-2022,Whitefield,ITPL Main Road,20230,46.68513402,1.304185843,77.1319155,100,2,90.46,41.76925947,81.62443977,92.48000875,99,Clear,No
15-02-2022,Koramangala,Sony World Junction,64412,49.41942402,1.5,100,100,0,178.824,15.50883726,81.09243583,70.1392767,103,Clear,No
15-02-2022,M.G. Road,Trinity Circle,14861,35.53724368,1.009878919,55.74184928,74.6707819,0,79.722,14.31255897,66.49993662,94.75169294,208,Clear,No
15-02-2022,M.G. Road,Anil Kumble Circle,35316,29.08721991,1.5,100,100,1,120.632,39.6929539,77.86754887,62.70736401,111,Clear,No
15-02-2022,Jayanagar,Jayanagar 4th Block,8109,51.27611213,1.276030142,24.83752892,39.70274801,0,66.218,35.73959557,64.02479909,65.4815905,207,Clear,No
15-02-2022,Jayanagar,South End Circle,16685,38.02281096,1.111840573,48.1648281,84.81762883,0,83.37,19.39416984,85.79026906,66.98303102,106,Clear,No
15-02-2022,Hebbal,Hebbal Flyover,25045,30.52800607,1.5,85.56343329,100,3,100.09,27.99672626,79.17819913,68.36388506,116,Clear,No
16-02-2022,Indiranagar,100 Feet Road,38008,38.12996305,1.5,100,100,0,126.016,71.00862995,77.86958101,67.14832599,87,Clear,No
16-02-2022,Indiranagar,CMH Road,36303,39.69578897,1.5,100,100,1,122.606,49.86376717,94.4445408,53.91691089,82,Clear,No
16-02-2022,Koramangala,Sony World Junction,31288,35.81988814,1.5,100,100,4,112.576,17.90007013,84.37871053,91.02882197,93,Fog,Yes
16-02-2022,Koramangala,Sarjapur Road,50020,39.41746736,1.5,100,100,3,150.04,15.92541275,64.77086688,61.22911913,100,Fog,No
16-02-2022,M.G. Road,Trinity Circle,26268,28.51699673,1.5,97.34433367,100,0,102.536,64.56721773,70.10344027,91.48219027,97,Clear,No
16-02-2022,M.G. Road,Anil Kumble Circle,32480,43.95205235,1.5,100,100,1,114.96,60.44314035,80.01220625,94.70497681,117,Overcast,Yes
16-02-2022,Jayanagar,Jayanagar 4th Block,28340,28.61414175,1.5,84.63376075,100,5,106.68,10.08990979,64.80637035,76.72772724,105,Fog,No
16-02-2022,Jayanagar,South End Circle,18997,52.53735637,1.357904795,55.67447832,99.88722535,0,87.994,10.82459134,99.89691756,64.05369427,105,Clear,No
16-02-2022,Hebbal,Hebbal Flyover,31403,23.29719294,1.5,100,100,1,112.806,73.13412755,75.88747545,62.26396525,98,Fog,No
16-02-2022,Hebbal,Ballari Road,35289,37.26263317,1.5,100,100,5,120.578,52.2255495,73.0232453,99.17986499,105,Clear,No
16-02-2022,Yeshwanthpur,Yeshwanthpur Circle,5034,39.12884729,1.175319443,12.0338662,21.81717747,1,60.068,24.01079479,72.78357705,79.59039538,174,Clear,No
17-02-2022,Indiranagar,100 Feet Road,35163,55.53140184,1.5,100,100,3,120.326,29.41987144,85.71208201,84.64005993,113,Fog,No
17-02-2022,Indiranagar,CMH Road,43926,40.98099155,1.5,100,100,0,137.852,13.74042217,97.5020135,76.49378128,103,Clear,No
17-02-2022,Whitefield,ITPL Main Road,15317,50.34543613,1.237193899,59.77655025,78.36622502,0,80.634,58.26739462,73.75918545,63.86292082,104,Clear,Yes
17-02-2022,Koramangala,Sony World Junction,48663,36.33958381,1.5,100,100,1,147.326,15.06634752,98.16526566,61.16277005,117,Windy,No
17-02-2022,Electronic City,Hosur Road,17511,36.2880697,1.373471562,59.2177312,87.82956464,0,85.022,10.05526578,92.40560363,54.37872815,104,Clear,No
17-02-2022,Electronic City,Silk Board Junction,19529,37.73640692,1.120492518,64.36448684,98.63930542,0,89.058,61.9146473,72.10561363,83.118593,88,Clear,No
17-02-2022,M.G. Road,Trinity Circle,40655,31.55901972,1.5,100,100,1,131.31,37.40759697,88.53286918,82.97116234,104,Clear,No
17-02-2022,M.G. Road,Anil Kumble Circle,35988,43.34749723,1.5,100,100,0,121.976,33.8733511,92.13218294,94.86492479,100,Clear,No
17-02-2022,Jayanagar,Jayanagar 4th Block,27443,33.54062564,1.5,99.96103536,100,2,104.886,40.02212019,86.09056024,86.35655984,89,Clear,Yes
17-02-2022,Jayanagar,South End Circle,33130,31.55413464,1.5,100,100,2,116.26,25.61630129,62.26062763,55.16974683,98,Clear,No
17-02-2022,Yeshwanthpur,Tumkur Road,17158,38.8824036,1.180655598,64.32793226,90.23094786,0,84.316,49.2486137,63.80226147,60.02345239,97,Overcast,No
18-02-2022,Indiranagar,100 Feet Road,33207,50.27429387,1.5,100,100,1,116.414,42.52826279,92.82943363,80.72705091,111,Clear,Yes
18-02-2022,Indiranagar,CMH Road,33978,44.57537163,1.5,100,100,1,117.956,19.54597735,67.86754233,52.76661936,90,Rain,No
18-02-2022,Whitefield,ITPL Main Road,20583,63.67462004,1.261511169,66.35100024,100,0,91.166,13.78333391,78.28921678,77.48111506,114,Overcast,No
18-02-2022,Koramangala,Sony World Junction,27828,31.89778993,1.5,92.83140149,100,3,105.656,44.3318086,70.30782593,94.24633734,102,Clear,No
18-02-2022,Koramangala,Sarjapur Road,61164,31.36426705,1.5,100,100,3,172.328,10.16432317,69.79199492,84.02915465,86,Clear,No
18-02-2022,Electronic City,Silk Board Junction,5395,49.97788309,1.328720584,23.36834452,27.9422299,0,60.79,28.3756023,64.87556848,75.48785335,203,Clear,No
18-02-2022,M.G. Road,Trinity Circle,50451,24.02560423,1.5,100,100,4,150.902,52.21097044,62.28530877,94.68870939,101,Overcast,No
18-02-2022,M.G. Road,Anil Kumble Circle,48902,31.13695502,1.5,100,100,0,147.804,29.24269608,61.31199497,71.01676946,104,Overcast,No
18-02-2022,Jayanagar,Jayanagar 4th Block,39242,44.00707719,1.5,100,100,2,128.484,40.70701878,91.28007302,89.1976259,99,Overcast,No
18-02-2022,Jayanagar,South End Circle,16554,41.50704532,1.109263848,49.37038449,82.3232875,1,83.108,60.41875468,87.49132018,54.78770993,117,Clear,No
18-02-2022,Hebbal,Hebbal Flyover,36221,27.13695947,1.5,100,100,3,122.442,72.58639585,79.91476722,92.09043545,110,Clear,No
18-02-2022,Yeshwanthpur,Yeshwanthpur Circle,19387,56.23039298,1.256883855,59.53596481,93.02779445,1,88.774,28.99669766,94.20437688,67.32346435,93,Fog,No
18-02-2022,Yeshwanthpur,Tumkur Road,23920,51.23895943,1.159053994,76.45958788,100,3,97.84,76.40578566,66.79033993,98.28265874,95,Clear,No
19-02-2022,Indiranagar,100 Feet Road,38723,40.06420775,1.5,100,100,2,127.446,31.96475003,65.6737759,60.69006053,85,Rain,No
19-02-2022,Indiranagar,CMH Road,14098,31.14590608,1.390431333,47.63942061,74.54321828,0,78.196,23.37363081,77.63019774,79.23784042,195,Overcast,No
19-02-2022,Whitefield,Marathahalli Bridge,26527,42.54958766,1.5,88.41570157,100,3,103.054,61.17720881,69.68733782,58.58549945,101,Rain,No
19-02-2022,Koramangala,Sony World Junction,14634,50.04270748,1.311348762,50.95143186,77.87904711,0,79.268,57.70224288,62.5414289,69.81236734,191,Fog,No
19-02-2022,Koramangala,Sarjapur Road,59067,40.48126329,1.5,100,100,1,168.134,76.01144968,91.80291525,59.06251278,106,Clear,No
19-02-2022,Electronic City,Silk Board Junction,11020,41.41544493,1.145275649,27.77870668,56.95538621,0,72.04,23.63556619,92.64134009,90.12803741,199,Rain,No
19-02-2022,M.G. Road,Trinity Circle,36701,30.3873295,1.5,100,100,3,123.402,33.4505999,68.2913009,68.8898412,94,Clear,No
19-02-2022,M.G. Road,Anil Kumble Circle,27314,33.60731293,1.5,88.59170638,100,1,104.628,14.09756201,72.21653994,57.88305134,89,Clear,No
19-02-2022,Jayanagar,Jayanagar 4th Block,21510,51.15967006,1.118043544,76.36803699,100,1,93.02,72.84570645,73.99581855,77.56586953,96,Clear,No
19-02-2022,Jayanagar,South End Circle,28206,48.2099579,1.5,85.95834654,100,3,106.412,59.71212866,87.09367384,51.22134415,97,Rain,No
20-02-2022,Indiranagar,CMH Road,39196,32.41954484,1.5,100,100,2,128.392,22.84205193,90.33614692,51.0993261,110,Rain,No
20-02-2022,Koramangala,Sony World Junction,30290,27.96289601,1.5,100,100,2,110.58,11.85128318,73.42228807,98.80100788,113,Clear,No
20-02-2022,Koramangala,Sarjapur Road,15019,36.9756996,1.38777575,53.92752418,70.80416191,0,80.038,63.99262003,93.6575904,80.88472931,104,Overcast,No
20-02-2022,Electronic City,Hosur Road,16413,40.08121308,1.135099199,53.07898994,82.15038891,0,82.826,28.94722242,61.16682674,80.25508111,97,Overcast,No
20-02-2022,M.G. Road,Trinity Circle,24040,51.54128002,1.176491868,71.43334911,100,0,98.08,73.21682549,94.56922409,73.22913822,107,Overcast,No
20-02-2022,M.G. Road,Anil Kumble Circle,38934,42.07231374,1.5,100,100,2,127.868,42.74307617,98.72290012,87.64930965,110,Clear,No
20-02-2022,Jayanagar,South End Circle,30474,37.20897656,1.5,97.92510433,100,1,110.948,21.09753109,92.50772174,56.63019954,92,Clear,No
20-02-2022,Hebbal,Hebbal Flyover,27359,37.6918092,1.5,84.32329543,100,3,104.718,21.95321984,69.07348409,78.77505092,98,Clear,No
20-02-2022,Yeshwanthpur,Yeshwanthpur Circle,18570,46.87800338,1.242406001,53.69263547,97.44235435,1,87.14,59.28730525,83.58916144,72.49563905,100,Clear,No
21-02-2022,Indiranagar,100 Feet Road,12061,28.77534669,1.151983981,39.17303789,65.1114822,0,74.122,41.65280576,65.34062205,52.39788662,212,Fog,No
21-02-2022,Indiranagar,CMH Road,23213,37.37582049,1.046751504,87.09383547,100,0,96.426,23.9357619,83.50812913,53.20217619,92,Clear,No
21-02-2022,Whitefield,Marathahalli Bridge,17194,33.63550061,1.166486812,50.90651911,87.86109081,0,84.388,70.10704385,64.69903596,89.2833301,105,Rain,No
21-02-2022,Koramangala,Sony World Junction,46399,33.79491803,1.5,100,100,4,142.798,40.57440185,80.80722946,64.74655679,93,Clear,No
21-02-2022,Electronic City,Hosur Road,19107,46.24285695,1.001208349,58.648649,99.81291479,2,88.214,16.40380706,80.55503339,61.57914956,89,Clear,No
21-02-2022,M.G. Road,Trinity Circle,52064,36.43306305,1.5,100,100,1,154.128,29.64449059,98.88918837,57.66824137,107,Clear,No
21-02-2022,M.G. Road,Anil Kumble Circle,28624,44.36102435,1.5,99.17394371,100,3,107.248,69.23357063,78.09293911,71.2194509,88,Clear,Yes
21-02-2022,Jayanagar,Jayanagar 4th Block,30217,49.28760162,1.5,100,100,3,110.434,19.53753956,95.50252287,73.53811962,114,Rain,No
21-02-2022,Hebbal,Hebbal Flyover,28502,46.97168027,1.5,92.7690958,100,1,107.004,55.37464242,76.52777915,70.28096951,105,Clear,No
21-02-2022,Yeshwanthpur,Yeshwanthpur Circle,31246,38.31918448,1.5,100,100,3,112.492,37.52193042,75.51057314,64.34334375,93,Clear,No
21-02-2022,Yeshwanthpur,Tumkur Road,13816,43.24836264,1.307368428,53.75363982,66.29527152,0,77.632,42.92268336,94.94301223,88.13995264,200,Overcast,Yes
22-02-2022,Indiranagar,100 Feet Road,49188,51.67256842,1.5,100,100,3,148.376,70.28625591,66.18739393,72.57735114,97,Clear,No
22-02-2022,Indiranagar,CMH Road,35250,31.31550125,1.5,100,100,0,120.5,11.04989503,66.44400093,99.80063917,89,Overcast,Yes
22-02-2022,Whitefield,ITPL Main Road,35905,23.67850859,1.5,100,100,0,121.81,38.64747016,71.56772608,90.44888748,110,Rain,No
22-02-2022,Koramangala,Sarjapur Road,30525,20,1.5,100,100,0,111.05,60.30226185,68.54946752,59.84768151,97,Clear,No
22-02-2022,M.G. Road,Trinity Circle,25651,45.01530424,1.5,83.74520553,100,3,101.302,22.42372845,70.08892537,90.53652326,122,Clear,No
22-02-2022,M.G. Road,Anil Kumble Circle,26884,27.49270393,1.5,90.28784161,100,0,103.768,66.57099343,67.04777625,80.31083211,95,Clear,Yes
22-02-2022,Jayanagar,Jayanagar 4th Block,21742,36.49115911,1.10552243,62.71473204,100,0,93.484,77.40093458,83.57883212,73.55862797,102,Overcast,No
22-02-2022,Jayanagar,South End Circle,21386,45.30675176,1.201287683,62.64259458,100,1,92.772,56.48880175,77.06367604,94.45596779,112,Rain,No
22-02-2022,Hebbal,Hebbal Flyover,18430,52.11045304,1.155412459,68.74787808,94.3942234,0,86.86,25.03211517,74.23873563,64.20520746,89,Clear,No
22-02-2022,Hebbal,Ballari Road,37084,33.10985702,1.5,100,100,2,124.168,13.7752808,80.66186042,75.23697377,88,Clear,No
22-02-2022,Yeshwanthpur,Tumkur Road,13177,50.41444099,1.131026518,38.12119018,65.80375959,0,76.354,56.99576062,80.92632599,94.93194642,184,Fog,No
23-02-2022,Indiranagar,100 Feet Road,22280,36.09431189,1.222494558,72.4948853,100,0,94.56,78.15844944,69.22554561,88.64369682,95,Overcast,No
23-02-2022,Indiranagar,CMH Road,34513,20,1.5,100,100,2,119.026,19.84573375,88.66527747,71.86408241,97,Clear,No
23-02-2022,Whitefield,Marathahalli Bridge,23595,28.04037992,1.396806388,82.38300847,100,2,97.19,18.60378278,68.12282372,70.09759623,112,Rain,No
23-02-2022,Koramangala,Sony World Junction,43085,32.58048475,1.5,100,100,0,136.17,71.49715244,72.07338644,82.5148487,95,Clear,No
23-02-2022,Koramangala,Sarjapur Road,47072,35.17969507,1.5,100,100,2,144.144,50.14497095,94.14519714,62.09638641,113,Fog,No
23-02-2022,M.G. Road,Trinity Circle,50081,34.69747338,1.5,100,100,0,150.162,24.99902665,62.57962722,78.71467699,104,Overcast,No
23-02-2022,M.G. Road,Anil Kumble Circle,12282,62.09207154,1.226222993,43.92161204,59.91236614,1,74.564,57.00582651,60.1743832,96.23255527,180,Clear,No
23-02-2022,Jayanagar,Jayanagar 4th Block,25501,34.38770625,1.5,81.39637458,100,3,101.002,16.97647455,70.89868736,91.58926501,95,Clear,No
23-02-2022,Jayanagar,South End Circle,38829,42.76931692,1.5,100,100,5,127.658,71.07239706,68.62559051,54.19020795,99,Overcast,No
23-02-2022,Yeshwanthpur,Yeshwanthpur Circle,20003,48.18068163,1.237732694,68.54887756,96.65684964,0,90.006,78.60363601,75.74876679,61.37108644,89,Rain,No
23-02-2022,Yeshwanthpur,Tumkur Road,21714,35.67628757,1.184944579,70.18132131,100,5,93.428,50.38714051,70.98178339,91.20472452,95,Rain,No
24-02-2022,Indiranagar,100 Feet Road,48571,20,1.5,100,100,4,147.142,14.67251784,64.65782096,79.82372888,93,Clear,No
24-02-2022,Indiranagar,CMH Road,31883,46.7994213,1.5,100,100,2,113.766,58.75550284,75.04167164,97.13048551,110,Clear,No
24-02-2022,Whitefield,Marathahalli Bridge,24414,26.13871296,1.06614817,90.93425626,100,5,98.828,33.84031562,72.04636079,78.91148931,100,Clear,No
24-02-2022,Whitefield,ITPL Main Road,7779,43.72593128,1.041509883,32.18856811,34.28373697,1,65.558,71.00819765,79.39969138,65.27882297,201,Clear,No
24-02-2022,Koramangala,Sarjapur Road,28192,48.96021365,1.5,100,100,1,106.384,69.22834299,89.42871947,60.58583892,88,Windy,No
24-02-2022,Electronic City,Silk Board Junction,13160,45.91301171,1.206694418,50.24881319,66.27127643,0,76.32,32.05057926,83.02198031,97.5296983,217,Clear,No
24-02-2022,Jayanagar,South End Circle,22044,42.61068179,1.202011218,64.08993096,100,2,94.088,46.20052536,74.79995544,87.03899336,109,Fog,No
24-02-2022,Hebbal,Hebbal Flyover,33503,27.24955037,1.5,100,100,2,117.006,52.85110613,77.31892199,53.55122838,100,Clear,No
24-02-2022,Hebbal,Ballari Road,9831,51.03645739,1.230562221,38.61006252,47.39813664,1,69.662,30.3905623,65.78842545,90.56152792,188,Overcast,No
25-02-2022,Indiranagar,100 Feet Road,36474,35.33443468,1.5,100,100,4,122.948,77.32337348,76.63144248,80.05413327,92,Clear,No
25-02-2022,Indiranagar,CMH Road,32188,46.54693767,1.5,100,100,1,114.376,77.31483446,80.4587016,86.69601851,97,Clear,No
25-02-2022,Koramangala,Sony World Junction,27430,34.84761953,1.5,83.95604906,100,4,104.86,63.84189087,74.74249876,98.00059404,110,Clear,No
25-02-2022,Koramangala,Sarjapur Road,29623,31.47315101,1.5,92.74079283,100,2,109.246,40.0525936,76.31539707,55.69726347,105,Fog,No
25-02-2022,Electronic City,Hosur Road,25746,39.01207163,1.5,77.68574769,100,5,101.492,43.34368054,97.31384885,53.80423634,100,Fog,No
25-02-2022,M.G. Road,Anil Kumble Circle,41621,35.78439246,1.5,100,100,0,133.242,51.24871371,81.2847189,63.31888207,97,Clear,No
25-02-2022,Jayanagar,Jayanagar 4th Block,17834,52.69968731,1.293794816,56.79014296,84.35880879,0,85.668,44.73536356,87.59857429,66.73676633,106,Fog,No
25-02-2022,Hebbal,Hebbal Flyover,28122,25.21745062,1.5,84.58668985,100,1,106.244,63.95701652,73.08884733,62.1097946,89,Clear,No
26-02-2022,Indiranagar,100 Feet Road,10949,35.27701755,1.058406762,32.28023174,52.84265314,0,71.898,56.45931352,75.24402054,85.97351157,193,Clear,Yes
26-02-2022,Indiranagar,CMH Road,36263,36.75386125,1.5,100,100,4,122.526,45.84163724,81.95367022,76.9163186,102,Overcast,No
26-02-2022,Koramangala,Sony World Junction,32421,34.82726762,1.5,100,100,1,114.842,61.22432665,66.58936036,67.56779673,93,Fog,No
26-02-2022,Koramangala,Sarjapur Road,14497,56.78865937,1.259413664,52.83112537,69.58160922,1,78.994,40.01075992,67.29340734,97.1150469,211,Clear,No
26-02-2022,M.G. Road,Trinity Circle,35142,29.94510245,1.5,100,100,2,120.284,47.90543975,93.73711183,88.08713532,104,Clear,No
26-02-2022,Jayanagar,Jayanagar 4th Block,9531,49.56599849,1.065060887,38.85691966,49.52267796,0,69.062,68.11751349,76.76996997,59.69969781,191,Clear,No
26-02-2022,Yeshwanthpur,Yeshwanthpur Circle,7816,34.41431722,1.163779175,33.57961273,37.05979795,0,65.632,31.04589484,83.12300197,68.79691877,201,Overcast,No
27-02-2022,Indiranagar,100 Feet Road,44916,49.34408045,1.5,100,100,2,139.832,58.08491917,71.76013554,77.99465508,94,Clear,No
27-02-2022,Indiranagar,CMH Road,21542,45.30146399,1.268389884,76.88542036,100,1,93.084,51.87277119,70.57617192,76.38122284,100,Clear,No
27-02-2022,Whitefield,Marathahalli Bridge,29081,44.42409295,1.5,100,100,2,108.162,59.0798792,71.62571877,64.8746335,94,Clear,Yes
27-02-2022,Koramangala,Sony World Junction,28766,21.52004216,1.5,95.40479322,100,3,107.532,41.39797846,85.04979291,57.31865333,90,Clear,No
27-02-2022,M.G. Road,Trinity Circle,12904,62.30321815,1.325272859,52.10608637,68.77788549,1,75.808,35.20994799,78.60141299,84.49480017,220,Overcast,No
27-02-2022,Jayanagar,South End Circle,17324,38.72579266,1.24567349,63.83307319,90.61250307,1,84.648,23.04217436,63.98904815,68.16622378,100,Clear,No
27-02-2022,Hebbal,Ballari Road,31672,34.11600083,1.5,99.86803584,100,4,113.344,16.19656207,84.35996444,64.41059842,89,Clear,Yes
28-02-2022,Indiranagar,100 Feet Road,36715,52.84882399,1.5,100,100,3,123.43,42.24794814,95.63296526,54.72312129,96,Clear,No
28-02-2022,Indiranagar,CMH Road,36263,30.59725363,1.5,100,100,2,122.526,17.51527829,65.82514954,51.67189928,99,Clear,No
28-02-2022,Koramangala,Sony World Junction,60047,25.19211992,1.5,100,100,1,170.094,58.34907276,81.36110922,68.9580432,95,Overcast,No
28-02-2022,Electronic City,Silk Board Junction,5859,39.74841469,1.1348951,23.88874047,31.72321502,0,61.718,25.4786284,70.97047401,77.38059921,183,Overcast,No
28-02-2022,M.G. Road,Trinity Circle,42529,29.16277866,1.5,100,100,2,135.058,36.28490354,79.91026254,67.15577582,92,Clear,No
28-02-2022,M.G. Road,Anil Kumble Circle,14189,51.67245147,1.325531653,47.16685032,67.99868185,1,78.378,27.23895139,96.13631023,55.2185729,209,Clear,Yes
28-02-2022,Jayanagar,Jayanagar 4th Block,22281,34.47452808,1.238142289,81.71409058,100,1,94.562,58.67479755,64.22898242,83.24038793,93,Overcast,Yes
28-02-2022,Jayanagar,South End Circle,9235,20,1.128664989,23.42656888,44.93887538,1,68.47,47.15254217,83.59337578,60.03081856,191,Clear,No
28-02-2022,Yeshwanthpur,Tumkur Road,21740,57.99176581,1.102001461,67.71767127,100,0,93.48,62.12225753,61.90071029,60.96476413,106,Clear,No
01-03-2022,Indiranagar,100 Feet Road,26871,20,1.5,98.53106564,100,2,103.742,11.67828132,72.52101419,90.99340738,101,Clear,No
01-03-2022,Indiranagar,CMH Road,47746,39.82790124,1.5,100,100,2,145.492,62.0451775,81.27953273,90.45172751,109,Fog,No
01-03-2022,Whitefield,Marathahalli Bridge,15991,44.58740347,1.140973093,54.40153001,76.83541093,1,81.982,25.85007236,79.22856226,74.94255119,91,Clear,No
01-03-2022,Koramangala,Sony World Junction,43076,39.18188964,1.5,100,100,1,136.152,18.79628019,65.5351425,87.40808995,99,Fog,No
01-03-2022,Koramangala,Sarjapur Road,16031,30.91080897,1.003737981,44.09620554,83.67387982,1,82.062,58.15739881,91.69826677,65.33971416,95,Clear,No
01-03-2022,Electronic City,Hosur Road,12665,31.66851992,1.370105857,35.15459804,68.03354198,2,75.33,54.38385392,90.43565892,99.30139641,185,Clear,No
01-03-2022,M.G. Road,Trinity Circle,39495,35.12521864,1.5,100,100,2,128.99,75.65208833,81.69435802,88.41999645,84,Clear,Yes
01-03-2022,M.G. Road,Anil Kumble Circle,47130,40.19871018,1.5,100,100,3,144.26,19.15896529,87.03246543,77.99415828,109,Rain,No
01-03-2022,Jayanagar,Jayanagar 4th Block,16935,52.04129848,1.310920859,65.59214192,86.64295514,0,83.87,42.2270323,74.57639464,67.65023755,104,Rain,No
01-03-2022,Jayanagar,South End Circle,34796,20,1.5,100,100,2,119.592,79.6861514,64.75410314,50.74749856,114,Fog,No
01-03-2022,Yeshwanthpur,Yeshwanthpur Circle,20316,35.59984068,1.339188677,65.07316092,100,0,90.632,55.21660718,98.91577558,52.78677633,102,Clear,Yes
02-03-2022,Indiranagar,100 Feet Road,24147,56.93586535,1.373310565,86.61033009,100,0,98.294,39.94764196,67.89945127,95.53989555,89,Clear,No
02-03-2022,Indiranagar,CMH Road,40261,26.77664529,1.5,100,100,3,130.522,57.13740353,95.65130659,90.19423544,90,Fog,Yes
02-03-2022,Koramangala,Sarjapur Road,47806,40.08312956,1.5,100,100,1,145.612,49.08691343,96.69395606,69.57398652,112,Clear,Yes
02-03-2022,M.G. Road,Trinity Circle,41110,34.22178564,1.5,100,100,0,132.22,40.37546747,71.11331598,93.49529669,103,Clear,Yes
02-03-2022,M.G. Road,Anil Kumble Circle,49397,31.73352437,1.5,100,100,3,148.794,10.85258848,86.45352455,64.46762051,92,Clear,No
02-03-2022,Jayanagar,Jayanagar 4th Block,23911,60.75137321,1.100523075,73.02734407,100,3,97.822,51.16603721,82.82758646,74.21330991,101,Clear,No
02-03-2022,Jayanagar,South End Circle,26733,28.11275843,1.5,82.83489877,100,4,103.466,31.84009143,96.39294563,93.52002316,102,Clear,Yes
02-03-2022,Hebbal,Ballari Road,22660,43.79412812,1.049845683,82.6864531,100,2,95.32,36.15485729,73.31648385,58.80769563,103,Overcast,Yes
03-03-2022,Indiranagar,100 Feet Road,49220,36.63286053,1.5,100,100,0,148.44,10.48703111,69.60506482,55.04035986,93,Clear,No
03-03-2022,Indiranagar,CMH Road,36902,42.67590077,1.5,100,100,6,123.804,49.38980803,63.98923889,96.09778151,87,Clear,No
03-03-2022,Whitefield,ITPL Main Road,7825,58.60168131,1.361506905,24.2802868,39.37434084,0,65.65,41.33367109,91.00763077,76.33844536,192,Clear,No
03-03-2022,Koramangala,Sony World Junction,32629,46.16134289,1.5,100,100,4,115.258,78.80614451,70.96544669,60.1328461,98,Windy,No
03-03-2022,Koramangala,Sarjapur Road,43455,34.96725621,1.5,100,100,2,136.91,25.48936137,66.45667951,68.59973799,96,Fog,No
03-03-2022,Electronic City,Hosur Road,24733,45.44802456,1.135102395,86.50396733,100,1,99.466,32.37326879,66.70486255,63.1440351,100,Clear,No
03-03-2022,M.G. Road,Trinity Circle,39974,40.80567687,1.5,100,100,5,129.948,53.67619023,78.4128556,51.97259765,104,Clear,Yes
03-03-2022,M.G. Road,Anil Kumble Circle,58576,21.52213025,1.5,100,100,4,167.152,29.61514849,62.12482497,89.77909183,98,Clear,No
03-03-2022,Jayanagar,South End Circle,19844,39.34741261,1.366190752,58.65892074,98.4044679,0,89.688,44.87055042,78.30527498,75.94447658,87,Clear,No
03-03-2022,Hebbal,Hebbal Flyover,35776,23.96749295,1.5,100,100,2,121.552,54.80341579,79.7917742,92.4566124,113,Clear,No
03-03-2022,Hebbal,Ballari Road,9739,48.70598414,1.371712261,36.81202235,51.3215349,0,69.478,26.39360979,80.85071015,58.60499263,192,Clear,No
03-03-2022,Yeshwanthpur,Tumkur Road,7225,45.61162568,1.132485526,16.4564474,36.82887325,2,64.45,32.05395476,81.67520693,54.56224207,207,Windy,No
04-03-2022,Indiranagar,100 Feet Road,38842,41.74694978,1.5,100,100,3,127.684,65.97050509,83.22479042,88.65450708,95,Clear,No
04-03-2022,Indiranagar,CMH Road,32571,26.09195734,1.5,100,100,2,115.142,58.93191898,70.11647222,52.02439122,97,Clear,No
04-03-2022,Koramangala,Sony World Junction,48448,47.24389287,1.5,100,100,0,146.896,42.97579955,75.91812225,65.50736105,99,Clear,No
04-03-2022,Koramangala,Sarjapur Road,69293,31.28943285,1.5,100,100,2,188.586,74.78705252,93.15719565,55.44999949,85,Clear,No
04-03-2022,Electronic City,Hosur Road,17452,65.2486894,1.391307794,65.65540925,85.85070779,0,84.904,69.19384101,96.44937241,91.03136967,92,Overcast,No
04-03-2022,M.G. Road,Trinity Circle,52401,32.86044571,1.5,100,100,2,154.802,48.69892572,70.12981452,97.78106899,92,Clear,No
04-03-2022,Jayanagar,South End Circle,8120,50.11730964,1.314546954,22.06780184,39.77048728,0,66.24,70.11697403,65.06177835,78.28224412,182,Overcast,No
04-03-2022,Hebbal,Hebbal Flyover,32927,64.9281057,1.5,100,100,0,115.854,67.47773694,77.4202011,53.61742549,109,Clear,No
05-03-2022,Indiranagar,100 Feet Road,13161,40.63433949,1.146501202,45.90097013,66.86816947,0,76.322,73.31317491,80.12913382,73.2392103,185,Overcast,No
05-03-2022,Indiranagar,CMH Road,37812,30.89970588,1.5,100,100,0,125.624,78.2923478,94.73295855,94.66180736,114,Rain,No
05-03-2022,Whitefield,Marathahalli Bridge,30619,35.79649583,1.5,100,100,1,111.238,21.11968844,67.82665183,98.64886902,88,Clear,No
05-03-2022,Whitefield,ITPL Main Road,21950,52.41808741,1.115466521,81.92642398,100,1,93.9,39.27848566,82.37207488,59.3705644,98,Clear,No
05-03-2022,Koramangala,Sarjapur Road,58269,56.85730617,1.5,100,100,2,166.538,34.10996324,87.74965195,87.9780917,93,Clear,No
05-03-2022,M.G. Road,Trinity Circle,51304,48.38592138,1.5,100,100,0,152.608,46.67952172,80.20231201,76.26252324,89,Clear,No
05-03-2022,M.G. Road,Anil Kumble Circle,42365,37.29094832,1.5,100,100,2,134.73,13.50131746,79.48998241,67.77183404,92,Fog,No
05-03-2022,Jayanagar,Jayanagar 4th Block,30093,45.57801008,1.5,95.23955819,100,1,110.186,52.85163545,66.66182354,76.43149188,103,Clear,Yes
05-03-2022,Jayanagar,South End Circle,30081,28.69179006,1.5,98.90465648,100,2,110.162,18.51111447,82.24229341,66.34888116,98,Clear,No
06-03-2022,Indiranagar,100 Feet Road,40234,20,1.5,100,100,0,130.468,72.4478411,61.23132409,87.41981781,78,Clear,No
06-03-2022,Indiranagar,CMH Road,33106,34.48882737,1.5,100,100,5,116.212,21.14981261,77.41557585,70.0949354,102,Fog,No
06-03-2022,Whitefield,Marathahalli Bridge,31359,32.56589697,1.5,95.46159884,100,4,112.718,69.17934412,71.8720082,67.71328607,87,Clear,No
06-03-2022,Whitefield,ITPL Main Road,18030,48.32376834,1.030008836,68.01302461,93.17675813,0,86.06,64.37377899,85.03386664,70.4571894,92,Fog,No
06-03-2022,Koramangala,Sony World Junction,13610,43.81658376,1.083353472,48.59274591,72.16256152,0,77.22,24.54244911,85.94987749,93.55935232,211,Clear,No
06-03-2022,Koramangala,Sarjapur Road,30499,20,1.5,100,100,0,110.998,22.09527563,74.30562198,64.53719329,103,Windy,No
06-03-2022,M.G. Road,Trinity Circle,43890,38.70340267,1.5,100,100,3,137.78,62.5567967,70.62176739,78.59348447,115,Overcast,No
06-03-2022,M.G. Road,Anil Kumble Circle,53773,36.82106032,1.5,100,100,3,157.546,47.71735571,77.84457229,78.2409157,99,Overcast,No
06-03-2022,Jayanagar,Jayanagar 4th Block,16843,47.95140979,1.363554976,50.44378472,81.26093614,0,83.686,10.97871991,90.87221874,93.75172656,103,Clear,No
06-03-2022,Hebbal,Hebbal Flyover,24661,39.66995918,1.182366375,73.62746768,100,2,99.322,76.85689893,67.72059942,94.13710381,99,Clear,No
06-03-2022,Hebbal,Ballari Road,23539,57.48468039,1.215231817,81.70705105,100,3,97.078,78.07601375,61.50224279,64.25665876,90,Clear,No
06-03-2022,Yeshwanthpur,Yeshwanthpur Circle,22012,51.75751882,1.157851628,70.82271211,100,1,94.024,35.49069734,94.09461397,87.827633,103,Clear,No
07-03-2022,Indiranagar,100 Feet Road,24956,39.22771274,1.091594874,83.71951194,100,4,99.912,39.8510664,84.2477415,77.88823795,104,Rain,No
07-03-2022,Indiranagar,CMH Road,23799,45.46478669,1.16314401,83.43069045,100,3,97.598,43.77160293,83.89397204,73.6231057,106,Clear,No
07-03-2022,Whitefield,Marathahalli Bridge,17558,51.59340995,1.080987017,67.7075466,87.81402793,2,85.116,15.95305349,68.79964508,50.44074166,107,Fog,No
07-03-2022,Koramangala,Sony World Junction,28003,20,1.5,90.31738955,100,0,106.006,34.58519137,93.48959998,53.33985386,84,Clear,No
07-03-2022,Koramangala,Sarjapur Road,43576,38.19811635,1.5,100,100,3,137.152,40.08217668,79.76171468,52.76088134,124,Rain,No
07-03-2022,Electronic City,Hosur Road,24325,56.78843444,1.091576934,73.51579115,100,1,98.65,77.64865073,82.99813973,94.49655279,104,Overcast,No
07-03-2022,M.G. Road,Trinity Circle,26533,45.85177848,1.5,96.2251813,100,0,103.066,45.06785113,74.99858196,81.29291985,109,Clear,No
07-03-2022,M.G. Road,Anil Kumble Circle,54192,36.29367671,1.5,100,100,1,158.384,77.86685663,61.54739833,87.67519506,101,Clear,No
07-03-2022,Jayanagar,Jayanagar 4th Block,17468,50.56874722,1.179890164,59.10191579,83.34231878,1,84.936,15.65454497,75.49164695,80.01012735,100,Clear,No
07-03-2022,Hebbal,Hebbal Flyover,45091,20,1.5,100,100,1,140.182,31.86841284,80.57532986,79.43797318,109,Rain,No
07-03-2022,Hebbal,Ballari Road,28622,40.81723365,1.5,85.5210853,100,3,107.244,17.44718838,79.80686369,80.46113314,93,Clear,No
07-03-2022,Yeshwanthpur,Yeshwanthpur Circle,22638,40.34297165,1.168116104,77.00154885,100,2,95.276,64.26022544,77.32320814,59.60209968,116,Clear,Yes
08-03-2022,Indiranagar,100 Feet Road,21726,32.25388709,1.272063419,63.58267582,100,0,93.452,79.97712437,66.86090775,88.57732287,91,Overcast,No
08-03-2022,Indiranagar,CMH Road,39430,36.84858654,1.5,100,100,3,128.86,20.46560477,83.07638141,82.8747115,90,Overcast,No
08-03-2022,Koramangala,Sony World Junction,58801,51.85223511,1.5,100,100,3,167.602,24.96872226,61.51131872,52.15069822,113,Rain,No
08-03-2022,M.G. Road,Trinity Circle,47772,43.64571972,1.5,100,100,1,145.544,32.03499366,62.09395067,97.43280789,104,Rain,No
08-03-2022,M.G. Road,Anil Kumble Circle,40531,37.01738655,1.5,100,100,1,131.062,73.48109823,79.37891236,73.01634924,102,Clear,No
08-03-2022,Jayanagar,Jayanagar 4th Block,19696,51.48252656,1.378075904,67.82342559,96.02626867,2,89.392,58.6948151,96.9726542,85.61970142,96,Clear,No
08-03-2022,Jayanagar,South End Circle,20215,50.66602148,1.395281397,64.3106034,100,1,90.43,60.23519104,90.19914933,54.44877679,112,Clear,Yes
08-03-2022,Hebbal,Hebbal Flyover,26315,44.06787273,1.5,83.07000186,100,1,102.63,31.01589781,81.2443769,70.41109113,93,Overcast,No
08-03-2022,Hebbal,Ballari Road,22944,52.95487695,1.156811814,84.57859034,100,4,95.888,33.26169375,78.8217874,65.72587861,106,Fog,No
08-03-2022,Yeshwanthpur,Yeshwanthpur Circle,25375,47.69255672,1.5,89.26582421,100,2,100.75,55.90441112,85.66479995,60.47431114,102,Overcast,No
09-03-2022,Indiranagar,100 Feet Road,34407,22.84727424,1.5,100,100,3,118.814,69.58975486,91.02618541,64.40747445,95,Clear,No
09-03-2022,Indiranagar,CMH Road,50717,27.89863393,1.5,100,100,3,151.434,11.56111934,84.3802049,68.39161122,97,Clear,No
09-03-2022,Whitefield,Marathahalli Bridge,20497,53.10863733,1.129900244,75.01930318,100,2,90.994,24.61221177,79.43282235,54.29868676,112,Overcast,No
09-03-2022,Koramangala,Sony World Junction,45116,36.30239084,1.5,100,100,5,140.232,56.707138,71.33590778,82.00451983,103,Clear,No
09-03-2022,Koramangala,Sarjapur Road,29026,44.43597776,1.5,96.51453646,100,1,108.052,52.45204429,90.21355718,95.08266934,117,Clear,Yes
09-03-2022,Electronic City,Silk Board Junction,16968,46.21461064,1.334637512,51.53486533,84.16227075,1,83.936,40.8901462,62.62511981,70.07217746,97,Fog,No
09-03-2022,M.G. Road,Trinity Circle,40414,47.71899545,1.5,100,100,1,130.828,47.03722874,95.04813449,73.1247137,93,Overcast,No
09-03-2022,M.G. Road,Anil Kumble Circle,25710,50.41972348,1.5,82.72287381,100,5,101.42,76.67158842,60.99503528,68.84177805,115,Clear,No
09-03-2022,Jayanagar,South End Circle,27928,42.01710058,1.5,87.18266774,100,1,105.856,16.29770952,82.53534963,55.68812312,87,Clear,No
09-03-2022,Yeshwanthpur,Yeshwanthpur Circle,13553,47.8203621,1.378913729,42.02281236,67.16851774,1,77.106,32.25575308,82.15323663,86.53534422,165,Clear,No
10-03-2022,Indiranagar,100 Feet Road,36665,21.17104081,1.5,100,100,0,123.33,76.79809091,65.69144874,85.42391266,81,Clear,No
10-03-2022,Koramangala,Sony World Junction,46429,33.46739447,1.5,100,100,1,142.858,76.16320058,72.54941035,72.12945117,86,Clear,No
10-03-2022,Koramangala,Sarjapur Road,56997,40.14377137,1.5,100,100,2,163.994,37.89806001,66.79546699,69.1532838,113,Windy,No
10-03-2022,Electronic City,Hosur Road,11400,55.13401931,1.001749593,33.47743639,57.97628993,1,72.8,17.73789551,96.88370614,87.55741839,204,Clear,No
10-03-2022,M.G. Road,Trinity Circle,39921,34.48764164,1.5,100,100,3,129.842,74.22673091,78.00497091,87.21518587,99,Clear,No
10-03-2022,M.G. Road,Anil Kumble Circle,35632,44.72710393,1.5,100,100,3,121.264,21.88548477,86.10107511,80.60396591,109,Fog,No
10-03-2022,Jayanagar,Jayanagar 4th Block,26533,23.44292425,1.5,96.06728012,100,2,103.066,50.67743713,80.23933317,69.93206676,86,Clear,Yes
10-03-2022,Jayanagar,South End Circle,17611,51.65877824,1.303143249,59.30828386,90.09585669,0,85.222,75.9333481,81.20353988,91.56620356,96,Rain,Yes
10-03-2022,Hebbal,Hebbal Flyover,20344,45.45722796,1.185761163,74.16329846,100,4,90.688,48.1505891,68.95588933,72.1958349,99,Overcast,No
10-03-2022,Hebbal,Ballari Road,41689,23.71365486,1.5,100,100,1,133.378,39.65852064,72.28599801,95.25440617,113,Clear,No
10-03-2022,Yeshwanthpur,Yeshwanthpur Circle,17905,51.68353968,1.34303507,50.85515109,86.67981983,1,85.81,59.20759645,67.30652195,80.49343675,107,Overcast,No
10-03-2022,Yeshwanthpur,Tumkur Road,17412,47.74475802,1.161092948,54.90861176,86.06902723,1,84.824,75.82213073,71.74705653,70.78517891,109,Clear,Yes
11-03-2022,Indiranagar,100 Feet Road,24681,52.4371582,1.136366564,83.14068757,100,2,99.362,33.46562261,61.68179184,79.91188799,112,Fog,No
11-03-2022,Indiranagar,CMH Road,25517,39.48078341,1.5,88.77375651,100,1,101.034,49.92702697,90.25910715,55.52895935,111,Rain,No
11-03-2022,Whitefield,Marathahalli Bridge,30896,25.36239402,1.5,100,100,4,111.792,66.70485158,79.25104602,72.53117126,98,Overcast,No
11-03-2022,Koramangala,Sony World Junction,46711,44.94414528,1.5,100,100,2,143.422,69.40113599,76.56274478,62.6848415,113,Overcast,No
11-03-2022,Koramangala,Sarjapur Road,45746,31.08843628,1.5,100,100,0,141.492,30.06614739,91.25960973,57.5793956,104,Rain,No
11-03-2022,Electronic City,Hosur Road,12625,50.7376711,1.255821531,45.35866806,62.26700554,0,75.25,64.91090794,87.14852945,73.64022321,221,Clear,No
11-03-2022,M.G. Road,Trinity Circle,27262,23.48773342,1.5,88.57415809,100,4,104.524,21.69700614,61.33572819,69.28583564,115,Clear,No
11-03-2022,M.G. Road,Anil Kumble Circle,38486,34.33887606,1.5,100,100,2,126.972,13.494574,64.62226795,53.56835069,108,Clear,No
11-03-2022,Yeshwanthpur,Yeshwanthpur Circle,17074,59.14110391,1.192679935,54.9264903,90.23180312,1,84.148,60.91047341,70.78246773,55.00846631,96,Clear,No
11-03-2022,Yeshwanthpur,Tumkur Road,21741,53.86579493,1.38011362,82.44500069,100,4,93.482,64.72221012,74.21358833,78.71351901,111,Clear,No
12-03-2022,Indiranagar,100 Feet Road,22597,34.67994344,1.246753629,76.00536714,100,1,95.194,45.17707387,70.84711143,97.38012508,99,Fog,No
12-03-2022,Indiranagar,CMH Road,26937,38.81724745,1.5,98.35017484,100,3,103.874,16.29147961,65.27719303,74.77545887,85,Clear,No
12-03-2022,Koramangala,Sony World Junction,42580,51.7720051,1.5,100,100,0,135.16,58.6785004,70.10970675,65.57028225,86,Clear,No
12-03-2022,Koramangala,Sarjapur Road,46833,27.33533569,1.5,100,100,2,143.666,43.26592269,77.97405267,85.42895625,104,Fog,No
12-03-2022,M.G. Road,Trinity Circle,50301,38.97637502,1.5,100,100,1,150.602,47.33366804,94.31980891,86.83751105,91,Clear,No
12-03-2022,Jayanagar,South End Circle,27486,25.3550318,1.5,86.59383619,100,2,104.972,10.71636995,60.88638142,50.41748688,86,Clear,No
12-03-2022,Hebbal,Hebbal Flyover,22266,46.44221757,1.271224151,70.14164178,100,6,94.532,54.90992069,92.72848005,50.28260524,99,Clear,No
12-03-2022,Hebbal,Ballari Road,19072,34.01813616,1.149385687,73.43674913,100,0,88.144,60.81781455,62.06981919,51.50960077,120,Clear,No
13-03-2022,Indiranagar,100 Feet Road,37514,32.72278997,1.5,100,100,3,125.028,75.51686076,66.58964153,52.10752085,99,Fog,No
13-03-2022,Indiranagar,CMH Road,26793,39.44968315,1.5,81.17656241,100,0,103.586,51.55568056,95.46937568,83.5331658,115,Clear,No
13-03-2022,Whitefield,Marathahalli Bridge,33299,39.79939741,1.5,100,100,3,116.598,73.74287552,60.5932065,90.45516084,120,Clear,Yes
13-03-2022,Whitefield,ITPL Main Road,19043,34.97896075,1.249769971,69.98884012,99.5827395,1,88.086,54.44399647,94.25197307,74.53048442,91,Clear,No
13-03-2022,Koramangala,Sony World Junction,31063,20,1.5,100,100,0,112.126,18.6757436,79.96846014,66.84823939,94,Overcast,No
13-03-2022,Koramangala,Sarjapur Road,16686,38.09859162,1.302532715,61.21924405,83.20877306,0,83.372,10.7719659,97.06228461,80.16539392,92,Overcast,No
13-03-2022,Electronic City,Hosur Road,26860,31.06648875,1.5,79.61587643,100,1,103.72,58.28888984,82.62257302,53.87428987,89,Clear,No
13-03-2022,M.G. Road,Trinity Circle,40676,30.9536148,1.5,100,100,1,131.352,48.44089836,88.87412642,99.66863941,87,Rain,No
14-03-2022,Indiranagar,100 Feet Road,20041,65.26817116,1.351103337,58.80396675,97.78240061,1,90.082,32.45350898,75.48621576,81.12968983,98,Clear,No
14-03-2022,Indiranagar,CMH Road,11027,45.79579547,1.156691105,38.54210189,52.89185897,0,72.054,64.23051358,97.87164689,55.02202089,192,Clear,No
14-03-2022,Whitefield,Marathahalli Bridge,16322,60.37137811,1.371187625,52.98169483,85.30812366,0,82.644,78.54737951,98.39337526,66.45683528,114,Clear,No
14-03-2022,Whitefield,ITPL Main Road,37734,20,1.5,100,100,1,125.468,62.43809053,82.60693025,72.39456724,94,Clear,No
14-03-2022,Koramangala,Sony World Junction,53718,37.61261709,1.5,100,100,1,157.436,35.04017355,93.77622449,72.66498693,107,Clear,No
14-03-2022,Electronic City,Hosur Road,14352,31.684917,1.302797904,52.83053218,71.85874056,1,78.704,18.67163957,82.57767367,97.61506923,213,Rain,No
14-03-2022,M.G. Road,Trinity Circle,50385,43.29149035,1.5,100,100,2,150.77,71.27303578,67.57424911,77.39354053,102,Clear,No
14-03-2022,M.G. Road,Anil Kumble Circle,28059,54.8247045,1.5,95.77299643,100,1,106.118,19.59417785,93.962835,80.82396793,90,Overcast,No
14-03-2022,Jayanagar,South End Circle,19640,40.32261316,1.303572779,61.40827766,97.46552854,0,89.28,17.77367111,88.91048131,63.37559287,82,Overcast,No
14-03-2022,Hebbal,Ballari Road,31082,35.72288347,1.5,100,100,3,112.164,52.93732996,70.90124676,63.70869288,86,Clear,No
14-03-2022,Yeshwanthpur,Tumkur Road,29880,36.03381996,1.5,100,100,2,109.76,11.04371849,65.17612002,62.58322175,98,Clear,No
15-03-2022,Indiranagar,100 Feet Road,21835,41.61330946,1.150727842,75.34698542,100,1,93.67,52.98218389,94.43420112,87.66067194,101,Clear,No
15-03-2022,Indiranagar,CMH Road,53009,46.36455574,1.5,100,100,1,156.018,29.45454075,95.61257825,77.49942079,97,Fog,No
15-03-2022,Koramangala,Sony World Junction,39924,42.95714448,1.5,100,100,1,129.848,57.56556159,72.61956826,89.62508409,87,Clear,Yes
15-03-2022,M.G. Road,Trinity Circle,39777,35.0474336,1.5,100,100,3,129.554,32.98464517,63.01088964,53.66803798,90,Fog,No
15-03-2022,M.G. Road,Anil Kumble Circle,11298,48.74062088,1.245973671,47.20375478,52.60314321,0,72.596,43.11661767,98.74455261,88.59048881,221,Windy,No
15-03-2022,Jayanagar,Jayanagar 4th Block,35353,32.79946493,1.5,100,100,5,120.706,49.27770761,81.34034345,91.17265269,108,Fog,No
15-03-2022,Jayanagar,South End Circle,16150,47.68775789,1.369613797,45.3867816,85.0500672,1,82.3,37.35252434,89.63237459,80.07355504,105,Clear,No
15-03-2022,Hebbal,Hebbal Flyover,32963,27.24393639,1.5,100,100,0,115.926,10.80028737,77.09802133,70.51687972,92,Clear,No
15-03-2022,Hebbal,Ballari Road,20247,51.14961232,1.137800742,70.00334361,100,2,90.494,22.06773003,88.78655702,80.72405041,105,Clear,No
15-03-2022,Yeshwanthpur,Yeshwanthpur Circle,20804,49.48317562,1.387739846,62.15313706,100,0,91.608,65.30518889,91.34811955,55.63035745,116,Rain,No
16-03-2022,Indiranagar,CMH Road,24004,31.24914767,1.317291871,73.01640622,100,1,98.008,56.33424111,78.67997678,90.60166465,88,Clear,No
16-03-2022,Koramangala,Sony World Junction,27079,36.87941776,1.5,96.48645857,100,1,104.158,64.23794367,73.49318124,81.65534114,78,Clear,No
16-03-2022,Koramangala,Sarjapur Road,26713,21.93098771,1.5,84.73934082,100,1,103.426,60.02812146,81.09196533,95.04339472,94,Clear,No
16-03-2022,Electronic City,Silk Board Junction,19698,44.39920807,1.104323371,69.31487679,100,1,89.396,67.92366718,74.40470862,80.006197,88,Clear,No
16-03-2022,M.G. Road,Trinity Circle,38194,38.56629616,1.5,100,100,0,126.388,17.85480775,82.92511693,89.04872004,96,Clear,No
16-03-2022,M.G. Road,Anil Kumble Circle,38531,47.57084892,1.5,100,100,2,127.062,72.05714695,82.49130011,62.60493298,124,Clear,No
16-03-2022,Jayanagar,Jayanagar 4th Block,39022,37.09169811,1.5,100,100,0,128.044,45.55034263,99.93227722,84.74826344,94,Fog,Yes
16-03-2022,Hebbal,Hebbal Flyover,19647,29.65875307,1.169947171,61.26774599,94.95718322,2,89.294,30.71558774,69.79235846,60.8832938,87,Rain,No
16-03-2022,Yeshwanthpur,Yeshwanthpur Circle,11786,58.34506133,1.085049276,36.77338974,56.65084158,0,73.572,68.10972316,94.12445557,60.98751501,172,Clear,No
16-03-2022,Yeshwanthpur,Tumkur Road,15183,50.69374157,1.08283393,47.3282769,72.25738419,0,80.366,79.45202001,86.22375805,77.10482546,108,Overcast,Yes
17-03-2022,Indiranagar,100 Feet Road,36346,34.70233512,1.5,100,100,2,122.692,79.26953658,66.30754688,75.81699094,109,Clear,No
17-03-2022,Indiranagar,CMH Road,32671,52.12711411,1.5,99.22672413,100,0,115.342,10.08425297,84.64394249,59.45085337,90,Clear,No
17-03-2022,Whitefield,Marathahalli Bridge,27755,44.15823782,1.5,87.62129101,100,0,105.51,39.83060839,97.83377636,60.88645171,92,Rain,No
17-03-2022,Koramangala,Sarjapur Road,31940,22.41735371,1.5,100,100,5,113.88,57.47278092,96.08776474,69.28661639,109,Clear,No
17-03-2022,Electronic City,Hosur Road,23764,45.47034364,1.048700799,81.10281043,100,0,97.528,47.91490555,75.51380399,55.05382462,108,Clear,No
17-03-2022,Electronic City,Silk Board Junction,18179,46.23754643,1.352586706,63.37064856,89.77159901,0,86.358,15.27250025,61.25828781,84.77378021,98,Clear,No
17-03-2022,M.G. Road,Trinity Circle,42525,30.91126632,1.5,100,100,4,135.05,28.27467599,71.14829382,95.46801634,104,Clear,No
17-03-2022,M.G. Road,Anil Kumble Circle,37102,25.08227354,1.5,100,100,4,124.204,14.49368402,81.51692125,85.93945174,91,Overcast,No
17-03-2022,Jayanagar,South End Circle,23961,27.40041118,1.066248024,73.95146117,100,2,97.922,29.95696496,78.20206819,64.53251647,92,Clear,No
17-03-2022,Hebbal,Ballari Road,33582,48.01102063,1.5,100,100,3,117.164,15.02652818,63.77103912,79.14346806,78,Fog,No
18-03-2022,Indiranagar,100 Feet Road,34188,49.58657523,1.5,100,100,2,118.376,57.79298473,77.08812109,79.57643987,107,Overcast,No
18-03-2022,Indiranagar,CMH Road,23926,33.69955831,1.103555497,84.84379948,100,1,97.852,22.66811448,91.89036103,72.84901798,95,Clear,No
18-03-2022,Whitefield,ITPL Main Road,16247,42.83268211,1.284752834,45.32528648,81.83770076,0,82.494,73.26220394,96.28469677,84.91164949,118,Overcast,No
18-03-2022,Koramangala,Sony World Junction,32190,20.26980169,1.5,100,100,1,114.38,51.20505688,96.92704114,87.40446829,105,Clear,No
18-03-2022,Electronic City,Hosur Road,5292,50.45389481,1.1487584,8.205698566,22.83067943,0,60.584,13.80870894,86.26627826,91.85038979,195,Clear,No
18-03-2022,Electronic City,Silk Board Junction,23545,31.92357419,1.304669962,79.39739365,100,2,97.09,60.23923532,84.45222068,58.92664523,96,Clear,No
18-03-2022,M.G. Road,Anil Kumble Circle,41019,38.05085405,1.5,100,100,2,132.038,78.88127051,78.19626412,67.96155703,94,Fog,No
18-03-2022,Jayanagar,Jayanagar 4th Block,35692,48.13473161,1.5,100,100,1,121.384,58.73844327,62.11298578,90.85424735,111,Clear,No
18-03-2022,Jayanagar,South End Circle,14725,52.48821181,1.022196288,39.13388433,69.63651058,2,79.45,45.88787674,65.87392676,77.55156763,183,Overcast,No
18-03-2022,Hebbal,Ballari Road,19393,36.99358836,1.069414768,62.10943314,96.14022806,0,88.786,55.96353646,96.75408205,70.02976871,90,Overcast,No
18-03-2022,Yeshwanthpur,Tumkur Road,21513,44.14396668,1.353628044,63.38805084,100,0,93.026,38.75439627,95.07391993,76.37572599,95,Overcast,No
19-03-2022,Indiranagar,100 Feet Road,24566,43.97943609,1.208035975,79.90065229,100,2,99.132,50.94552828,86.60816414,85.63590015,114,Clear,No
19-03-2022,Indiranagar,CMH Road,37666,54.85944776,1.5,100,100,3,125.332,15.8766163,73.58259382,65.54230778,123,Rain,No
19-03-2022,Whitefield,Marathahalli Bridge,28655,32.34171634,1.5,95.39264458,100,1,107.31,72.04070213,70.8593687,51.9486182,103,Overcast,No
19-03-2022,Koramangala,Sony World Junction,59997,46.96627121,1.5,100,100,0,169.994,45.45227831,94.8356228,60.67307581,98,Clear,No
19-03-2022,Koramangala,Sarjapur Road,48562,40.21229991,1.5,100,100,2,147.124,60.24055783,82.32195903,52.83074866,89,Clear,No
19-03-2022,Electronic City,Hosur Road,15318,33.95974367,1.211163931,45.37851202,80.43471314,0,80.636,41.10676536,93.97689078,80.79219472,94,Fog,No
19-03-2022,M.G. Road,Trinity Circle,50085,40.1566063,1.5,100,100,3,150.17,45.22893137,97.04856422,90.75038885,106,Clear,No
19-03-2022,M.G. Road,Anil Kumble Circle,24185,45.25627672,1.368354463,77.49587894,100,1,98.37,42.4894631,60.98624223,95.43463832,100,Clear,No
19-03-2022,Hebbal,Ballari Road,9851,50.05261343,1.004036162,36.6198113,54.06040304,1,69.702,22.68734642,82.62155658,81.86524132,210,Windy,No
20-03-2022,Indiranagar,100 Feet Road,52168,37.33285041,1.5,100,100,1,154.336,12.80137485,68.03404864,59.30042159,92,Clear,No
20-03-2022,Indiranagar,CMH Road,12426,64.87806565,1.177657681,44.10879882,65.40679407,0,74.852,54.87836255,98.14288895,91.98122479,197,Clear,No
20-03-2022,Koramangala,Sarjapur Road,57861,35.92511309,1.5,100,100,0,165.722,67.45973133,71.02918548,89.8274277,94,Windy,No
20-03-2022,M.G. Road,Trinity Circle,48292,51.79637233,1.5,100,100,7,146.584,21.87627569,79.35963001,85.09312134,91,Clear,No
20-03-2022,M.G. Road,Anil Kumble Circle,37416,23.72714476,1.5,100,100,3,124.832,33.0811775,78.46636723,60.24106235,94,Fog,No
20-03-2022,Jayanagar,South End Circle,36564,20,1.5,100,100,2,123.128,47.97120643,98.35203817,60.30087021,105,Clear,No
20-03-2022,Hebbal,Hebbal Flyover,10245,32.57499163,1.281336382,28.19957128,52.90759437,0,70.49,52.94201986,76.4783872,82.68997547,191,Clear,No
21-03-2022,Indiranagar,100 Feet Road,35484,33.53368226,1.5,100,100,3,120.968,32.31588532,62.0508133,69.7834957,90,Rain,No
21-03-2022,Indiranagar,CMH Road,23109,50.4189282,1.293687336,82.17964649,100,2,96.218,13.21510226,64.46412798,59.35725157,100,Clear,No
21-03-2022,Koramangala,Sarjapur Road,16696,64.90029514,1.339990307,65.57315435,83.56157307,0,83.392,23.01311981,60.19199299,75.45568462,102,Clear,No
21-03-2022,M.G. Road,Trinity Circle,48182,40.0691572,1.5,100,100,0,146.364,42.37744603,72.5390116,83.253872,111,Clear,No
21-03-2022,M.G. Road,Anil Kumble Circle,45933,31.50738115,1.5,100,100,0,141.866,28.93283739,61.86543602,71.61738692,111,Rain,No
21-03-2022,Jayanagar,Jayanagar 4th Block,25978,32.74277368,1.5,79.55898409,100,3,101.956,50.65327644,79.34721783,86.44170736,98,Clear,No
21-03-2022,Jayanagar,South End Circle,8704,44.02514774,1.074565539,33.94874223,41.77468989,1,67.408,50.68297399,98.34790965,51.07199333,218,Clear,No
21-03-2022,Yeshwanthpur,Yeshwanthpur Circle,18850,62.3899181,1.341606212,68.26433204,89.89665544,1,87.7,49.02627853,98.27553771,93.95310023,97,Clear,No
21-03-2022,Yeshwanthpur,Tumkur Road,18420,57.99588478,1.037138035,61.73601189,89.23447881,0,86.84,68.47536479,84.63170208,81.68942098,101,Overcast,No
22-03-2022,Indiranagar,100 Feet Road,37476,23.6893137,1.5,100,100,1,124.952,72.13122935,82.65562883,84.07675001,95,Clear,No
22-03-2022,Indiranagar,CMH Road,32927,22.97831633,1.5,100,100,3,115.854,62.07056966,94.25496393,65.50081779,97,Overcast,Yes
22-03-2022,Whitefield,Marathahalli Bridge,18542,63.68527188,1.215979291,55.75835838,92.01716622,0,87.084,73.08323854,70.43340651,93.39142511,104,Fog,Yes
22-03-2022,Koramangala,Sarjapur Road,26933,22.3636593,1.5,87.22342303,100,1,103.866,69.21869047,92.49609936,73.82416039,112,Clear,No
22-03-2022,Hebbal,Hebbal Flyover,19040,61.29318517,1.178386108,59.6388203,96.27356383,0,88.08,53.88413955,66.95195429,53.19130174,95,Overcast,Yes
22-03-2022,Hebbal,Ballari Road,28149,34.74280928,1.5,83.97504856,100,2,106.298,28.65850843,73.79495135,82.45222336,114,Overcast,No
22-03-2022,Yeshwanthpur,Yeshwanthpur Circle,6193,44.22517226,1.383890735,28.22317949,33.51182521,1,62.386,68.54585051,87.59964785,93.48796248,213,Fog,No
22-03-2022,Yeshwanthpur,Tumkur Road,13674,48.38583091,1.208248986,43.40665673,72.96928121,0,77.348,64.4982075,94.21664619,71.78032487,195,Overcast,No
23-03-2022,Indiranagar,100 Feet Road,53125,20,1.5,100,100,3,156.25,39.44775659,93.31372371,50.96158517,90,Fog,No
23-03-2022,Indiranagar,CMH Road,34618,40.96572345,1.5,100,100,2,119.236,42.98755016,61.07082343,54.5968968,106,Overcast,No
23-03-2022,Whitefield,Marathahalli Bridge,24376,43.18441078,1.396603075,81.87730922,100,1,98.752,69.92667326,66.69691791,63.27678028,98,Clear,No
23-03-2022,Whitefield,ITPL Main Road,14059,52.3992076,1.262565254,40.1476725,65.85480285,0,78.118,75.09893482,82.07003532,89.81728877,193,Clear,No
23-03-2022,Electronic City,Hosur Road,20339,44.39845501,1.102936795,63.19333573,100,0,90.678,19.04287425,94.29659387,77.91382622,112,Clear,No
23-03-2022,Electronic City,Silk Board Junction,17349,30.03011011,1.121102148,57.04327489,84.26259387,0,84.698,65.9962934,93.37022014,65.20912388,99,Clear,No
23-03-2022,M.G. Road,Trinity Circle,43133,56.48706294,1.5,100,100,3,136.266,66.2050889,75.9855393,59.44569282,108,Clear,Yes
23-03-2022,M.G. Road,Anil Kumble Circle,32649,47.45913849,1.5,100,100,3,115.298,12.08465511,97.34097251,76.33748749,101,Clear,No
23-03-2022,Hebbal,Hebbal Flyover,21277,37.91511898,1.118150802,61.35111027,100,0,92.554,10.66907303,69.4852641,61.75143936,98,Overcast,No
23-03-2022,Hebbal,Ballari Road,29613,20.89735472,1.5,98.5422669,100,1,109.226,57.86114855,69.13673827,71.15072231,102,Clear,No
24-03-2022,Indiranagar,100 Feet Road,30316,33.39961326,1.5,100,100,2,110.632,12.83071818,95.71173426,99.91515779,89,Clear,No
24-03-2022,Indiranagar,CMH Road,46720,51.00907992,1.5,100,100,3,143.44,55.07596137,84.51419096,85.95982803,104,Rain,No
24-03-2022,Whitefield,Marathahalli Bridge,10060,58.63048321,1.388819586,30.76290002,49.24133243,0,70.12,14.93740067,90.91217971,62.48405322,204,Clear,No
24-03-2022,Whitefield,ITPL Main Road,15482,40.02947513,1.388903921,52.77698973,76.14261732,1,80.964,32.06670399,97.64878115,92.47588331,112,Fog,No
24-03-2022,Koramangala,Sony World Junction,63722,28.39158803,1.5,100,100,1,177.444,54.2031497,63.42656776,97.34336987,94,Clear,No
24-03-2022,M.G. Road,Trinity Circle,22852,48.72081479,1.390858133,82.10495213,100,1,95.704,18.5437637,67.57335014,60.57602589,102,Clear,Yes
24-03-2022,M.G. Road,Anil Kumble Circle,36932,28.1500385,1.5,100,100,3,123.864,33.81576691,72.72530125,97.82638745,109,Clear,No
24-03-2022,Jayanagar,South End Circle,34475,32.92838311,1.5,100,100,0,118.95,32.31962663,99.71257849,83.92133335,107,Clear,No
24-03-2022,Hebbal,Hebbal Flyover,20640,31.84561734,1.13124139,75.2069003,100,1,91.28,43.71776257,62.23352884,98.88617559,109,Clear,No
24-03-2022,Yeshwanthpur,Yeshwanthpur Circle,22701,51.64453384,1.321196807,83.2564685,100,3,95.402,79.68641598,60.54710604,67.75666077,93,Clear,No
24-03-2022,Yeshwanthpur,Tumkur Road,17783,53.32269589,1.101133513,61.85387837,91.53671105,3,85.566,73.60588929,92.34053093,94.73338122,99,Clear,No
25-03-2022,Indiranagar,100 Feet Road,24436,42.30900681,1.003696926,77.70344247,100,2,98.872,44.18367008,86.10756157,56.06523523,89,Windy,No
25-03-2022,Indiranagar,CMH Road,22399,44.82072032,1.013896858,74.03800387,100,1,94.798,79.50324436,75.82587285,81.2279318,99,Clear,No
25-03-2022,Whitefield,Marathahalli Bridge,13908,42.91082043,1.279594043,45.48480088,69.85144633,0,77.816,19.78401628,83.33661741,99.25048739,178,Overcast,Yes
25-03-2022,Koramangala,Sony World Junction,41649,24.52225054,1.5,100,100,3,133.298,53.26299685,78.40264956,89.12208176,94,Overcast,No
25-03-2022,Koramangala,Sarjapur Road,48929,23.28585608,1.5,100,100,2,147.858,27.74543322,96.75917302,83.49713067,105,Overcast,No
25-03-2022,M.G. Road,Trinity Circle,37936,29.54447397,1.5,100,100,4,125.872,69.92911542,69.23271141,92.43681639,87,Overcast,No
25-03-2022,M.G. Road,Anil Kumble Circle,53149,36.5984605,1.5,100,100,0,156.298,27.25219087,65.72790016,77.89743707,90,Clear,No
25-03-2022,Jayanagar,Jayanagar 4th Block,18101,47.09979281,1.073385702,63.91804865,93.1388126,0,86.202,70.31428244,66.02929629,63.94187918,84,Clear,No
25-03-2022,Jayanagar,South End Circle,29824,35.76518062,1.5,100,100,4,109.648,38.13441309,85.86389135,67.53592547,93,Overcast,Yes
26-03-2022,Indiranagar,100 Feet Road,36650,20.83176472,1.5,100,100,2,123.3,33.25214217,60.3682267,60.01104679,86,Clear,No
26-03-2022,Whitefield,Marathahalli Bridge,7366,41.40031579,1.041123425,16.10307914,37.7625947,0,64.732,35.28699558,94.48070865,71.21690699,224,Clear,No
26-03-2022,Whitefield,ITPL Main Road,7813,66.71192861,1.3161661,34.36875008,37.94866878,0,65.626,45.04876395,99.26442623,91.55422037,223,Fog,No
26-03-2022,Koramangala,Sony World Junction,61234,31.61031949,1.5,100,100,1,172.468,34.36668833,86.29572158,50.7823659,80,Clear,No
26-03-2022,Electronic City,Hosur Road,15708,54.70547451,1.163603095,52.83948405,74.88874846,0,81.416,20.69640665,85.07414485,53.68091308,90,Clear,No
26-03-2022,M.G. Road,Trinity Circle,43672,24.57302591,1.5,100,100,5,137.344,77.61651436,80.57305916,73.68455661,127,Fog,No
26-03-2022,M.G. Road,Anil Kumble Circle,27123,33.01330866,1.5,83.331814,100,1,104.246,32.81853306,82.51926018,59.35893045,91,Clear,No
26-03-2022,Jayanagar,Jayanagar 4th Block,9586,45.5296109,1.156510742,30.35602442,52.61901717,1,69.172,49.38914038,98.98436843,84.44332422,221,Fog,No
26-03-2022,Jayanagar,South End Circle,28636,20,1.5,90.44037955,100,0,107.272,68.06126478,84.10919202,59.34547674,101,Clear,No
26-03-2022,Hebbal,Hebbal Flyover,40239,33.27448742,1.5,100,100,3,130.478,17.9773387,86.27572939,63.99937747,98,Fog,No
26-03-2022,Hebbal,Ballari Road,10655,63.05668878,1.139770045,39.62044625,53.64857749,0,71.31,45.79271806,85.45392501,83.00013023,191,Clear,No
27-03-2022,Indiranagar,100 Feet Road,39068,38.02895263,1.5,100,100,0,128.136,59.8823279,62.78327134,74.81821862,99,Overcast,No
27-03-2022,Indiranagar,CMH Road,34896,42.66177598,1.5,100,100,1,119.792,32.06311031,95.00748854,67.35834198,102,Clear,No
27-03-2022,Whitefield,Marathahalli Bridge,22005,43.78924568,1.195732333,79.61686658,100,0,94.01,20.75420643,90.57600446,86.19976921,102,Overcast,No
27-03-2022,Koramangala,Sarjapur Road,44144,44.57517778,1.5,100,100,1,138.288,44.19628478,88.05991602,99.31992882,98,Clear,No
27-03-2022,Electronic City,Silk Board Junction,5055,51.55883991,1.357885642,25.42212659,30.03393338,1,60.11,45.68437913,67.01819881,90.31048276,220,Clear,No
27-03-2022,M.G. Road,Trinity Circle,12548,60.33068826,1.398219706,33.77175098,66.29627682,0,75.096,67.90051369,92.68509129,95.79960007,183,Clear,No
27-03-2022,M.G. Road,Anil Kumble Circle,48562,41.79373171,1.5,100,100,3,147.124,22.02841898,74.32587466,59.64672181,90,Clear,No
27-03-2022,Jayanagar,Jayanagar 4th Block,41662,45.20979605,1.5,100,100,1,133.324,70.18960303,91.11248574,62.26149791,108,Clear,Yes
27-03-2022,Yeshwanthpur,Yeshwanthpur Circle,18575,49.80351162,1.259916291,53.59886865,89.68825856,0,87.15,55.74956069,65.83476508,59.26116654,90,Clear,No
28-03-2022,Indiranagar,100 Feet Road,34038,38.83823564,1.5,100,100,0,118.076,20.38374265,60.88533102,81.41681826,114,Clear,No
28-03-2022,Indiranagar,CMH Road,22423,34.42063338,1.384631588,76.31279835,100,2,94.846,22.80213556,65.72658831,97.25395989,88,Clear,No
28-03-2022,Whitefield,Marathahalli Bridge,21453,31.91315869,1.037725061,70.07256101,100,5,92.906,69.9609111,63.02578723,73.14153286,113,Fog,No
28-03-2022,M.G. Road,Trinity Circle,45322,42.12186658,1.5,100,100,4,140.644,10.59883391,93.34430235,54.37163487,104,Clear,No
28-03-2022,M.G. Road,Anil Kumble Circle,36929,33.89160463,1.5,100,100,0,123.858,12.83504805,84.50674119,90.30559088,98,Fog,No
28-03-2022,Jayanagar,Jayanagar 4th Block,31168,42.61348563,1.5,100,100,2,112.336,57.03692983,63.9784639,69.02879707,108,Clear,No
28-03-2022,Jayanagar,South End Circle,41320,26.12584582,1.5,100,100,1,132.64,39.71037222,65.82271035,91.55694822,95,Overcast,No
28-03-2022,Yeshwanthpur,Tumkur Road,20758,47.97400691,1.148629243,63.09393797,99.93323114,1,91.516,77.83090745,90.93672844,62.1676247,95,Overcast,No
29-03-2022,Indiranagar,100 Feet Road,46778,45.10441883,1.5,100,100,2,143.556,15.6361591,82.47191411,50.68021977,97,Clear,Yes
29-03-2022,Indiranagar,CMH Road,25636,31.2028418,1.5,90.37865456,100,0,101.272,60.09716438,75.62810203,88.30399996,98,Clear,No
29-03-2022,Whitefield,ITPL Main Road,23896,39.88740542,1.354113132,76.88513866,100,3,97.792,26.18059573,75.76681818,58.5053441,100,Windy,No
29-03-2022,Electronic City,Silk Board Junction,14687,28.21277238,1.14432273,55.48385087,72.95639055,0,79.374,78.77131499,62.39917089,74.39788199,212,Rain,No
29-03-2022,M.G. Road,Anil Kumble Circle,23549,48.80239596,1.113955456,76.82930367,100,3,97.098,31.54246616,65.05704909,88.04037707,112,Clear,No
29-03-2022,Jayanagar,Jayanagar 4th Block,26843,27.8157676,1.5,96.03008938,100,2,103.686,63.99195433,76.46046412,59.19228634,120,Overcast,No
29-03-2022,Jayanagar,South End Circle,31422,35.69536323,1.5,99.13349356,100,0,112.844,42.37737898,76.75763368,88.96681327,96,Clear,No
29-03-2022,Hebbal,Hebbal Flyover,27671,63.33892232,1.5,98.93726589,100,3,105.342,27.74848432,63.56064499,63.58692582,108,Fog,No
29-03-2022,Yeshwanthpur,Tumkur Road,32740,45.61509157,1.5,100,100,1,115.48,64.43497988,79.70995585,94.46070067,95,Overcast,No
30-03-2022,Indiranagar,100 Feet Road,25784,22.22050115,1.5,78.3434799,100,2,101.568,52.18430449,67.38140203,63.6601753,97,Rain,No
30-03-2022,Indiranagar,CMH Road,39834,40.24867578,1.5,100,100,3,129.668,47.96870901,74.84446655,84.8749518,99,Rain,No
30-03-2022,Whitefield,Marathahalli Bridge,33720,40.08535318,1.5,100,100,1,117.44,20.21224725,82.12151376,82.43609401,97,Overcast,No
30-03-2022,Koramangala,Sony World Junction,15569,38.23945633,1.162050429,59.347077,78.09207541,0,81.138,60.16995267,64.40931635,89.46898167,89,Fog,No
30-03-2022,Koramangala,Sarjapur Road,62089,29.74255017,1.5,100,100,1,174.178,36.80769077,68.14594564,82.19989768,101,Overcast,No
30-03-2022,M.G. Road,Trinity Circle,12409,43.79502586,1.220196988,37.5092062,62.38102402,0,74.818,75.2840976,95.78084974,59.49982546,193,Clear,No
30-03-2022,M.G. Road,Anil Kumble Circle,53006,46.11192411,1.5,100,100,2,156.012,21.23904675,87.06946795,77.07172383,114,Clear,No
30-03-2022,Jayanagar,Jayanagar 4th Block,32148,33.1927771,1.5,100,100,1,114.296,79.39813041,69.76547283,59.92762018,101,Clear,No
30-03-2022,Jayanagar,South End Circle,29931,36.79695381,1.5,90.11777486,100,4,109.862,14.56786324,94.37690363,93.42326706,99,Overcast,No
30-03-2022,Hebbal,Hebbal Flyover,11146,44.35128559,1.358333871,46.27785727,59.52563238,0,72.292,41.12239195,90.99399386,86.99108172,201,Overcast,No
30-03-2022,Hebbal,Ballari Road,26775,41.4573785,1.5,95.9887769,100,1,103.55,61.13920566,98.61832714,90.46406322,120,Clear,No
30-03-2022,Yeshwanthpur,Yeshwanthpur Circle,27609,20,1.5,92.05480955,100,2,105.218,35.39156536,60.6771741,76.10476185,95,Clear,No
30-03-2022,Yeshwanthpur,Tumkur Road,17903,45.77937297,1.252074228,65.75176562,89.03508288,0,85.806,66.72813586,77.10804683,85.07996749,98,Fog,No
31-03-2022,Indiranagar,100 Feet Road,21501,38.47098015,1.231762252,77.63341605,100,3,93.002,68.48774955,89.19496051,87.46376684,90,Overcast,No
31-03-2022,Indiranagar,CMH Road,34528,42.79300473,1.5,100,100,2,119.056,57.30536745,76.58760617,56.20484381,98,Clear,No
31-03-2022,Koramangala,Sony World Junction,15198,49.6032839,1.01367818,57.03665798,72.99266155,0,80.396,42.6644059,76.79355129,94.48568601,98,Overcast,No
31-03-2022,Koramangala,Sarjapur Road,41323,36.34801423,1.5,100,100,1,132.646,15.38374471,68.20375015,85.77420899,110,Clear,Yes
31-03-2022,Electronic City,Hosur Road,15336,48.05753309,1.242001225,48.9625571,72.86324073,1,80.672,61.52378101,80.51915368,86.93310268,101,Clear,No
31-03-2022,M.G. Road,Trinity Circle,39022,24.17159471,1.5,100,100,0,128.044,76.04524749,90.93412454,91.94405403,96,Clear,No
31-03-2022,M.G. Road,Anil Kumble Circle,25840,28.88394854,1.5,85.17520378,100,1,101.68,64.87386664,73.29790873,79.56712949,106,Overcast,No
31-03-2022,Jayanagar,Jayanagar 4th Block,28347,38.19672613,1.5,86.56563856,100,2,106.694,38.79258878,84.11378987,99.99025721,100,Clear,Yes
31-03-2022,Jayanagar,South End Circle,28950,25.18754051,1.5,100,100,2,107.9,63.25611702,78.10901707,89.66724139,108,Overcast,No
31-03-2022,Hebbal,Ballari Road,21445,57.37738106,1.071119335,62.50812416,100,0,92.89,44.97691706,89.8698709,78.13333903,83,Clear,No
01-04-2022,Indiranagar,100 Feet Road,13099,44.05825215,1.339500987,43.89372448,67.56187708,0,76.198,58.18776934,70.89538317,91.60310484,176,Clear,No
01-04-2022,Indiranagar,CMH Road,29150,32.86567303,1.5,100,100,0,108.3,74.31969991,84.3632662,90.36571504,97,Overcast,No
01-04-2022,Whitefield,ITPL Main Road,18715,53.86508802,1.233040375,55.24953406,93.02905429,0,87.43,44.69629408,94.81316138,88.79307193,99,Clear,No
01-04-2022,Koramangala,Sony World Junction,44415,31.94690846,1.5,100,100,0,138.83,53.24183504,65.62831323,97.25807286,119,Rain,Yes
01-04-2022,Electronic City,Silk Board Junction,11638,37.85335883,1.267970537,38.19113149,57.02722175,0,73.276,27.1457332,64.00573151,90.37493658,182,Clear,No
01-04-2022,M.G. Road,Trinity Circle,43657,20,1.5,100,100,2,137.314,42.61102102,62.30733138,59.3202707,102,Overcast,Yes
01-04-2022,M.G. Road,Anil Kumble Circle,40270,29.36702332,1.5,100,100,0,130.54,25.16789708,93.08746857,83.52900254,115,Clear,No
01-04-2022,Jayanagar,Jayanagar 4th Block,23322,49.3488634,1.109331833,80.54694693,100,2,96.644,78.94061582,96.44543081,51.44963725,108,Clear,No
01-04-2022,Jayanagar,South End Circle,33435,51.58869694,1.5,100,100,3,116.87,59.33490054,94.03223832,97.71893001,91,Rain,No
01-04-2022,Hebbal,Ballari Road,22548,20,1.179746349,75.0239104,100,1,95.096,23.71851057,83.27774566,89.30577239,89,Fog,No
02-04-2022,Indiranagar,100 Feet Road,22349,45.46461273,1.047070605,68.01382429,100,0,94.698,10.73969859,86.9406611,71.18450893,100,Clear,No
02-04-2022,Indiranagar,CMH Road,22393,36.79086842,1.151482543,81.00552903,100,1,94.786,54.58292805,80.87309897,71.70381971,90,Clear,No
02-04-2022,Whitefield,ITPL Main Road,8077,53.89263425,1.343120375,18.08635574,40.65015617,0,66.154,70.24914228,63.90439993,62.02227818,196,Overcast,No
02-04-2022,Koramangala,Sarjapur Road,14593,35.53017234,1.331967212,56.49645724,69.83334406,1,79.186,42.46122152,64.14174288,72.8906825,195,Clear,Yes
02-04-2022,M.G. Road,Trinity Circle,50527,30.92410655,1.5,100,100,2,151.054,46.19103067,67.86745737,87.89231465,104,Fog,No
03-04-2022,Indiranagar,100 Feet Road,21300,50.91214785,1.031966044,61.01108369,100,0,92.6,62.66176795,75.00705593,74.30017241,97,Clear,No
03-04-2022,Koramangala,Sony World Junction,47597,45.68687354,1.5,100,100,5,145.194,64.99212547,96.01504089,60.92742308,104,Windy,No
03-04-2022,Koramangala,Sarjapur Road,28791,37.19204188,1.5,98.0420384,100,1,107.582,79.53729151,87.94907695,58.11404122,111,Clear,No
03-04-2022,M.G. Road,Trinity Circle,12758,48.47518036,1.221356976,45.4124298,60.47628211,1,75.516,14.03498869,97.49048179,79.31339216,208,Overcast,Yes
03-04-2022,M.G. Road,Anil Kumble Circle,39643,30.58874801,1.5,100,100,0,129.286,60.38812182,93.35237235,69.75202678,102,Rain,Yes
03-04-2022,Jayanagar,Jayanagar 4th Block,26387,42.19776519,1.5,93.26047073,100,2,102.774,72.09993991,61.96977606,56.81926965,83,Clear,No
03-04-2022,Jayanagar,South End Circle,7762,41.11321607,1.249760195,29.46050913,38.6852757,0,65.524,55.92901631,93.68155134,86.01621387,215,Overcast,No
03-04-2022,Hebbal,Hebbal Flyover,40678,39.81967827,1.5,100,100,2,131.356,67.81815687,71.65211235,90.42930847,117,Clear,No
04-04-2022,Indiranagar,100 Feet Road,51373,26.0063272,1.5,100,100,2,152.746,71.80667191,72.29490877,84.5996261,108,Clear,No
04-04-2022,Indiranagar,CMH Road,21921,51.81783182,1.283756298,81.77088393,100,1,93.842,70.51338325,71.41791149,80.75255828,107,Clear,No
04-04-2022,Whitefield,Marathahalli Bridge,24153,32.71651235,1.238860282,79.66090815,100,2,98.306,35.12390937,82.64819294,61.89620811,90,Overcast,Yes
04-04-2022,Koramangala,Sony World Junction,29064,46.32702173,1.5,92.75604058,100,5,108.128,64.32342712,84.54825927,53.47538983,100,Fog,No
04-04-2022,Electronic City,Hosur Road,19524,32.14777213,1.289059881,69.52608659,100,1,89.048,34.028701,87.48490081,74.92931437,90,Clear,No
04-04-2022,M.G. Road,Trinity Circle,13052,46.27173919,1.145747318,52.27867298,66.88803086,2,76.104,43.50915406,67.44528617,64.60070502,212,Fog,No
04-04-2022,M.G. Road,Anil Kumble Circle,12359,22.74266663,1.243648249,31.32645709,66.6922289,0,74.718,69.36662647,81.39866823,56.52197273,213,Clear,No
04-04-2022,Jayanagar,Jayanagar 4th Block,28358,32.3378705,1.5,90.21354486,100,2,106.716,30.99940294,61.94133803,87.21404696,108,Rain,No
04-04-2022,Jayanagar,South End Circle,28210,34.10664135,1.5,86.07197147,100,6,106.42,25.3590947,91.92186331,60.68564874,93,Clear,No
04-04-2022,Hebbal,Hebbal Flyover,30581,45.27070301,1.5,100,100,1,111.162,42.43302311,86.40690567,89.73133955,97,Clear,No
04-04-2022,Hebbal,Ballari Road,18197,42.60246675,1.012736698,63.79254676,92.08748978,1,86.394,18.00062768,71.64315526,56.4763305,112,Clear,No
05-04-2022,Indiranagar,100 Feet Road,25278,28.47128964,1.5,87.9774491,100,3,100.556,34.69379261,94.86547082,65.44326005,101,Windy,No
05-04-2022,Indiranagar,CMH Road,50491,43.23356829,1.5,100,100,3,150.982,39.98451987,78.58887825,98.88076838,105,Clear,No
05-04-2022,Whitefield,Marathahalli Bridge,30987,51.18668046,1.5,100,100,1,111.974,75.7438203,92.36983347,91.03127965,90,Clear,No
05-04-2022,Koramangala,Sony World Junction,43164,20.50476479,1.5,100,100,1,136.328,17.67374904,79.59576569,68.93453317,106,Clear,Yes
05-04-2022,Koramangala,Sarjapur Road,16540,54.68498803,1.079107051,61.52025631,86.81085132,1,83.08,51.06501087,96.59260597,66.03323631,110,Clear,No
05-04-2022,M.G. Road,Anil Kumble Circle,26658,54.68244455,1.5,80.52387354,100,4,103.316,30.90787887,64.76979645,70.45380173,98,Clear,No
05-04-2022,Jayanagar,Jayanagar 4th Block,8307,57.90180639,1.29528672,25.72490411,37.24407922,1,66.614,74.54843052,62.03896143,73.96626389,209,Clear,No
05-04-2022,Hebbal,Ballari Road,26005,27.49711331,1.5,91.70399256,100,2,102.01,74.24569383,86.67024245,73.5791298,109,Clear,Yes
05-04-2022,Yeshwanthpur,Yeshwanthpur Circle,19403,54.27664911,1.153664073,72.86620883,100,2,88.806,11.12411759,64.2804269,64.62982218,101,Clear,No
06-04-2022,Indiranagar,100 Feet Road,33908,21.50356265,1.5,100,100,5,117.816,79.77338095,63.95809207,84.13209007,92,Rain,No
06-04-2022,Indiranagar,CMH Road,24639,43.89635241,1.319445206,81.30097543,100,1,99.278,24.7323552,74.64053567,94.01740979,87,Clear,No
06-04-2022,Whitefield,ITPL Main Road,22745,42.12870144,1.021366669,77.98261894,100,4,95.49,23.46042063,62.7410395,93.39969667,109,Clear,No
06-04-2022,Koramangala,Sony World Junction,44289,33.65802311,1.5,100,100,1,138.578,66.17838124,82.62127508,95.07928131,100,Overcast,No
06-04-2022,M.G. Road,Trinity Circle,41757,42.45856518,1.5,100,100,1,133.514,21.05624607,96.16654736,61.53173228,94,Clear,Yes
06-04-2022,M.G. Road,Anil Kumble Circle,13041,47.28940215,1.102613047,44.74435359,60.97367103,3,76.082,32.80376838,61.40350445,82.57001794,201,Overcast,No
06-04-2022,Jayanagar,Jayanagar 4th Block,7011,45.3042368,1.072193203,28.3716815,32.09951326,1,64.022,45.82794325,97.35468159,51.86758174,200,Clear,No
06-04-2022,Jayanagar,South End Circle,26369,29.85176104,1.5,82.55226036,100,1,102.738,19.14367768,97.35816527,57.2094732,90,Overcast,No
06-04-2022,Hebbal,Ballari Road,33865,29.06409641,1.5,100,100,4,117.73,11.02399774,95.17286637,57.72860757,113,Clear,Yes
06-04-2022,Yeshwanthpur,Yeshwanthpur Circle,27717,31.41802009,1.5,83.0179926,100,1,105.434,71.43188612,77.44196882,63.68989957,103,Clear,No
06-04-2022,Yeshwanthpur,Tumkur Road,25677,34.51223735,1.5,94.55489071,100,1,101.354,20.58280435,92.41212549,87.9939352,99,Clear,No
07-04-2022,Indiranagar,100 Feet Road,38586,22.92395492,1.5,100,100,2,127.172,71.87132784,60.20850074,96.68082596,100,Overcast,No
07-04-2022,Indiranagar,CMH Road,24897,35.28231942,1.348057202,90.83852355,100,3,99.794,62.09302751,81.279272,80.42561713,97,Clear,No
07-04-2022,Whitefield,Marathahalli Bridge,26921,43.62939711,1.5,97.8362043,100,0,103.842,43.05844226,61.1717482,98.72662768,91,Clear,No
07-04-2022,Whitefield,ITPL Main Road,6939,28.89701844,1.395968597,17.28771744,35.14279615,4,63.878,58.74630949,64.41772508,72.05744125,214,Fog,No
07-04-2022,Koramangala,Sony World Junction,54199,32.98961228,1.5,100,100,3,158.398,50.91289522,75.6224841,55.47989352,115,Overcast,No
07-04-2022,Koramangala,Sarjapur Road,60884,23.49028838,1.5,100,100,5,171.768,79.77084807,77.38010775,51.22323514,96,Clear,No
07-04-2022,Electronic City,Hosur Road,19506,28.77679387,1.385874223,72.53113309,100,1,89.012,15.34753218,91.1387336,53.49081507,102,Clear,No
07-04-2022,M.G. Road,Anil Kumble Circle,53914,36.56090738,1.5,100,100,4,157.828,37.34484584,78.87751714,92.63683729,104,Clear,Yes
07-04-2022,Jayanagar,South End Circle,26000,23.84915193,1.5,81.26516994,100,5,102,26.38437448,93.20467645,83.97759311,92,Clear,No
07-04-2022,Hebbal,Ballari Road,46418,31.18111357,1.5,100,100,0,142.836,24.39930065,79.07621702,71.5777145,104,Clear,No
07-04-2022,Yeshwanthpur,Yeshwanthpur Circle,27901,40.37670118,1.5,85.08353929,100,4,105.802,49.60095379,71.9005402,79.2253018,98,Clear,No
07-04-2022,Yeshwanthpur,Tumkur Road,25822,50.05238689,1.5,83.83695335,100,4,101.644,13.52540993,86.13359698,92.57131972,93,Clear,No
08-04-2022,Indiranagar,100 Feet Road,47572,43.69825681,1.5,100,100,3,145.144,55.19797276,82.37608464,52.28881697,119,Windy,No
08-04-2022,Indiranagar,CMH Road,13297,51.46083241,1.311405718,49.72556638,63.74782627,2,76.594,75.5512496,71.57796777,84.46420409,179,Clear,No
08-04-2022,Whitefield,ITPL Main Road,22893,54.45940961,1.129954643,76.65096709,100,2,95.786,15.85075554,92.90499711,57.59812629,93,Clear,No
08-04-2022,Koramangala,Sarjapur Road,52509,35.2447967,1.5,100,100,2,155.018,57.07970366,87.62026528,52.2960028,95,Clear,No
08-04-2022,Electronic City,Hosur Road,22446,47.22716063,1.008099752,79.205756,100,3,94.892,64.75358252,98.23246973,79.01156435,105,Clear,No
08-04-2022,M.G. Road,Trinity Circle,37545,29.47285271,1.5,100,100,3,125.09,42.4651219,67.2324254,82.33874805,72,Clear,No
08-04-2022,Jayanagar,South End Circle,18563,43.18139934,1.201059734,64.99940755,91.96982087,1,87.126,33.77749064,85.37920293,79.5531039,94,Clear,No
08-04-2022,Yeshwanthpur,Yeshwanthpur Circle,14020,30.99943463,1.171880323,51.31408581,67.52415913,0,78.04,71.87000845,96.4271096,97.93923024,188,Clear,No
09-04-2022,Indiranagar,100 Feet Road,36592,36.13757683,1.5,100,100,1,123.184,48.0108757,75.34007524,50.07128641,107,Fog,No
09-04-2022,Indiranagar,CMH Road,24079,41.90528925,1.049504266,71.86415982,100,0,98.158,77.13059105,80.61021456,99.15082154,79,Clear,No
09-04-2022,Whitefield,Marathahalli Bridge,15303,54.94002788,1.006733328,48.81578202,78.06022269,0,80.606,40.23913147,62.26860553,79.40463958,108,Clear,Yes
09-04-2022,Whitefield,ITPL Main Road,21543,27.65024303,1.379576053,63.27463009,100,0,93.086,46.13631686,94.9263715,60.27692353,95,Clear,No
09-04-2022,Koramangala,Sony World Junction,28960,20,1.5,95.71808116,100,0,107.92,76.56777305,83.27748856,89.78638575,98,Overcast,No
09-04-2022,Koramangala,Sarjapur Road,31886,34.91129068,1.5,100,100,3,113.772,77.69111922,84.45323013,86.42826058,95,Clear,No
09-04-2022,M.G. Road,Trinity Circle,23594,66.17519402,1.238784115,74.46426131,100,2,97.188,56.28079888,87.82340697,85.20498422,105,Clear,No
09-04-2022,M.G. Road,Anil Kumble Circle,39791,37.41076079,1.5,100,100,1,129.582,11.51492562,91.39565579,53.7398324,108,Rain,Yes
09-04-2022,Jayanagar,South End Circle,23155,44.28293654,1.291777595,71.9346502,100,2,96.31,67.09352397,67.16839398,54.11007947,95,Clear,No
09-04-2022,Hebbal,Ballari Road,34628,22.69021503,1.5,100,100,2,119.256,21.59642172,75.80499539,65.81669546,84,Clear,No
09-04-2022,Yeshwanthpur,Yeshwanthpur Circle,32313,25.02242217,1.5,100,100,1,114.626,51.44750494,74.03012859,60.74482168,86,Clear,No
10-04-2022,Indiranagar,100 Feet Road,38415,34.6355268,1.5,100,100,2,126.83,48.16335804,82.17820911,81.59664814,98,Clear,No
10-04-2022,Indiranagar,CMH Road,33311,30.14409888,1.5,100,100,3,116.622,11.83993406,78.02484192,87.92776142,101,Clear,No
10-04-2022,Whitefield,Marathahalli Bridge,20795,41.37338029,1.385474866,78.2524622,100,4,91.59,63.42220699,89.87392485,75.48613528,115,Clear,No
10-04-2022,Koramangala,Sony World Junction,29070,37.88090522,1.5,100,100,1,108.14,45.34726433,87.94393147,77.14732923,105,Clear,No
10-04-2022,Koramangala,Sarjapur Road,29749,30.77994103,1.5,96.76152423,100,3,109.498,22.61900752,85.07791421,82.06834096,109,Fog,No
10-04-2022,Electronic City,Silk Board Junction,18332,30.73536089,1.138474123,61.62452604,88.98128602,0,86.664,50.07958177,73.43417263,59.09707009,95,Windy,No
10-04-2022,M.G. Road,Anil Kumble Circle,62718,28.95486139,1.5,100,100,2,175.436,52.42870722,79.56719846,54.79878483,97,Overcast,Yes
10-04-2022,Jayanagar,Jayanagar 4th Block,30673,44.41066551,1.5,100,100,4,111.346,32.79667126,61.21933041,51.03839434,97,Overcast,No
10-04-2022,Jayanagar,South End Circle,8400,49.30739934,1.347618841,30.86648627,39.29418677,0,66.8,53.93372906,96.03347921,85.91801095,194,Clear,No
11-04-2022,Indiranagar,100 Feet Road,12675,43.35370902,1.250520438,33.92911406,67.22493613,0,75.35,27.06386452,71.88363875,78.86011181,202,Fog,No
11-04-2022,Indiranagar,CMH Road,25308,46.28956735,1.5,88.02416619,100,1,100.616,69.60857819,62.22188934,57.43707549,102,Clear,No
11-04-2022,Koramangala,Sony World Junction,44756,20,1.5,100,100,2,139.512,30.83651542,77.6524445,65.70837064,96,Fog,No
11-04-2022,Electronic City,Hosur Road,6166,59.60680332,1.23125627,11.60507054,28.38313801,1,62.332,74.1888378,80.01677983,77.27371164,216,Clear,No
11-04-2022,M.G. Road,Anil Kumble Circle,37330,40.17210216,1.5,100,100,1,124.66,57.73336165,85.35411604,71.36235981,115,Clear,Yes
11-04-2022,Jayanagar,South End Circle,25241,41.25476,1.5,84.68413247,100,6,100.482,36.91001131,85.92471692,95.41443117,98,Clear,No
11-04-2022,Hebbal,Hebbal Flyover,37875,33.31228061,1.5,100,100,3,125.75,77.84651981,88.23448244,66.79818243,88,Clear,Yes
12-04-2022,Indiranagar,100 Feet Road,37837,34.17113016,1.5,100,100,4,125.674,10.85312857,73.28300969,53.11218631,101,Clear,No
12-04-2022,Indiranagar,CMH Road,22341,45.21665412,1.234941852,65.09674921,100,0,94.682,51.3985189,61.1594772,78.6688394,111,Clear,No
12-04-2022,Whitefield,ITPL Main Road,34190,42.25590175,1.5,100,100,3,118.38,72.79402279,60.68488343,84.94102906,93,Clear,No
12-04-2022,Koramangala,Sony World Junction,32282,39.85918339,1.5,100,100,3,114.564,69.71284635,80.84008692,81.06510446,84,Clear,No
12-04-2022,Koramangala,Sarjapur Road,62260,50.142476,1.5,100,100,3,174.52,52.79471215,80.91310109,50.38489015,111,Rain,Yes
12-04-2022,M.G. Road,Anil Kumble Circle,21894,37.75080657,1.272890551,82.3086962,100,0,93.788,72.83298058,61.51798921,97.63829486,90,Clear,No
12-04-2022,Jayanagar,Jayanagar 4th Block,38046,45.21494986,1.5,100,100,3,126.092,28.71362937,62.52897357,89.77254791,104,Clear,Yes
12-04-2022,Jayanagar,South End Circle,24520,36.33026544,1.350230547,82.0360868,100,0,99.04,35.5614349,79.1667739,59.32084276,86,Overcast,Yes
12-04-2022,Hebbal,Hebbal Flyover,40924,28.29323764,1.5,100,100,1,131.848,24.14590205,95.5840558,95.58415022,103,Fog,No
13-04-2022,Indiranagar,100 Feet Road,30410,32.58847508,1.5,100,100,2,110.82,27.09676277,96.14331941,54.97497071,105,Clear,No
13-04-2022,Indiranagar,CMH Road,25166,31.72862953,1.5,93.22909023,100,2,100.332,36.42483964,72.6832967,76.80281772,105,Clear,No
13-04-2022,Koramangala,Sony World Junction,59274,45.77737418,1.5,100,100,4,168.548,30.40364708,98.75369628,65.97110494,84,Fog,No
13-04-2022,Koramangala,Sarjapur Road,47542,30.61848494,1.5,100,100,2,145.084,33.72173204,93.92545157,74.17535373,111,Clear,No
13-04-2022,M.G. Road,Trinity Circle,25109,37.34637996,1.5,85.16314093,100,2,100.218,50.09272815,63.65310577,60.18969176,83,Overcast,No
13-04-2022,M.G. Road,Anil Kumble Circle,27408,38.09859944,1.5,82.01837174,100,5,104.816,48.80548286,84.6162271,66.07919702,102,Clear,No
13-04-2022,Hebbal,Hebbal Flyover,34320,38.52422914,1.5,100,100,2,118.64,57.81349286,98.49056312,65.0288554,108,Clear,Yes
14-04-2022,Indiranagar,100 Feet Road,12829,54.26708473,1.365041009,47.37397375,67.43194942,1,75.658,39.88764759,96.08469235,82.5484286,196,Clear,No
14-04-2022,Indiranagar,CMH Road,21442,46.0608271,1.320164025,71.16069636,100,1,92.884,38.70627783,92.32851322,88.50797615,91,Clear,No
14-04-2022,Koramangala,Sony World Junction,63860,45.67379842,1.5,100,100,4,177.72,35.98868469,65.89205383,75.28827212,103,Clear,No
14-04-2022,Koramangala,Sarjapur Road,46282,20,1.5,100,100,6,142.564,39.92049687,69.53569769,50.20985804,90,Fog,No
14-04-2022,Jayanagar,South End Circle,16637,38.40940309,1.16367575,65.29239377,78.19353697,0,83.274,23.18750877,88.68477942,67.62423638,99,Clear,No
14-04-2022,Hebbal,Ballari Road,35016,39.9721798,1.5,100,100,0,120.032,46.66989249,80.58008659,73.40510222,107,Fog,No
14-04-2022,Yeshwanthpur,Tumkur Road,18094,41.88630759,1.344820343,62.59350011,89.01724968,0,86.188,47.61171813,96.92903514,79.81899164,132,Clear,No
15-04-2022,Indiranagar,100 Feet Road,13816,58.47678086,1.291483699,51.27756364,71.78772688,1,77.632,38.29650291,91.0451989,97.67134917,175,Clear,No
15-04-2022,Indiranagar,CMH Road,37085,22.77637193,1.5,100,100,2,124.17,77.85800788,92.39526343,87.55768518,108,Fog,No
15-04-2022,Whitefield,ITPL Main Road,12193,50.40424003,1.169694898,40.49178712,64.52853349,0,74.386,35.3721894,69.90944656,70.43379894,201,Clear,No
15-04-2022,Koramangala,Sony World Junction,32569,30.2611713,1.5,100,100,2,115.138,48.29779238,77.87124652,90.48920134,92,Clear,No
15-04-2022,M.G. Road,Trinity Circle,36876,35.76579931,1.5,100,100,0,123.752,21.85793879,91.83330636,50.05729753,93,Clear,No
15-04-2022,M.G. Road,Anil Kumble Circle,38967,52.85586702,1.5,100,100,2,127.934,52.93983831,61.1908763,75.20742449,110,Clear,No
15-04-2022,Jayanagar,Jayanagar 4th Block,23573,48.81637068,1.36205355,72.58954033,100,0,97.146,28.4438364,67.99441189,50.69967051,107,Fog,No
15-04-2022,Jayanagar,South End Circle,32399,29.50649909,1.5,100,100,3,114.798,28.75975142,75.72708126,63.99648108,91,Rain,No
15-04-2022,Hebbal,Hebbal Flyover,42194,29.25597529,1.5,100,100,3,134.388,32.7194999,60.28520081,84.0849235,93,Clear,No
15-04-2022,Yeshwanthpur,Yeshwanthpur Circle,18658,52.13597489,1.200398735,59.19737184,96.00906243,1,87.316,64.55542855,69.4062228,87.68109403,109,Windy,No
16-04-2022,Indiranagar,100 Feet Road,52085,43.22342299,1.5,100,100,3,154.17,17.73040599,78.86348266,62.19119263,95,Clear,Yes
16-04-2022,Whitefield,ITPL Main Road,26034,37.06276406,1.5,80.35385905,100,2,102.068,20.33504448,61.05354807,99.49615712,93,Windy,No
16-04-2022,Koramangala,Sony World Junction,12475,40.04696757,1.242470922,40.36028953,66.71576849,0,74.95,58.5608243,95.85941091,57.34359379,188,Clear,No
16-04-2022,Koramangala,Sarjapur Road,42231,35.93906482,1.5,100,100,2,134.462,37.17130136,65.82964703,61.49948066,103,Clear,No
16-04-2022,Electronic City,Silk Board Junction,29015,29.01936676,1.5,93.22959651,100,1,108.03,11.5295964,74.40083751,94.47449952,106,Clear,No
16-04-2022,M.G. Road,Trinity Circle,25195,42.45186882,1.5,83.06485622,100,3,100.39,74.53219399,62.17547864,63.28868284,100,Rain,No
16-04-2022,Jayanagar,Jayanagar 4th Block,21171,54.5593806,1.202216689,74.45463758,100,1,92.342,38.0568711,63.01030405,77.26055394,107,Overcast,No
16-04-2022,Jayanagar,South End Circle,30459,31.93311784,1.5,95.23351878,100,5,110.918,42.7724434,96.2506317,96.53519966,115,Overcast,No
16-04-2022,Hebbal,Hebbal Flyover,30973,49.59538175,1.5,100,100,4,111.946,38.81555578,64.31294695,69.67067882,92,Clear,No
17-04-2022,Indiranagar,100 Feet Road,12674,60.16347466,1.264590708,50.22288853,66.20960787,3,75.348,17.62171312,78.36519631,89.38005732,154,Clear,No
17-04-2022,Indiranagar,CMH Road,24603,39.87506609,1.128407924,77.3164814,100,2,99.206,28.98550643,91.79321046,61.46594752,88,Fog,No
17-04-2022,Whitefield,Marathahalli Bridge,29229,46.08980239,1.5,100,100,1,108.458,37.41213166,62.99371286,73.75735901,98,Clear,No
17-04-2022,Koramangala,Sony World Junction,41675,20,1.5,100,100,0,133.35,12.30396381,84.31828735,97.45485445,99,Clear,No
17-04-2022,M.G. Road,Trinity Circle,33000,20,1.5,100,100,2,116,46.58504032,73.79848339,55.24019948,83,Clear,No
17-04-2022,M.G. Road,Anil Kumble Circle,28416,37.4478462,1.5,88.57037744,100,0,106.832,74.32543202,63.24299665,95.71156882,100,Windy,No
17-04-2022,Jayanagar,South End Circle,31402,64.62213864,1.5,100,100,2,112.804,49.91676097,82.7344473,84.12252101,83,Clear,No
17-04-2022,Yeshwanthpur,Yeshwanthpur Circle,22355,52.87358047,1.309601325,70.15583321,100,2,94.71,52.04176925,64.99270676,89.82981207,104,Fog,No
17-04-2022,Yeshwanthpur,Tumkur Road,22207,44.2953966,1.29429618,64.33333167,100,0,94.414,19.83666069,89.37969602,93.24842797,101,Clear,No
18-04-2022,Indiranagar,100 Feet Road,25666,37.26592126,1.5,81.6949816,100,3,101.332,20.09759199,81.65717577,80.72168274,99,Clear,No
18-04-2022,Indiranagar,CMH Road,34433,54.192813,1.5,100,100,1,118.866,56.79675969,93.80422564,67.73135472,93,Clear,No
18-04-2022,Whitefield,Marathahalli Bridge,21101,42.86568935,1.132114805,74.83407678,100,0,92.202,21.43256868,85.62933437,90.67077072,95,Clear,No
18-04-2022,Whitefield,ITPL Main Road,27673,31.16521981,1.5,96.41079325,100,1,105.346,78.03339779,88.69311148,91.7021134,107,Clear,No
18-04-2022,Koramangala,Sony World Junction,28792,31.6514927,1.5,98.60407153,100,2,107.584,37.44897029,88.95484153,95.48068984,103,Fog,No
18-04-2022,Electronic City,Hosur Road,11895,50.79972171,1.083319089,43.78993927,57.31920324,0,73.79,71.54743302,66.49916614,53.21964732,190,Clear,No
18-04-2022,M.G. Road,Anil Kumble Circle,54979,23.83019691,1.5,100,100,2,159.958,35.082605,86.13160979,61.69982394,90,Clear,No
18-04-2022,Jayanagar,Jayanagar 4th Block,10402,41.55636669,1.286112853,41.88923113,47.10582688,1,70.804,79.32784573,70.10477842,73.57681938,194,Overcast,No
18-04-2022,Hebbal,Ballari Road,10008,45.78195132,1.280190988,31.49484774,50.51715708,1,70.016,30.4660809,66.08238911,89.61079519,172,Clear,No
18-04-2022,Yeshwanthpur,Tumkur Road,30174,51.01898792,1.5,95.3295339,100,2,110.348,66.52581174,79.25851671,82.74240312,90,Clear,No
19-04-2022,Indiranagar,100 Feet Road,40077,24.80031281,1.5,100,100,1,130.154,17.34330704,94.88441635,75.83302479,97,Clear,No
19-04-2022,Indiranagar,CMH Road,35509,41.70957572,1.5,100,100,1,121.018,11.29888773,84.39246632,96.04032935,85,Clear,No
19-04-2022,Whitefield,Marathahalli Bridge,39760,42.42288508,1.5,100,100,1,129.52,37.68618602,94.14782856,87.74634183,100,Clear,No
19-04-2022,Koramangala,Sony World Junction,41115,49.58885389,1.5,100,100,1,132.23,38.49075546,82.95645624,71.40674224,93,Clear,Yes
19-04-2022,Koramangala,Sarjapur Road,56855,46.35046562,1.5,100,100,2,163.71,40.36656256,74.35881719,76.95445026,109,Clear,No
19-04-2022,Electronic City,Hosur Road,5435,46.8297336,1.293532048,18.89846957,24.16082978,0,60.87,22.80984016,77.5494883,89.97801581,198,Fog,No
19-04-2022,M.G. Road,Trinity Circle,40375,42.7233604,1.5,100,100,1,130.75,48.16774124,89.11302677,81.09280427,108,Rain,No
19-04-2022,M.G. Road,Anil Kumble Circle,44413,32.66120397,1.5,100,100,3,138.826,56.45865972,99.63048622,91.17267822,108,Overcast,No
19-04-2022,Jayanagar,South End Circle,7254,43.17758176,1.286091716,33.32213106,38.17974151,1,64.508,64.0148516,93.72173747,85.54378138,200,Fog,No
20-04-2022,Indiranagar,100 Feet Road,39051,36.25558522,1.5,100,100,3,128.102,12.15270584,97.37498162,57.38641529,110,Fog,No
20-04-2022,Indiranagar,CMH Road,40631,20,1.5,100,100,5,131.262,56.72701728,85.98931395,95.06043679,103,Clear,No
20-04-2022,Whitefield,Marathahalli Bridge,25780,37.61857207,1.5,92.44207165,100,1,101.56,36.06987258,64.44185549,98.55527542,102,Clear,No
20-04-2022,Koramangala,Sony World Junction,60573,27.43219633,1.5,100,100,2,171.146,31.93294825,76.71042686,57.97300489,100,Clear,No
20-04-2022,Koramangala,Sarjapur Road,15809,43.51570599,1.289676979,59.00898497,82.76413989,2,81.618,35.57981162,67.26572946,84.3329937,107,Clear,No
20-04-2022,M.G. Road,Trinity Circle,50843,39.06540294,1.5,100,100,2,151.686,13.70764839,74.94471089,86.07328002,95,Rain,No
20-04-2022,Jayanagar,Jayanagar 4th Block,16632,26.74487891,1.285556588,45.70244251,81.31785383,1,83.264,61.22179815,92.47243078,89.16178594,105,Windy,No
20-04-2022,Jayanagar,South End Circle,18954,47.17513496,1.071488052,54.82692991,98.58531048,1,87.908,36.41000071,86.4075199,66.49650104,113,Clear,No
20-04-2022,Hebbal,Hebbal Flyover,22900,33.77849439,1.090160846,71.1397887,100,4,95.8,72.34482704,84.90313961,99.50992452,110,Clear,No
21-04-2022,Indiranagar,100 Feet Road,24205,38.73499784,1.275439808,77.20632768,100,0,98.41,16.95053424,88.07019089,68.40348526,105,Overcast,No
21-04-2022,Indiranagar,CMH Road,38097,41.7297996,1.5,100,100,3,126.194,60.1722468,71.98791326,58.31813622,88,Clear,No
21-04-2022,Whitefield,Marathahalli Bridge,8970,32.26744548,1.039406029,31.11313707,41.04885871,0,67.94,22.05319693,62.68914542,83.56649087,198,Clear,No
21-04-2022,Whitefield,ITPL Main Road,21647,28.36944485,1.120641427,63.7611525,100,0,93.294,65.14832317,86.33428369,75.71271395,84,Clear,No
21-04-2022,Koramangala,Sony World Junction,48373,47.12983929,1.5,100,100,0,146.746,60.36338252,98.10343925,63.20551951,84,Overcast,No
21-04-2022,Koramangala,Sarjapur Road,59327,36.4999509,1.5,100,100,3,168.654,14.14739167,98.30417484,57.38920667,108,Clear,No
21-04-2022,M.G. Road,Trinity Circle,38516,52.63485607,1.5,100,100,2,127.032,75.42237717,91.86401826,52.7833073,89,Rain,No
21-04-2022,M.G. Road,Anil Kumble Circle,27658,20,1.5,85.6296569,100,3,105.316,40.24298995,75.53631335,97.99924541,108,Clear,No
21-04-2022,Jayanagar,South End Circle,36121,50.80727042,1.5,100,100,3,122.242,72.2266579,90.88905494,96.32727707,80,Clear,No
21-04-2022,Hebbal,Hebbal Flyover,18418,42.17687958,1.129135111,54.77221516,96.50694832,0,86.836,33.37674663,93.59432014,82.38778806,106,Overcast,No
22-04-2022,Indiranagar,100 Feet Road,36123,40.54967165,1.5,100,100,1,122.246,61.53663177,89.2887024,58.25743561,124,Clear,No
22-04-2022,Indiranagar,CMH Road,26105,30.27315612,1.5,77.20790092,100,3,102.21,13.54517285,95.32611945,92.06070728,95,Clear,No
22-04-2022,Electronic City,Hosur Road,20728,46.40508904,1.238959556,72.82495189,100,2,91.456,36.24634021,65.32346557,97.03733615,108,Fog,No
22-04-2022,Electronic City,Silk Board Junction,10047,67.05786353,1.311194447,31.99916665,46.77362969,1,70.094,60.23846174,65.72625247,66.45063069,198,Clear,No
22-04-2022,M.G. Road,Trinity Circle,37328,28.61276679,1.5,100,100,1,124.656,66.40150753,84.68216984,56.76910217,96,Clear,No
22-04-2022,M.G. Road,Anil Kumble Circle,28444,35.6217923,1.5,93.53867603,100,3,106.888,52.54059235,83.0364187,69.84257352,108,Clear,No
22-04-2022,Jayanagar,Jayanagar 4th Block,30044,33.77220473,1.5,93.10488939,100,4,110.088,19.09684329,65.21296454,84.0588548,96,Clear,No
22-04-2022,Yeshwanthpur,Yeshwanthpur Circle,15407,67.44682255,1.3603128,59.48727931,80.25417381,0,80.814,60.21094062,75.81153844,61.62967995,95,Clear,No
23-04-2022,Indiranagar,100 Feet Road,45339,29.16439452,1.5,100,100,0,140.678,25.47461055,78.22734666,66.5502168,106,Clear,No
23-04-2022,Indiranagar,CMH Road,43255,34.68839635,1.5,100,100,3,136.51,71.73736995,94.08279351,75.31831268,100,Windy,No
23-04-2022,Electronic City,Silk Board Junction,13655,53.02332778,1.260902607,45.65753741,64.77471059,0,77.31,19.58410547,88.99652571,58.0114388,209,Clear,No
23-04-2022,M.G. Road,Trinity Circle,24676,48.43297691,1.331627458,87.47347914,100,3,99.352,21.03132255,69.45935944,68.29358516,109,Overcast,Yes
23-04-2022,M.G. Road,Anil Kumble Circle,36221,22.68141289,1.5,100,100,2,122.442,68.38048392,66.84445333,96.54365465,101,Clear,No
23-04-2022,Jayanagar,Jayanagar 4th Block,26613,59.87200767,1.5,96.96970813,100,1,103.226,53.6819906,77.56378486,74.33050218,86,Windy,No
23-04-2022,Hebbal,Hebbal Flyover,26997,45.43070492,1.5,91.00632651,100,5,103.994,36.70068087,93.25505135,74.51007293,92,Clear,No
23-04-2022,Hebbal,Ballari Road,21085,57.5876124,1.335669124,75.46658296,100,3,92.17,46.98792884,64.90957278,77.00537195,99,Clear,No
24-04-2022,Indiranagar,100 Feet Road,37670,26.86977148,1.5,100,100,0,125.34,17.59105324,88.97427739,57.08576041,99,Clear,No
24-04-2022,Indiranagar,CMH Road,28992,26.84688885,1.5,100,100,2,107.984,69.28990198,73.11554875,85.09724123,76,Clear,No
24-04-2022,Whitefield,ITPL Main Road,33202,53.06357159,1.5,100,100,5,116.404,30.14840382,61.22496729,54.70539844,91,Overcast,No
24-04-2022,Koramangala,Sony World Junction,64007,35.00160507,1.5,100,100,3,178.014,56.39863202,99.801249,51.27567744,115,Clear,No
24-04-2022,Electronic City,Hosur Road,15811,40.9158015,1.308727285,47.05167002,76.29175212,0,81.622,51.07367347,86.38663727,50.88012619,92,Clear,No
24-04-2022,M.G. Road,Trinity Circle,27650,39.81901632,1.5,94.06327421,100,2,105.3,62.20475106,68.27185465,88.97441732,110,Clear,No
24-04-2022,M.G. Road,Anil Kumble Circle,39944,43.05897777,1.5,100,100,6,129.888,50.65074063,87.67725679,94.50492121,100,Clear,No
24-04-2022,Jayanagar,Jayanagar 4th Block,37747,36.14232645,1.5,100,100,1,125.494,28.32530008,65.03911443,61.20660898,93,Overcast,No
25-04-2022,Indiranagar,100 Feet Road,37842,31.40159539,1.5,100,100,0,125.684,37.82610261,97.91220073,62.48250464,114,Rain,No
25-04-2022,Indiranagar,CMH Road,35550,23.84579996,1.5,100,100,2,121.1,40.02465954,70.9898013,78.96818087,79,Fog,No
25-04-2022,Whitefield,Marathahalli Bridge,23597,36.27405474,1.009225355,75.59281465,100,0,97.194,72.18342387,96.37996172,55.24951876,83,Clear,No
25-04-2022,Whitefield,ITPL Main Road,28356,48.16879838,1.5,99.20619333,100,0,106.712,31.42727721,78.53303756,74.89950639,101,Rain,No
25-04-2022,Koramangala,Sony World Junction,25613,31.48610532,1.5,85.19743606,100,1,101.226,40.71857167,92.8259272,89.00304616,100,Clear,No
25-04-2022,M.G. Road,Trinity Circle,25955,48.68650787,1.5,96.41046927,100,0,101.91,57.7804696,61.86565804,62.52507984,96,Clear,Yes
25-04-2022,M.G. Road,Anil Kumble Circle,38997,43.24607292,1.5,100,100,3,127.994,41.32504883,87.16621611,54.758195,97,Clear,No
25-04-2022,Jayanagar,Jayanagar 4th Block,27053,61.98040457,1.5,99.5936147,100,4,104.106,66.99591297,75.55346068,92.54654137,104,Rain,No
25-04-2022,Jayanagar,South End Circle,15136,73.24167009,1.200598838,45.4070709,77.53161201,1,80.272,71.68190619,85.76092867,85.65196376,93,Overcast,No
25-04-2022,Hebbal,Hebbal Flyover,22474,58.12207994,1.344140134,67.71869657,100,0,94.948,37.27166739,60.60429782,94.91365326,101,Clear,No
25-04-2022,Hebbal,Ballari Road,19073,57.36235124,1.081861412,54.87647187,91.15991748,1,88.146,60.83267854,87.29148487,56.76812309,88,Fog,No
25-04-2022,Yeshwanthpur,Yeshwanthpur Circle,6567,30.48126383,1.048566306,13.97555516,36.79937436,0,63.134,75.41189807,73.83304655,83.85724687,187,Clear,Yes
26-04-2022,Indiranagar,100 Feet Road,43058,23.07921735,1.5,100,100,2,136.116,59.57371566,73.21310757,59.01168259,100,Clear,No
26-04-2022,Indiranagar,CMH Road,33428,30.54996517,1.5,100,100,4,116.856,18.24027394,96.64443375,81.50261011,98,Clear,Yes
26-04-2022,Whitefield,Marathahalli Bridge,18077,38.30857249,1.18706325,58.84010722,91.82978026,1,86.154,16.94821045,94.11224444,75.31983523,108,Overcast,No
26-04-2022,Koramangala,Sony World Junction,62658,42.7477339,1.5,100,100,1,175.316,50.39943844,70.59923092,83.06741032,103,Rain,No
26-04-2022,Koramangala,Sarjapur Road,43428,20,1.5,100,100,0,136.856,78.70862165,84.99199688,75.03527952,97,Clear,No
26-04-2022,Electronic City,Silk Board Junction,14381,46.96637742,1.061131271,38.59135348,69.37311745,2,78.762,75.04742407,77.81116467,99.16403013,191,Rain,No
26-04-2022,M.G. Road,Trinity Circle,23081,52.67439127,1.020388828,85.17938471,100,4,96.162,23.24647177,71.57878755,94.50781813,101,Clear,No
26-04-2022,Jayanagar,Jayanagar 4th Block,17351,42.35526216,1.093303057,60.68320451,86.30867734,0,84.702,18.56553801,92.08465789,89.20473503,81,Fog,No
26-04-2022,Jayanagar,South End Circle,25596,23.53449836,1.5,85.76486503,100,3,101.192,73.23247737,99.94777012,95.96492192,109,Clear,No
27-04-2022,Indiranagar,100 Feet Road,37423,20,1.5,100,100,2,124.846,40.02503413,90.48803092,97.65912985,122,Fog,No
27-04-2022,Indiranagar,CMH Road,39916,20.28020723,1.5,100,100,4,129.832,45.21479244,79.78673129,58.74732569,107,Clear,No
27-04-2022,Koramangala,Sony World Junction,45623,39.8561258,1.5,100,100,4,141.246,76.72934735,84.50644989,90.04433852,97,Clear,No
27-04-2022,Koramangala,Sarjapur Road,58987,25.2097787,1.5,100,100,1,167.974,71.74353619,61.2896148,87.58529801,105,Clear,No
27-04-2022,Electronic City,Hosur Road,9882,23.18824762,1.368546961,34.14008728,44.86110996,0,69.764,39.15432887,98.61963754,79.95985455,206,Fog,No
27-04-2022,Electronic City,Silk Board Junction,27649,43.75604931,1.5,100,100,2,105.298,44.84091635,83.22268094,66.46378646,111,Fog,No
27-04-2022,M.G. Road,Trinity Circle,33369,40.15855328,1.5,100,100,3,116.738,33.62841692,75.2615537,98.64674063,99,Clear,Yes
27-04-2022,M.G. Road,Anil Kumble Circle,52115,31.950187,1.5,100,100,0,154.23,70.16700348,83.64282839,95.10532329,100,Clear,No
27-04-2022,Yeshwanthpur,Yeshwanthpur Circle,22102,31.75138696,1.270973874,83.61803477,100,0,94.204,15.39186875,75.93445145,91.07941807,112,Overcast,No
27-04-2022,Yeshwanthpur,Tumkur Road,7454,51.94816143,1.279446122,21.64019344,36.06905189,1,64.908,64.16122159,72.38533295,51.95273092,210,Fog,No
28-04-2022,Indiranagar,100 Feet Road,31032,41.28871254,1.5,100,100,0,112.064,73.11509244,81.82574473,93.43136327,114,Clear,No
28-04-2022,Indiranagar,CMH Road,46471,37.94843563,1.5,100,100,3,142.942,36.02945119,88.96305687,74.99917658,102,Fog,No
28-04-2022,Whitefield,Marathahalli Bridge,11712,46.02382198,1.227345104,30.10931448,58.65750412,0,73.424,47.42667284,76.9013342,64.21129253,222,Rain,No
28-04-2022,Koramangala,Sarjapur Road,44329,34.80484561,1.5,100,100,2,138.658,32.92334707,77.7625895,72.7592689,109,Clear,No
28-04-2022,M.G. Road,Trinity Circle,24592,37.57720314,1.17229679,90.53623775,100,1,99.184,36.88105208,84.93035903,72.00165765,97,Clear,Yes
28-04-2022,M.G. Road,Anil Kumble Circle,25467,28.36110494,1.5,90.34867081,100,3,100.934,37.94674188,76.03573273,70.26758068,85,Clear,No
28-04-2022,Jayanagar,Jayanagar 4th Block,9720,40.92339421,1.135776882,24.87383664,50.05693868,1,69.44,29.56997038,98.87388217,58.93881438,200,Overcast,No
28-04-2022,Hebbal,Hebbal Flyover,31286,32.17192735,1.5,100,100,1,112.572,40.44551303,85.25996427,69.27015593,96,Overcast,No
29-04-2022,Indiranagar,100 Feet Road,54821,43.44905923,1.5,100,100,0,159.642,25.41728583,86.62136001,94.75728684,105,Clear,No
29-04-2022,Indiranagar,CMH Road,37256,32.94642776,1.5,100,100,1,124.512,71.22056615,62.0042812,75.61576556,99,Clear,No
29-04-2022,Koramangala,Sony World Junction,27328,53.47660003,1.5,98.80531523,100,1,104.656,71.58566452,77.78669883,96.57888265,100,Clear,No
29-04-2022,Koramangala,Sarjapur Road,28891,24.86266846,1.5,100,100,1,107.782,51.37691595,79.27564925,98.89789735,112,Fog,No
29-04-2022,Electronic City,Silk Board Junction,13485,35.69688429,1.196036276,49.97140958,67.57795438,0,76.97,61.47573548,93.32917056,95.1765613,203,Fog,No
29-04-2022,M.G. Road,Trinity Circle,12707,25.10965804,1.399159141,40.97653351,65.79742589,1,75.414,14.0955006,81.84027006,85.01527962,221,Rain,No
29-04-2022,M.G. Road,Anil Kumble Circle,12955,43.34421027,1.29832042,36.63844121,65.83352968,0,75.91,65.78948368,91.93584596,88.77072575,201,Overcast,No
29-04-2022,Jayanagar,Jayanagar 4th Block,20396,56.21076368,1.261003997,66.298696,97.98171007,1,90.792,38.48805364,83.55299573,59.63952179,87,Clear,No
29-04-2022,Hebbal,Ballari Road,30896,46.86215734,1.5,95.90997374,100,2,111.792,47.44151708,87.3868651,72.43703754,99,Clear,Yes
29-04-2022,Yeshwanthpur,Yeshwanthpur Circle,19755,67.74988414,1.049953325,59.25995044,100,1,89.51,56.49525806,83.90728512,60.14629429,98,Clear,Yes
30-04-2022,Indiranagar,100 Feet Road,25391,36.91442047,1.5,76.55688691,100,3,100.782,14.45643333,62.63350969,52.13723033,97,Clear,No
30-04-2022,Indiranagar,CMH Road,27268,43.89002116,1.5,90.22560579,100,3,104.536,42.49868317,63.04873574,77.65816398,95,Clear,Yes
30-04-2022,Whitefield,Marathahalli Bridge,12485,48.11039065,1.197430975,40.34929308,60.11551055,1,74.97,13.71509475,90.70701732,83.29650156,200,Clear,No
30-04-2022,Whitefield,ITPL Main Road,29774,37.86015808,1.5,100,100,2,109.548,41.73474765,95.58385853,84.81806335,115,Windy,No
30-04-2022,Koramangala,Sarjapur Road,15281,45.46085014,1.167042099,45.17753391,76.62041449,1,80.562,60.03385509,99.00458028,94.84815609,94,Clear,No
30-04-2022,Electronic City,Hosur Road,20626,41.89603515,1.370776249,59.24195952,100,1,91.252,37.26693259,80.7407253,66.2312362,104,Rain,No
30-04-2022,Electronic City,Silk Board Junction,12915,63.10534841,1.028914493,50.91685906,65.68930807,0,75.83,45.76514036,79.89017264,53.02009344,204,Fog,No
30-04-2022,M.G. Road,Anil Kumble Circle,51898,27.14588007,1.5,100,100,2,153.796,52.58580135,79.65912938,59.80146009,94,Clear,No
30-04-2022,Jayanagar,South End Circle,25959,34.61348231,1.5,95.29843704,100,2,101.918,32.73550096,97.28183345,83.92649227,111,Clear,No
30-04-2022,Hebbal,Hebbal Flyover,15140,47.35787064,1.063830893,58.23769432,80.60723911,0,80.28,64.22737379,94.36153478,85.0491003,76,Clear,Yes
30-04-2022,Hebbal,Ballari Road,16492,47.31071074,1.318414862,45.13438577,85.88527051,2,82.984,75.34936181,68.36285141,99.72827841,109,Clear,No
01-05-2022,Indiranagar,100 Feet Road,11109,25.51621493,1.104251719,30.48254541,51.9342748,0,72.218,44.54091904,62.51905761,97.32290473,212,Clear,No
01-05-2022,Indiranagar,CMH Road,49897,50.51122589,1.5,100,100,0,149.794,58.31633334,63.93245841,55.771682,107,Rain,No
01-05-2022,Whitefield,Marathahalli Bridge,12337,38.04897338,1.282624326,48.5281665,64.53273203,0,74.674,17.17094814,88.39069136,68.14143624,176,Clear,No
01-05-2022,Koramangala,Sarjapur Road,33182,40.42774674,1.5,100,100,4,116.364,62.79413061,69.55100033,86.88055809,109,Fog,No
01-05-2022,Electronic City,Silk Board Junction,6356,45.56167256,1.329180128,19.90345945,32.14620903,0,62.712,21.41461072,79.28324633,73.17507831,201,Rain,No
01-05-2022,M.G. Road,Trinity Circle,53732,38.13238249,1.5,100,100,1,157.464,58.26424094,96.11906894,58.18529091,83,Clear,No
01-05-2022,M.G. Road,Anil Kumble Circle,26419,48.23824613,1.5,95.44332149,100,1,102.838,27.04543825,63.60031762,72.10415086,114,Overcast,No
01-05-2022,Jayanagar,Jayanagar 4th Block,41555,31.44453329,1.5,100,100,2,133.11,44.48649581,96.04153991,93.85193145,77,Clear,No
01-05-2022,Hebbal,Hebbal Flyover,19539,65.97543915,1.295428415,74.35415802,93.86046688,2,89.078,12.30039081,65.43629529,65.98886445,95,Fog,No
01-05-2022,Yeshwanthpur,Yeshwanthpur Circle,11690,33.01073929,1.269185669,39.58282523,57.30424178,0,73.38,11.54974141,68.7533871,55.3735702,213,Fog,No
01-05-2022,Yeshwanthpur,Tumkur Road,22095,49.44874917,1.35787247,64.55516628,100,1,94.19,30.24901856,62.48099501,92.90390361,94,Clear,No
02-05-2022,Indiranagar,100 Feet Road,30608,52.47059145,1.5,100,100,1,111.216,73.90172217,86.7581231,71.89930108,102,Fog,No
02-05-2022,Indiranagar,CMH Road,21812,63.12356293,1.237839382,71.10638264,100,3,93.624,21.56665231,76.58750839,89.31469644,97,Clear,No
02-05-2022,Whitefield,ITPL Main Road,21994,89.79084251,1.282760361,78.20834719,100,3,93.988,51.80488859,97.88991507,59.64468718,116,Clear,No
02-05-2022,Koramangala,Sony World Junction,28866,55.72598541,1.5,100,100,3,107.732,33.16832486,78.48338418,53.90607154,96,Windy,No
02-05-2022,Koramangala,Sarjapur Road,46737,25.67963134,1.5,100,100,2,143.474,68.23092865,72.41320029,53.15526124,82,Clear,No
02-05-2022,M.G. Road,Trinity Circle,42214,48.25820717,1.5,100,100,1,134.428,71.87947851,63.11575062,52.79441341,92,Clear,No
02-05-2022,M.G. Road,Anil Kumble Circle,36517,24.5607902,1.5,100,100,3,123.034,41.79874202,92.28531315,72.81498209,82,Clear,No
02-05-2022,Jayanagar,Jayanagar 4th Block,38512,37.58401716,1.5,100,100,1,127.024,25.60432032,88.3437323,52.02228641,78,Rain,No
02-05-2022,Jayanagar,South End Circle,32150,35.82029929,1.5,100,100,0,114.3,37.39459371,79.50064179,57.323538,113,Fog,No
02-05-2022,Hebbal,Ballari Road,22015,40.32453452,1.146557067,78.47576899,100,4,94.03,67.21059831,86.06343609,71.19747536,91,Clear,No
02-05-2022,Yeshwanthpur,Tumkur Road,24946,54.40456578,1.005722996,75.5165861,100,2,99.892,65.5005491,97.5094988,88.95686284,103,Clear,No
03-05-2022,Indiranagar,100 Feet Road,23214,56.07272972,1.329659762,74.0463563,100,1,96.428,76.37449433,82.94423144,75.39100073,111,Clear,No
03-05-2022,Indiranagar,CMH Road,20585,56.32287375,1.185690066,65.17825102,100,1,91.17,79.81411845,91.47516791,63.68331271,93,Overcast,Yes
03-05-2022,Whitefield,Marathahalli Bridge,27025,41.3695254,1.5,84.4662327,100,2,104.05,68.4217017,90.84029754,90.69580533,100,Clear,No
03-05-2022,Koramangala,Sony World Junction,63898,21.99066569,1.5,100,100,2,177.796,47.63414736,93.32763218,66.17736791,92,Overcast,No
03-05-2022,Koramangala,Sarjapur Road,42815,38.90721376,1.5,100,100,3,135.63,30.00382302,64.89643227,87.95595478,103,Clear,No
03-05-2022,M.G. Road,Anil Kumble Circle,39165,29.97609252,1.5,100,100,1,128.33,14.40845356,94.9336523,78.42860766,97,Overcast,No
03-05-2022,Jayanagar,Jayanagar 4th Block,19347,29.82050885,1.37198543,71.62387607,96.33880875,2,88.694,78.83905807,72.15550272,66.18621155,100,Clear,No
03-05-2022,Jayanagar,South End Circle,21190,27.56668598,1.222715791,72.26714503,100,3,92.38,30.65882308,74.44550068,81.13466213,102,Clear,No
03-05-2022,Hebbal,Hebbal Flyover,18010,43.33902237,1.166736264,66.81036502,91.28071033,1,86.02,76.10783865,88.37048375,71.08994096,98,Clear,No
03-05-2022,Hebbal,Ballari Road,21454,60.07567454,1.200537152,73.99375213,100,4,92.908,66.58816099,83.80468523,77.39572218,118,Clear,Yes
03-05-2022,Yeshwanthpur,Yeshwanthpur Circle,6823,52.96935926,1.18742455,29.65107229,35.2074631,1,63.646,68.37358617,66.63319904,52.65747961,186,Clear,No
03-05-2022,Yeshwanthpur,Tumkur Road,23470,45.17219583,1.343827036,87.60840218,100,3,96.94,48.06172693,75.44271734,72.12686079,101,Clear,Yes
04-05-2022,Indiranagar,CMH Road,23912,54.87320712,1.054254881,77.39127743,100,1,97.824,40.67592462,92.26544487,79.29845893,103,Clear,No
04-05-2022,Whitefield,Marathahalli Bridge,37008,34.3942306,1.5,100,100,3,124.016,15.9143073,62.74011852,79.77521076,97,Rain,No
04-05-2022,Whitefield,ITPL Main Road,23928,37.58428741,1.170527867,84.01088531,100,1,97.856,27.57043251,67.15801761,82.86065998,103,Clear,No
04-05-2022,Koramangala,Sarjapur Road,29023,38.58920509,1.5,100,100,0,108.046,78.38030282,99.42049162,96.83597397,100,Clear,No
04-05-2022,Electronic City,Hosur Road,16367,47.07882429,1.133367201,44.91256447,84.32995505,1,82.734,77.53162917,60.90486229,79.49803232,109,Clear,No
04-05-2022,M.G. Road,Trinity Circle,39235,29.22779044,1.5,100,100,2,128.47,19.30665895,65.58840763,52.27627499,101,Rain,No
04-05-2022,M.G. Road,Anil Kumble Circle,23182,34.52815645,1.284843573,70.50614005,100,5,96.364,60.28746812,92.96416495,61.23658221,95,Clear,No
04-05-2022,Jayanagar,Jayanagar 4th Block,18097,56.41896537,1.2141796,67.5393574,90.39026737,1,86.194,22.50421992,76.17504803,74.74195339,112,Windy,No
04-05-2022,Jayanagar,South End Circle,28386,45.46879032,1.5,91.90389403,100,3,106.772,30.56227611,99.13360931,71.86815314,99,Overcast,No
04-05-2022,Hebbal,Ballari Road,10566,54.66883417,1.337803967,37.23092478,49.17369614,0,71.132,77.99064384,74.04551254,93.39139569,178,Clear,Yes
04-05-2022,Yeshwanthpur,Yeshwanthpur Circle,15848,60.02697866,1.257992905,50.31432236,76.32267821,1,81.696,19.70210487,79.47317712,62.4357841,89,Clear,No
04-05-2022,Yeshwanthpur,Tumkur Road,36833,27.86767989,1.5,100,100,2,123.666,69.35654023,66.04400637,68.35645447,87,Clear,No
05-05-2022,Indiranagar,100 Feet Road,30798,38.36722982,1.5,100,100,3,111.596,76.31369585,93.80449652,99.12939058,106,Clear,No
05-05-2022,Koramangala,Sony World Junction,45636,38.35696582,1.5,100,100,3,141.272,27.87781619,77.42479251,75.81579944,84,Clear,No
05-05-2022,M.G. Road,Trinity Circle,53459,40.38740926,1.5,100,100,3,156.918,41.4396976,73.39501105,76.68507486,99,Clear,No
05-05-2022,Jayanagar,Jayanagar 4th Block,27373,38.95144333,1.5,100,100,1,104.746,42.95595905,95.81446171,77.99702195,94,Clear,No
05-05-2022,Jayanagar,South End Circle,37157,46.41830928,1.5,100,100,2,124.314,26.48127779,97.25518877,91.07778502,104,Clear,No
05-05-2022,Hebbal,Ballari Road,47146,31.08950274,1.5,100,100,0,144.292,21.83502618,90.18388794,84.4446554,87,Fog,No
05-05-2022,Yeshwanthpur,Tumkur Road,16369,54.67429419,1.288373019,60.21064924,86.18398971,0,82.738,58.02117152,84.10465108,76.26030347,114,Clear,No
06-05-2022,Indiranagar,100 Feet Road,46696,56.74837707,1.5,100,100,1,143.392,35.59903711,65.55161889,84.48443403,99,Clear,No
06-05-2022,Whitefield,Marathahalli Bridge,41527,37.27467268,1.5,100,100,4,133.054,79.32621661,88.05479447,60.43502081,97,Clear,No
06-05-2022,Koramangala,Sony World Junction,57740,41.29135298,1.5,100,100,2,165.48,77.86209968,96.7469269,69.03837861,100,Overcast,No
06-05-2022,Koramangala,Sarjapur Road,46602,34.17409675,1.5,100,100,5,143.204,14.86134782,83.83339588,50.68070736,95,Clear,No
06-05-2022,Electronic City,Hosur Road,14638,51.47407527,1.200555107,56.43564708,68.59240422,1,79.276,71.89671216,76.03452718,91.63785279,207,Overcast,No
06-05-2022,Electronic City,Silk Board Junction,23124,41.89588962,1.201471029,83.68954057,100,6,96.248,17.84771079,88.3894877,99.63686522,107,Clear,No
06-05-2022,M.G. Road,Trinity Circle,34565,38.10479277,1.5,100,100,1,119.13,74.53493694,95.49940747,70.25732192,74,Clear,No
06-05-2022,M.G. Road,Anil Kumble Circle,38155,27.0875047,1.5,100,100,6,126.31,79.51056254,67.32662618,60.72469372,104,Windy,No
06-05-2022,Jayanagar,South End Circle,17842,45.79856836,1.378371145,59.62282043,93.47413879,0,85.684,60.11712329,79.31500488,81.34018151,100,Rain,No
06-05-2022,Hebbal,Ballari Road,18017,36.20393691,1.368105039,66.16720391,86.49578922,2,86.034,67.76504964,81.89680207,83.45987247,100,Clear,No
06-05-2022,Yeshwanthpur,Yeshwanthpur Circle,21905,41.74336779,1.125464364,72.09853756,100,3,93.81,23.41157775,82.06136999,97.35441624,82,Clear,No
06-05-2022,Yeshwanthpur,Tumkur Road,31702,20.39329617,1.5,100,100,3,113.404,25.59306795,93.84913292,90.91190141,97,Clear,No
07-05-2022,Indiranagar,100 Feet Road,44744,28.90097293,1.5,100,100,2,139.488,50.49296461,99.44999426,99.99504885,113,Clear,No
07-05-2022,Whitefield,Marathahalli Bridge,24896,30.44318273,1.186578836,84.5020383,100,4,99.792,42.92894332,71.14912173,68.98951307,103,Rain,No
07-05-2022,Whitefield,ITPL Main Road,22829,39.19836278,1.016851095,67.54888372,100,0,95.658,27.17874145,86.19905292,53.05535392,98,Fog,No
07-05-2022,Koramangala,Sarjapur Road,17036,40.83100364,1.268491231,50.67631128,82.18048633,0,84.072,73.81011981,60.39975099,89.1252818,79,Rain,No
07-05-2022,Electronic City,Hosur Road,15931,46.33238287,1.054037823,56.37631312,79.87138197,0,81.862,47.46675358,96.50769494,50.77937924,104,Clear,No
07-05-2022,M.G. Road,Anil Kumble Circle,34668,30.17199311,1.5,100,100,4,119.336,61.68975709,97.93537705,50.68719173,98,Fog,No
07-05-2022,Hebbal,Hebbal Flyover,10227,34.09607801,1.241402201,37.82774237,50.07014013,2,70.454,59.21200316,97.1387461,84.31433813,208,Clear,No
07-05-2022,Yeshwanthpur,Tumkur Road,7161,42.18629464,1.054541518,26.31903749,34.05168878,0,64.322,25.09642119,94.64426245,79.30751621,230,Clear,No
08-05-2022,Indiranagar,CMH Road,11286,61.55433081,1.122883355,30.70121587,59.82903955,0,72.572,30.28848237,72.25531575,58.0452642,200,Clear,No
08-05-2022,Whitefield,Marathahalli Bridge,21194,33.7018497,1.323483458,64.45309113,100,1,92.388,16.07632016,60.8656276,79.70063505,113,Clear,Yes
08-05-2022,Koramangala,Sarjapur Road,16583,27.43769766,1.282400964,61.47556685,84.02037427,0,83.166,57.78071705,99.36706572,95.27922923,113,Fog,No
08-05-2022,Electronic City,Silk Board Junction,19715,43.57714308,1.043911158,68.66704641,97.95209646,0,89.43,61.82552005,91.97300669,86.27078154,90,Clear,No
08-05-2022,M.G. Road,Trinity Circle,51935,20,1.5,100,100,1,153.87,21.43670195,91.5568773,50.30110202,87,Clear,Yes
08-05-2022,M.G. Road,Anil Kumble Circle,26821,35.0951184,1.5,81.88942607,100,4,103.642,59.87787389,98.91430918,76.87440764,100,Rain,No
08-05-2022,Jayanagar,South End Circle,23020,49.30537893,1.083333143,72.2576967,100,4,96.04,37.6508169,63.81048263,62.84918312,124,Clear,No
08-05-2022,Hebbal,Ballari Road,16972,25.43592549,1.164536316,56.64820724,88.0051288,2,83.944,65.97751623,64.81007094,56.2361885,101,Windy,No
09-05-2022,Indiranagar,100 Feet Road,22545,57.17548022,1.054028143,71.44755452,100,7,95.09,26.12944657,69.30712707,83.11577622,100,Rain,Yes
09-05-2022,Indiranagar,CMH Road,37490,23.41998193,1.5,100,100,4,124.98,49.02491318,67.73718367,84.07229381,120,Clear,No
09-05-2022,Whitefield,ITPL Main Road,8159,55.38734744,1.132437717,24.07632619,38.6975122,0,66.318,33.59291819,81.91785216,88.67586261,207,Clear,No
09-05-2022,Koramangala,Sony World Junction,17034,53.21564125,1.084565206,61.68440253,86.63263377,1,84.068,62.59619858,63.34572362,78.26462048,101,Overcast,Yes
09-05-2022,Koramangala,Sarjapur Road,30666,38.26563016,1.5,100,100,1,111.332,69.35738139,88.91900774,76.55768654,107,Clear,No
09-05-2022,M.G. Road,Trinity Circle,54921,32.20963266,1.5,100,100,1,159.842,35.27417888,60.7773069,99.85460088,86,Fog,No
09-05-2022,M.G. Road,Anil Kumble Circle,40367,29.43947443,1.5,100,100,4,130.734,35.14846423,73.02071927,63.37818115,101,Clear,No
09-05-2022,Jayanagar,Jayanagar 4th Block,9172,63.95574773,1.198549923,26.58224092,49.90673438,0,68.344,70.88768062,75.0682081,94.0311758,210,Overcast,No
09-05-2022,Jayanagar,South End Circle,20847,56.87505521,1.298660573,73.89490802,100,2,91.694,73.86636296,60.72856124,68.32808599,107,Clear,Yes
10-05-2022,Indiranagar,100 Feet Road,21238,42.67400762,1.034939195,75.14789068,100,2,92.476,61.8603841,64.40381221,83.48740588,109,Windy,No
10-05-2022,Indiranagar,CMH Road,23432,51.12821044,1.052065438,84.64032721,100,3,96.864,56.6328333,74.61278253,52.97014869,111,Clear,No
10-05-2022,Whitefield,Marathahalli Bridge,16371,35.58706864,1.031994383,56.61906526,85.36126645,0,82.742,65.99080232,75.77909764,57.97453169,86,Clear,Yes
10-05-2022,Whitefield,ITPL Main Road,31647,52.77644819,1.5,100,100,6,113.294,34.87999714,82.75443189,62.87326663,98,Clear,No
10-05-2022,Koramangala,Sarjapur Road,44134,22.602898,1.5,100,100,2,138.268,43.2096236,94.53224668,58.71007543,103,Clear,No
10-05-2022,Electronic City,Hosur Road,19384,49.58722845,1.225032422,57.27846345,92.09552718,1,88.768,50.8587608,67.33932817,80.17149292,79,Clear,No
10-05-2022,Yeshwanthpur,Tumkur Road,6961,57.52055092,1.325842674,19.46169875,33.78149858,2,63.922,70.30347012,91.720509,65.77696354,194,Clear,No
11-05-2022,Indiranagar,100 Feet Road,24471,56.51515146,1.253452975,75.31958662,100,6,98.942,28.95852264,62.67388879,50.43406046,103,Clear,No
11-05-2022,Whitefield,ITPL Main Road,30318,37.22464862,1.5,100,100,2,110.636,44.26116269,60.39692829,98.43687444,108,Clear,No
11-05-2022,Koramangala,Sarjapur Road,60655,39.10460222,1.5,100,100,3,171.31,34.59197446,95.63669122,54.0696029,99,Clear,No
11-05-2022,M.G. Road,Trinity Circle,23617,37.93837793,1.385060856,81.75521162,100,3,97.234,23.96002008,98.84295993,75.86482479,115,Overcast,Yes
11-05-2022,Jayanagar,South End Circle,28174,37.4617043,1.5,90.05843296,100,4,106.348,64.74324121,68.27063438,64.30604539,100,Clear,No
11-05-2022,Hebbal,Hebbal Flyover,18957,58.98532245,1.202336345,66.08393437,98.88137922,1,87.914,68.69922544,99.57420061,73.62425127,99,Rain,No
11-05-2022,Hebbal,Ballari Road,9214,29.35105081,1.220830679,26.56832984,50.91059572,0,68.428,40.86827719,64.13104662,63.03132567,167,Fog,No
11-05-2022,Yeshwanthpur,Yeshwanthpur Circle,7454,50.51398343,1.025301612,22.14401885,41.82286614,0,64.908,46.83460737,74.20971444,79.80656941,212,Clear,No
12-05-2022,Indiranagar,100 Feet Road,36038,31.92710161,1.5,100,100,1,122.076,34.82926307,96.72912223,99.82770541,121,Clear,No
12-05-2022,Indiranagar,CMH Road,41356,26.43998965,1.5,100,100,3,132.712,74.88814996,88.08257032,70.70139619,103,Clear,No
12-05-2022,Whitefield,Marathahalli Bridge,15194,39.92971737,1.004495593,45.19057496,74.29711582,0,80.388,52.5532887,82.75201396,54.85178893,121,Fog,No
12-05-2022,Whitefield,ITPL Main Road,16523,24.94193778,1.264433507,60.05777891,80.07403043,0,83.046,31.58671948,74.50947472,99.98281545,106,Clear,No
12-05-2022,Koramangala,Sony World Junction,52602,31.83316512,1.5,100,100,2,155.204,47.06253964,61.79924551,51.45954202,103,Fog,No
12-05-2022,Koramangala,Sarjapur Road,41982,35.37647372,1.5,100,100,4,133.964,18.10964268,78.81885004,59.11643813,103,Clear,Yes
12-05-2022,Electronic City,Silk Board Junction,18325,33.23452026,1.227014947,69.53286401,92.89776641,0,86.65,40.54459268,86.19050114,85.0142216,113,Windy,Yes
12-05-2022,Hebbal,Hebbal Flyover,8536,47.43620021,1.344082255,27.36830579,44.63510476,1,67.072,27.02173015,73.69825141,89.83291869,203,Overcast,Yes
13-05-2022,Indiranagar,CMH Road,37075,30.91500482,1.5,100,100,2,124.15,73.19257105,79.32404368,64.04805266,108,Clear,Yes
13-05-2022,Koramangala,Sony World Junction,57299,46.97494517,1.5,100,100,4,164.598,69.97347213,84.38807329,95.38799956,102,Overcast,No
13-05-2022,Koramangala,Sarjapur Road,59488,27.38544443,1.5,100,100,6,168.976,52.54979058,98.79808191,99.37769144,104,Clear,No
13-05-2022,Electronic City,Silk Board Junction,15577,29.13472356,1.241526888,47.76285351,82.09113898,1,81.154,40.40042386,88.09988467,83.14979482,96,Clear,No
13-05-2022,M.G. Road,Trinity Circle,41495,42.21767256,1.5,100,100,0,132.99,43.39349564,91.75617601,81.50223603,99,Overcast,No
13-05-2022,M.G. Road,Anil Kumble Circle,54447,52.15088195,1.5,100,100,4,158.894,62.11970366,76.76125668,74.29942473,110,Clear,No
13-05-2022,Jayanagar,Jayanagar 4th Block,32081,43.56687789,1.5,100,100,2,114.162,36.89235886,83.404893,86.26001983,104,Clear,No
13-05-2022,Jayanagar,South End Circle,17628,29.32953427,1.366382638,60.47874459,85.24117686,0,85.256,74.43126367,77.085757,79.34927415,99,Clear,No
13-05-2022,Hebbal,Ballari Road,28513,26.43580427,1.5,100,100,0,107.026,70.95791172,73.05797767,70.72487626,98,Clear,No
14-05-2022,Indiranagar,100 Feet Road,22198,66.04179275,1.364206404,73.82610766,100,3,94.396,70.3421612,83.87312885,79.57551099,103,Clear,Yes
14-05-2022,Indiranagar,CMH Road,23166,47.21304894,1.150123137,68.4805214,100,1,96.332,36.01393329,97.20957964,72.11945586,110,Clear,No
14-05-2022,Koramangala,Sony World Junction,30001,40.60270477,1.5,97.9604937,100,0,110.002,39.18594114,75.02803098,67.49256935,94,Clear,No
14-05-2022,Electronic City,Silk Board Junction,9359,35.47480939,1.240597181,36.70324629,46.34902804,1,68.718,77.24146015,66.60149322,99.86912469,196,Clear,No
14-05-2022,M.G. Road,Trinity Circle,25936,24.23060747,1.5,86.89165075,100,2,101.872,20.84507808,81.43186585,65.38188041,100,Clear,No
14-05-2022,M.G. Road,Anil Kumble Circle,21780,42.17055025,1.296703791,80.13678812,100,3,93.56,27.33522819,67.3999879,61.51838317,93,Rain,No
14-05-2022,Jayanagar,Jayanagar 4th Block,25976,33.35946767,1.5,78.22314512,100,2,101.952,37.37482154,71.14340691,78.90200558,101,Clear,No
14-05-2022,Yeshwanthpur,Yeshwanthpur Circle,23548,36.33267329,1.021850516,81.11824775,100,3,97.096,18.21828437,76.67627861,68.04001966,90,Clear,No
15-05-2022,Indiranagar,CMH Road,22841,53.22842073,1.368959211,80.3184003,100,0,95.682,50.79355794,92.84568508,93.07951764,106,Clear,No
15-05-2022,Whitefield,Marathahalli Bridge,17173,49.41488039,1.234954476,50.4680695,81.01722471,1,84.346,55.55579992,92.52738681,71.71138885,87,Clear,No
15-05-2022,Koramangala,Sarjapur Road,32697,20,1.5,100,100,6,115.394,18.02642443,93.69816817,74.90842078,87,Clear,No
15-05-2022,Electronic City,Silk Board Junction,27586,28.30633761,1.5,91.72945149,100,1,105.172,68.89517193,61.41209018,98.73684736,104,Rain,No
15-05-2022,M.G. Road,Trinity Circle,55125,25.69429292,1.5,100,100,1,160.25,78.60648997,67.81148604,81.82225139,102,Rain,No
15-05-2022,M.G. Road,Anil Kumble Circle,50403,39.00431994,1.5,100,100,3,150.806,74.01325742,95.13779652,68.84749556,97,Rain,No
15-05-2022,Jayanagar,Jayanagar 4th Block,14563,40.28007827,1.305806624,40.67713474,76.98965226,2,79.126,17.489998,77.52550285,56.57026859,203,Overcast,No
15-05-2022,Hebbal,Hebbal Flyover,28319,35.53327966,1.5,100,100,3,106.638,27.29466518,95.0219149,94.9495528,99,Clear,No
15-05-2022,Hebbal,Ballari Road,17601,52.49582571,1.375508644,48.88813991,83.06253262,0,85.202,44.16437219,66.53456088,74.72597815,97,Clear,No
15-05-2022,Yeshwanthpur,Tumkur Road,5435,47.24816737,1.120466215,13.01930996,28.67672314,0,60.87,15.45820965,81.06106133,89.55948828,176,Clear,No
16-05-2022,Indiranagar,100 Feet Road,51625,54.3756272,1.5,100,100,2,153.25,11.46665192,62.03134557,80.46978817,103,Clear,No
16-05-2022,Indiranagar,CMH Road,11859,44.31561631,1.360061901,44.03446326,64.2561517,0,73.718,71.49400934,84.12217072,72.65627035,188,Overcast,No
16-05-2022,Whitefield,Marathahalli Bridge,22157,28.47065438,1.153727054,80.89856703,100,3,94.314,77.93336525,83.20468132,91.05963792,110,Windy,Yes
16-05-2022,Koramangala,Sarjapur Road,49598,38.64711773,1.5,100,100,2,149.196,40.14673827,87.10946398,59.36234745,105,Fog,Yes
16-05-2022,M.G. Road,Anil Kumble Circle,39845,41.51386712,1.5,100,100,6,129.69,39.51855996,64.3814642,62.37721435,114,Rain,No
16-05-2022,Jayanagar,South End Circle,13839,37.04824988,1.393162093,52.82881606,68.99186755,1,77.678,65.00798267,68.94702392,88.61610226,198,Clear,No
16-05-2022,Hebbal,Ballari Road,32772,47.96879671,1.5,100,100,5,115.544,59.03331309,96.64935333,50.54477365,113,Clear,No
17-05-2022,Indiranagar,CMH Road,31178,23.20826781,1.5,100,100,3,112.356,54.116671,77.46284493,72.83144946,110,Overcast,No
17-05-2022,Koramangala,Sony World Junction,14877,36.81475194,1.094180058,59.27522589,74.80790139,1,79.754,32.5257836,73.41847657,84.93678526,199,Clear,No
17-05-2022,Koramangala,Sarjapur Road,50672,42.07058858,1.5,100,100,2,151.344,79.72538411,79.59143912,60.98756322,100,Overcast,No
17-05-2022,M.G. Road,Trinity Circle,55635,27.7855925,1.5,100,100,3,161.27,45.2580925,88.44444536,88.71801931,92,Clear,No
17-05-2022,M.G. Road,Anil Kumble Circle,30488,35.73082131,1.5,98.17253954,100,0,110.976,70.01342514,92.66268839,99.27481357,120,Clear,No
17-05-2022,Jayanagar,Jayanagar 4th Block,17758,34.80151513,1.220801712,53.41654273,84.05631687,1,85.516,78.13818262,68.86429027,83.19500461,98,Clear,No
17-05-2022,Hebbal,Ballari Road,18575,41.50770525,1.182759628,71.60285048,93.02112791,3,87.15,62.76783832,95.25420961,58.57549115,109,Clear,No
17-05-2022,Yeshwanthpur,Tumkur Road,16193,51.88108024,1.349582849,47.08326601,84.19355524,0,82.386,39.91354729,96.05774743,72.72518005,90,Clear,No
18-05-2022,Indiranagar,CMH Road,49780,37.78923097,1.5,100,100,2,149.56,60.067007,89.42754995,99.84554446,108,Clear,No
18-05-2022,Whitefield,Marathahalli Bridge,16523,30.10390388,1.362464254,63.33119919,78.16263778,0,83.046,27.158334,70.2023781,54.74445876,97,Clear,No
18-05-2022,Whitefield,ITPL Main Road,22540,55.33299,1.034214144,71.05993836,100,1,95.08,42.39913304,68.84011569,86.93655527,89,Overcast,No
18-05-2022,Koramangala,Sony World Junction,43310,58.59900213,1.5,100,100,1,136.62,33.0380789,90.84804116,95.82326531,112,Windy,No
18-05-2022,Electronic City,Silk Board Junction,19015,46.93655317,1.353537722,70.22254696,99.53291272,1,88.03,10.77380791,81.78556222,71.76361194,99,Overcast,No
18-05-2022,Jayanagar,Jayanagar 4th Block,29377,44.94518116,1.5,94.49403567,100,1,108.754,30.6312593,70.47286262,81.88557119,118,Fog,No
18-05-2022,Jayanagar,South End Circle,35575,43.94290528,1.5,100,100,1,121.15,66.34919913,80.69656755,84.26053732,117,Clear,No
18-05-2022,Hebbal,Hebbal Flyover,26320,33.1419439,1.5,79.62390861,100,3,102.64,45.54620194,96.27157616,57.97207058,106,Fog,No
19-05-2022,Indiranagar,100 Feet Road,34525,48.46480596,1.5,100,100,0,119.05,61.49369052,61.71547039,59.52951506,105,Windy,No
19-05-2022,Indiranagar,CMH Road,46721,40.1486118,1.5,100,100,3,143.442,30.33565889,84.34076393,67.86843396,109,Clear,No
19-05-2022,Whitefield,ITPL Main Road,13591,34.38527027,1.043252789,46.24151372,70.59148634,0,77.182,67.84039555,65.10274189,71.78059289,204,Rain,No
19-05-2022,Koramangala,Sony World Junction,16086,54.44336855,1.397391974,57.48724873,82.29830396,0,82.172,70.7546036,99.87339048,88.95224351,103,Fog,No
19-05-2022,Electronic City,Hosur Road,21032,37.0653853,1.096149582,73.7862402,100,0,92.064,54.33505384,64.53076333,82.96457364,92,Clear,No
19-05-2022,M.G. Road,Trinity Circle,42380,28.57284678,1.5,100,100,6,134.76,14.76939846,72.08315197,66.01150205,98,Clear,No
19-05-2022,M.G. Road,Anil Kumble Circle,39479,40.95771997,1.5,100,100,1,128.958,38.5607162,72.95274138,79.27959126,94,Clear,No
19-05-2022,Jayanagar,South End Circle,17304,55.64183953,1.214319626,60.65883872,84.9980965,0,84.608,43.26784318,68.59523888,64.21052935,80,Clear,No
19-05-2022,Yeshwanthpur,Yeshwanthpur Circle,14915,56.65157124,1.076392812,47.81257478,74.961725,1,79.83,51.77056026,88.68143686,98.8945929,214,Fog,No
20-05-2022,Indiranagar,100 Feet Road,45393,42.79874528,1.5,100,100,1,140.786,57.02893803,60.14463447,55.48687236,96,Overcast,No
20-05-2022,Indiranagar,CMH Road,21303,45.99229623,1.11251138,71.33010584,100,0,92.606,30.76876883,97.06485394,71.45616589,101,Fog,No
20-05-2022,Whitefield,Marathahalli Bridge,19892,41.9559906,1.260450298,70.96190389,95.71071239,1,89.784,36.58982401,90.53779582,85.68540511,105,Clear,No
20-05-2022,Whitefield,ITPL Main Road,14529,43.44796087,1.300008876,54.18441575,73.3876669,0,79.058,72.30582187,98.62543315,60.11817802,209,Clear,No
20-05-2022,Koramangala,Sony World Junction,47068,33.40641425,1.5,100,100,2,144.136,35.08980197,96.22193126,78.35865501,91,Clear,No
20-05-2022,Koramangala,Sarjapur Road,42878,35.74681639,1.5,100,100,2,135.756,63.542267,79.97848537,86.28277318,100,Fog,No
20-05-2022,M.G. Road,Anil Kumble Circle,38289,28.06303283,1.5,100,100,2,126.578,42.51448687,96.05270661,61.21569547,106,Clear,No
20-05-2022,Jayanagar,Jayanagar 4th Block,26019,24.12485986,1.5,89.85016217,100,3,102.038,25.17839524,94.59335258,92.86656851,123,Clear,No
20-05-2022,Yeshwanthpur,Yeshwanthpur Circle,12596,42.4272511,1.128595477,44.55086821,66.92478056,1,75.192,19.38581995,67.72289095,98.5493326,202,Overcast,No
21-05-2022,Indiranagar,100 Feet Road,25966,35.12390076,1.5,93.92848197,100,1,101.932,78.29431458,84.31092896,89.05488776,98,Clear,No
21-05-2022,Indiranagar,CMH Road,29655,32.46666259,1.5,92.39193389,100,4,109.31,53.63595322,95.91801374,58.38486615,104,Clear,No
21-05-2022,Koramangala,Sony World Junction,48220,26.20836055,1.5,100,100,1,146.44,22.46206707,63.10275629,80.90363399,112,Clear,No
21-05-2022,Electronic City,Hosur Road,10947,31.02785754,1.089999471,33.54197357,57.02042599,1,71.894,54.64219664,79.08308686,96.72827874,191,Fog,No
21-05-2022,M.G. Road,Trinity Circle,37674,28.54151012,1.5,100,100,2,125.348,44.10017539,60.18439744,82.4840419,98,Clear,No
21-05-2022,M.G. Road,Anil Kumble Circle,49801,34.19012091,1.5,100,100,1,149.602,44.89903482,74.80248251,90.19381886,95,Fog,No
21-05-2022,Hebbal,Hebbal Flyover,30208,37.01212971,1.5,100,100,4,110.416,73.18698192,77.80848488,53.68720826,114,Clear,No
21-05-2022,Yeshwanthpur,Tumkur Road,22700,37.61142499,1.04722356,70.46350164,100,3,95.4,49.43722514,91.90083997,56.60780987,82,Fog,No
22-05-2022,Indiranagar,100 Feet Road,24370,44.33240822,1.096250091,89.2662418,100,0,98.74,42.71186647,97.94194869,70.92827991,113,Clear,No
22-05-2022,Whitefield,Marathahalli Bridge,22535,42.34248759,1.111878005,71.53910733,100,3,95.07,43.32358358,85.88248828,52.77903172,107,Clear,No
22-05-2022,Koramangala,Sony World Junction,39668,39.760108,1.5,100,100,1,129.336,19.07075176,67.62674324,90.88496559,105,Clear,No
22-05-2022,Koramangala,Sarjapur Road,46507,35.10939743,1.5,100,100,3,143.014,50.17822973,96.02311722,89.00669246,109,Clear,No
22-05-2022,M.G. Road,Trinity Circle,33806,30.01021257,1.5,100,100,0,117.612,10.11567417,93.07190959,99.84054702,107,Clear,No
22-05-2022,Jayanagar,Jayanagar 4th Block,17478,45.61097635,1.397452057,51.92767667,89.49707362,0,84.956,47.80653948,63.22445154,88.33892123,102,Overcast,No
22-05-2022,Yeshwanthpur,Yeshwanthpur Circle,13984,48.13412053,1.095285621,52.0066231,67.56285221,2,77.968,29.18334657,76.06474296,70.66255016,200,Clear,No
23-05-2022,Indiranagar,100 Feet Road,38115,23.36460159,1.5,100,100,1,126.23,33.93484132,96.36895718,95.56540816,102,Overcast,No
23-05-2022,Indiranagar,CMH Road,33825,33.57173361,1.5,100,100,2,117.65,46.90082127,64.29697952,60.03710916,115,Fog,Yes
23-05-2022,Whitefield,Marathahalli Bridge,22824,36.74988102,1.025819122,79.10679882,100,6,95.648,67.26664265,67.28270449,52.81124579,122,Windy,No
23-05-2022,Whitefield,ITPL Main Road,22301,52.06882921,1.308358273,80.42405917,100,0,94.602,24.28855992,68.02585636,53.26202271,107,Overcast,No
23-05-2022,Koramangala,Sony World Junction,45206,45.54183165,1.5,100,100,1,140.412,41.15294753,91.40373226,51.53904159,102,Overcast,No
23-05-2022,Koramangala,Sarjapur Road,48953,27.02258502,1.5,100,100,4,147.906,60.00556134,81.36037269,90.84502973,99,Overcast,No
23-05-2022,Electronic City,Silk Board Junction,7977,54.29189562,1.0177556,23.97271816,39.87412873,0,65.954,22.11957539,80.33666205,79.29521178,189,Overcast,No
23-05-2022,Jayanagar,Jayanagar 4th Block,11516,38.15702021,1.170353386,34.91568208,58.98994116,0,73.032,77.76512966,69.28316353,95.85493843,179,Clear,No
23-05-2022,Jayanagar,South End Circle,28143,43.18175525,1.5,91.06467636,100,5,106.286,69.31450197,72.07920908,68.59064365,89,Rain,No
23-05-2022,Hebbal,Hebbal Flyover,29009,45.42006994,1.5,100,100,4,108.018,28.64186209,82.96626666,98.9632299,99,Overcast,No
23-05-2022,Hebbal,Ballari Road,27239,35.41097352,1.5,100,100,2,104.478,44.67111576,97.23329663,94.8300479,95,Rain,No
23-05-2022,Yeshwanthpur,Yeshwanthpur Circle,20862,44.36704741,1.139220915,70.36102446,100,2,91.724,44.68220932,98.11298868,81.25066246,107,Clear,No
24-05-2022,Indiranagar,100 Feet Road,29697,20,1.5,100,100,2,109.394,34.46380841,87.19164805,85.13732872,104,Clear,No
24-05-2022,Indiranagar,CMH Road,48449,34.68777041,1.5,100,100,1,146.898,41.70530094,60.87705719,72.25226417,108,Clear,No
24-05-2022,Whitefield,ITPL Main Road,25240,60.93385745,1.5,90.73820389,100,3,100.48,12.06097603,90.13541696,98.6091039,103,Clear,No
24-05-2022,Koramangala,Sony World Junction,49536,34.63058814,1.5,100,100,2,149.072,43.38029043,94.91485912,52.12198629,103,Clear,No
24-05-2022,Koramangala,Sarjapur Road,45300,32.97279971,1.5,100,100,5,140.6,72.42148227,68.1867579,92.94387881,94,Clear,No
24-05-2022,Electronic City,Silk Board Junction,24642,44.81833119,1.19542522,83.14818886,100,3,99.284,16.83397677,85.77809457,59.03701533,92,Clear,No
24-05-2022,M.G. Road,Trinity Circle,11827,27.51286963,1.358280441,35.91234641,57.9274112,1,73.654,65.87996937,98.1508296,89.77787492,196,Clear,No
24-05-2022,M.G. Road,Anil Kumble Circle,25397,31.61072369,1.5,75.92022767,100,3,100.794,73.11716777,80.25446239,53.35824963,88,Clear,No
24-05-2022,Jayanagar,Jayanagar 4th Block,16468,37.23635979,1.274715587,62.0804829,81.21055413,1,82.936,23.79111157,73.18555297,80.4678187,96,Clear,No
24-05-2022,Jayanagar,South End Circle,32561,40.7483075,1.5,100,100,3,115.122,41.66988205,66.30109302,76.66105012,89,Clear,No
24-05-2022,Hebbal,Hebbal Flyover,37538,20,1.5,100,100,1,125.076,31.40507698,83.79080669,66.63122666,107,Clear,No
24-05-2022,Hebbal,Ballari Road,22857,78.76633909,1.301809471,69.97343727,100,0,95.714,31.01741928,87.40714313,90.27583143,96,Overcast,No
24-05-2022,Yeshwanthpur,Yeshwanthpur Circle,30781,46.27281123,1.5,100,100,1,111.562,42.26229787,61.85734622,64.7125204,102,Rain,No
25-05-2022,Indiranagar,CMH Road,45943,44.4890537,1.5,100,100,3,141.886,19.72532606,78.75114953,99.93964254,89,Clear,No
25-05-2022,Whitefield,ITPL Main Road,21754,40.88171403,1.169025066,64.3327303,100,0,93.508,69.63049222,91.70194965,72.13771429,107,Clear,No
25-05-2022,Koramangala,Sony World Junction,49598,44.88095984,1.5,100,100,2,149.196,18.75221309,84.00109611,68.79933345,110,Rain,No
25-05-2022,Koramangala,Sarjapur Road,33254,46.07311669,1.5,100,100,2,116.508,14.29610509,72.43978808,56.82944692,101,Clear,No
25-05-2022,M.G. Road,Trinity Circle,24535,39.46732341,1.217889951,82.84862137,100,2,99.07,37.70303926,95.60562565,76.01593041,95,Clear,Yes
25-05-2022,Jayanagar,Jayanagar 4th Block,17931,44.1766945,1.229318948,57.96122721,87.47771067,0,85.862,65.84532142,98.9591238,67.40205352,74,Fog,No
26-05-2022,Indiranagar,100 Feet Road,26324,74.42331011,1.5,89.95217764,100,3,102.648,40.40764257,68.40804858,93.76525784,100,Clear,No
26-05-2022,Indiranagar,CMH Road,40716,37.90795807,1.5,100,100,4,131.432,15.09708287,73.9319767,86.87435431,105,Clear,No
26-05-2022,Whitefield,ITPL Main Road,15169,31.63668111,1.078201036,59.81472508,72.39001811,1,80.338,36.45061941,69.25279204,81.78781672,105,Clear,No
26-05-2022,Koramangala,Sarjapur Road,39236,29.63905658,1.5,100,100,1,128.472,50.74753782,95.23088435,60.8774715,90,Clear,No
26-05-2022,M.G. Road,Anil Kumble Circle,40831,35.46249062,1.5,100,100,3,131.662,39.4759594,61.9887317,82.74517661,82,Clear,No
26-05-2022,Jayanagar,Jayanagar 4th Block,18011,45.90110429,1.150096563,57.75388293,87.00459496,0,86.022,40.71985197,70.83181185,58.02700433,94,Clear,No
26-05-2022,Hebbal,Ballari Road,30123,34.24507629,1.5,100,100,1,110.246,60.87463866,65.46753279,66.97529536,121,Windy,Yes
26-05-2022,Yeshwanthpur,Tumkur Road,23609,36.56799736,1.065584848,85.62930773,100,0,97.218,37.65317933,99.17766568,55.51711139,85,Clear,No
27-05-2022,Indiranagar,100 Feet Road,34959,20,1.5,100,100,2,119.918,26.82179458,84.55225605,81.06485171,96,Overcast,No
27-05-2022,Indiranagar,CMH Road,33490,43.29223586,1.5,100,100,1,116.98,24.75983533,82.35203337,97.48935507,103,Rain,No
27-05-2022,Whitefield,ITPL Main Road,23015,44.52402755,1.215905795,86.50200157,100,1,96.03,61.27150811,64.57319979,63.67857868,102,Fog,No
27-05-2022,Koramangala,Sony World Junction,53977,32.3783608,1.5,100,100,1,157.954,19.03373706,64.2445384,79.26250765,92,Clear,No
27-05-2022,Koramangala,Sarjapur Road,45103,31.1750534,1.5,100,100,4,140.206,37.05138621,78.74760269,81.77062916,119,Overcast,No
27-05-2022,M.G. Road,Trinity Circle,38377,27.89659763,1.5,100,100,5,126.754,16.39532161,98.49487017,71.6150385,105,Clear,No
27-05-2022,M.G. Road,Anil Kumble Circle,30709,29.14793103,1.5,94.49806697,100,0,111.418,48.139868,82.10782755,93.72193926,107,Overcast,No
27-05-2022,Jayanagar,South End Circle,35392,38.38774824,1.5,100,100,1,120.784,57.88841895,71.47698055,51.37466658,90,Clear,No
27-05-2022,Hebbal,Hebbal Flyover,36986,46.04263067,1.5,100,100,2,123.972,26.30944368,75.46528769,76.3948192,101,Clear,No
27-05-2022,Yeshwanthpur,Tumkur Road,29892,46.02195319,1.5,100,100,1,109.784,49.42633161,73.20283202,71.49259891,103,Clear,No
28-05-2022,Indiranagar,100 Feet Road,25210,26.31824981,1.5,75.04128922,100,1,100.42,62.49421955,78.35251713,58.17255545,92,Clear,No
28-05-2022,Indiranagar,CMH Road,10466,27.5843035,1.133527827,36.04146147,50.7895749,0,70.932,65.82664832,66.48437422,80.95573477,200,Fog,No
28-05-2022,Whitefield,Marathahalli Bridge,26736,38.15090233,1.5,79.14183082,100,1,103.472,47.23797119,89.87306025,70.61362612,105,Clear,No
28-05-2022,Whitefield,ITPL Main Road,14343,48.15309627,1.037054547,51.01025988,72.1779807,0,78.686,20.67100191,76.44108447,89.48658817,220,Clear,No
28-05-2022,Koramangala,Sony World Junction,31193,28.42114149,1.5,100,100,2,112.386,54.32776051,85.4637611,89.59259314,93,Clear,No
28-05-2022,Koramangala,Sarjapur Road,62146,25.16580208,1.5,100,100,0,174.292,65.94010723,66.29805335,59.32533414,92,Clear,No
28-05-2022,M.G. Road,Trinity Circle,42494,37.72914115,1.5,100,100,4,134.988,11.07629368,87.78688434,61.55130879,112,Clear,No
28-05-2022,M.G. Road,Anil Kumble Circle,41994,47.56770597,1.5,100,100,0,133.988,19.61869092,77.56917909,57.32682754,115,Clear,No
29-05-2022,Indiranagar,100 Feet Road,38799,28.88634353,1.5,100,100,2,127.598,76.01756474,70.66390307,96.83441196,110,Fog,No
29-05-2022,Indiranagar,CMH Road,24813,51.6177848,1.085281713,85.01186732,100,1,99.626,29.70633647,63.84976497,73.34791493,103,Clear,No
29-05-2022,Whitefield,Marathahalli Bridge,15473,42.00198802,1.321351029,50.366504,73.83585992,0,80.946,30.85583211,91.92062075,68.2229924,88,Clear,Yes
29-05-2022,Koramangala,Sony World Junction,16198,54.81147826,1.251535915,50.83193769,81.28604854,0,82.396,59.04352111,83.34320745,54.08995569,104,Clear,No
29-05-2022,Electronic City,Hosur Road,30788,30.51524769,1.5,100,100,2,111.576,27.98790544,74.46481256,92.9732889,120,Overcast,No
29-05-2022,M.G. Road,Trinity Circle,13574,38.29085622,1.089106351,54.62949907,69.23112057,1,77.148,72.48944199,86.71258291,93.22028122,235,Clear,No
29-05-2022,Jayanagar,Jayanagar 4th Block,15359,55.37075293,1.095354277,50.95957086,73.95653828,0,80.718,76.96245538,93.59136142,97.08154598,110,Overcast,No
29-05-2022,Hebbal,Ballari Road,11154,43.76758061,1.186017661,40.39635167,51.01140777,0,72.308,40.5388496,85.22524189,58.5760594,212,Overcast,Yes
29-05-2022,Yeshwanthpur,Tumkur Road,26050,25.04002893,1.5,95.51943871,100,0,102.1,63.91954765,85.85572206,64.64898603,100,Clear,No
30-05-2022,Indiranagar,100 Feet Road,39009,37.31792763,1.5,100,100,2,128.018,78.58671217,99.32874259,61.16149651,81,Clear,No
30-05-2022,Indiranagar,CMH Road,51607,30.62764058,1.5,100,100,1,153.214,37.47428609,95.87112467,62.07415181,106,Clear,No
30-05-2022,Whitefield,ITPL Main Road,24389,46.79398039,1.07755056,85.96434585,100,2,98.778,49.89366127,79.6853597,75.89608668,99,Clear,No
30-05-2022,Koramangala,Sarjapur Road,34492,40.56795947,1.5,100,100,1,118.984,33.64901367,77.10088618,53.09021198,110,Overcast,No
30-05-2022,Electronic City,Hosur Road,17924,43.58701104,1.370699109,57.4350308,85.55109281,0,85.848,44.86072757,67.40606749,73.32808526,77,Clear,No
30-05-2022,M.G. Road,Anil Kumble Circle,24267,47.78745754,1.102014268,74.44741267,100,2,98.534,79.31209638,76.87346929,54.85346641,86,Windy,No
30-05-2022,Jayanagar,South End Circle,32783,35.00071867,1.5,100,100,0,115.566,40.78349365,80.439674,80.35161191,93,Clear,No
30-05-2022,Yeshwanthpur,Yeshwanthpur Circle,26148,41.72452775,1.5,81.06211611,100,4,102.296,51.54228557,71.32996249,55.45115804,105,Rain,No
31-05-2022,Indiranagar,100 Feet Road,38325,47.03710535,1.5,100,100,4,126.65,49.13474093,70.60174115,69.22165487,110,Clear,No
31-05-2022,Indiranagar,CMH Road,38050,33.49207525,1.5,100,100,3,126.1,13.05127041,79.96734098,56.27290448,111,Clear,No
31-05-2022,Koramangala,Sony World Junction,30724,29.75107434,1.5,100,100,0,111.448,63.39802065,85.67550309,98.19444341,102,Clear,No
31-05-2022,Electronic City,Silk Board Junction,10601,33.02146255,1.112201803,33.60915872,55.14548799,1,71.202,58.04886406,74.10248569,99.02635841,191,Clear,No
31-05-2022,M.G. Road,Trinity Circle,38131,52.10775778,1.5,100,100,3,126.262,28.8094634,77.59852598,72.30640047,109,Clear,No
31-05-2022,M.G. Road,Anil Kumble Circle,44521,32.38332512,1.5,100,100,8,139.042,48.0007698,70.36480417,67.73775856,115,Clear,No
31-05-2022,Jayanagar,Jayanagar 4th Block,37195,45.69443276,1.5,100,100,2,124.39,48.01797207,72.07325191,83.04039715,95,Clear,No
31-05-2022,Jayanagar,South End Circle,10077,46.19984384,1.309020854,37.60813368,46.77964655,1,70.154,50.06933448,95.70996018,63.84948909,189,Rain,Yes
31-05-2022,Hebbal,Hebbal Flyover,41812,32.60626058,1.5,100,100,2,133.624,67.06552979,64.25179442,74.36771854,104,Clear,No
31-05-2022,Yeshwanthpur,Yeshwanthpur Circle,14614,45.44206175,1.086997273,58.43140988,75.21342533,1,79.228,31.02941312,62.30945119,68.57734975,202,Fog,No
31-05-2022,Yeshwanthpur,Tumkur Road,13296,47.42258157,1.091935598,34.48928843,71.16414863,0,76.592,60.39297455,86.05532685,57.21822794,204,Clear,No
01-06-2022,Indiranagar,100 Feet Road,23207,47.13942301,1.050966208,85.20834219,100,2,96.414,26.55217032,84.91200554,55.77071195,87,Rain,No
01-06-2022,Indiranagar,CMH Road,46932,51.76021459,1.5,100,100,0,143.864,79.48583231,60.9128292,77.49417797,94,Clear,No
01-06-2022,Koramangala,Sony World Junction,31569,29.32804849,1.5,100,100,1,113.138,18.35684527,66.44073331,76.65413303,125,Overcast,No
01-06-2022,Electronic City,Hosur Road,21458,35.36500939,1.196376938,69.14108429,100,1,92.916,60.50397866,63.52021001,81.39062145,99,Clear,No
01-06-2022,Electronic City,Silk Board Junction,9035,35.62955315,1.101551536,21.11004078,48.54246332,0,68.07,72.11558609,65.01861556,53.26308685,202,Clear,No
01-06-2022,M.G. Road,Trinity Circle,32687,35.30585296,1.5,100,100,4,115.374,74.10545096,67.5791848,52.42116132,95,Overcast,No
01-06-2022,Jayanagar,Jayanagar 4th Block,9417,45.93365193,1.201088524,22.42030452,44.29718656,0,68.834,33.64999904,61.74413534,95.24463502,201,Clear,Yes
01-06-2022,Jayanagar,South End Circle,40201,35.79178463,1.5,100,100,1,130.402,41.04509678,71.62799255,70.9316928,98,Clear,No
02-06-2022,Indiranagar,100 Feet Road,35247,20.43062454,1.5,100,100,3,120.494,15.04693484,66.24419991,52.73799656,97,Rain,No
02-06-2022,Indiranagar,CMH Road,36395,20,1.5,100,100,2,122.79,49.36435223,71.14601362,69.43065304,116,Clear,No
02-06-2022,Whitefield,Marathahalli Bridge,34267,29.53241852,1.5,100,100,1,118.534,54.62245402,98.46067227,98.81048029,106,Clear,No
02-06-2022,Koramangala,Sony World Junction,52151,49.2388369,1.5,100,100,1,154.302,24.56596333,79.93601703,95.17540527,103,Clear,No
02-06-2022,Koramangala,Sarjapur Road,15472,46.39223398,1.0316668,53.22245594,81.51478603,0,80.944,54.16390485,78.99609167,67.34946593,104,Fog,Yes
02-06-2022,M.G. Road,Trinity Circle,26128,45.73841828,1.5,94.77661684,100,1,102.256,16.87856441,79.16367684,97.31484602,102,Clear,No
02-06-2022,M.G. Road,Anil Kumble Circle,55499,31.77392227,1.5,100,100,2,160.998,23.2952167,68.78750502,97.4983044,88,Clear,No
02-06-2022,Yeshwanthpur,Tumkur Road,24390,62.59022015,1.272096834,79.32625655,100,3,98.78,76.96445094,61.01018247,66.63426487,93,Clear,No
03-06-2022,Indiranagar,100 Feet Road,47439,48.77209807,1.5,100,100,3,144.878,46.82635864,87.03418951,86.34410282,96,Overcast,No
03-06-2022,Indiranagar,CMH Road,22317,62.41922532,1.009688935,71.32723741,100,3,94.634,25.35776974,81.041745,50.552318,99,Rain,No
03-06-2022,Whitefield,Marathahalli Bridge,8718,31.64534707,1.028949337,21.21284844,45.06035025,1,67.436,44.27711459,97.8284546,97.27717811,192,Clear,No
03-06-2022,Whitefield,ITPL Main Road,23954,60.7861539,1.318252046,75.06747333,100,3,97.908,53.69137191,65.30291469,69.51484412,89,Clear,No
03-06-2022,Koramangala,Sony World Junction,42799,27.74481696,1.5,100,100,2,135.598,74.95665785,86.91609441,90.13384273,101,Clear,No
03-06-2022,Electronic City,Hosur Road,17304,42.87519365,1.249247795,53.89740234,85.92880233,0,84.608,55.38354241,78.80479064,98.1729331,96,Clear,No
03-06-2022,M.G. Road,Trinity Circle,41081,25.14053527,1.5,100,100,1,132.162,26.59440308,91.16877133,80.29931351,91,Overcast,No
03-06-2022,M.G. Road,Anil Kumble Circle,34505,58.39996322,1.5,100,100,1,119.01,53.10136834,94.82494254,72.89508927,107,Clear,No
03-06-2022,Jayanagar,South End Circle,17251,39.19022986,1.041405308,57.77121477,81.95204683,0,84.502,40.79373107,78.95659002,78.26992426,106,Clear,Yes
03-06-2022,Hebbal,Hebbal Flyover,9181,52.27179316,1.375684997,30.33140844,45.36825752,1,68.362,52.51163287,97.40586825,71.11296305,214,Overcast,No
03-06-2022,Hebbal,Ballari Road,27999,27.92819461,1.5,89.43524858,100,4,105.998,17.03263481,82.17567913,66.39004843,91,Rain,No
04-06-2022,Indiranagar,100 Feet Road,51835,21.43175849,1.5,100,100,3,153.67,79.00373241,92.00073926,93.44045358,106,Clear,No
04-06-2022,Indiranagar,CMH Road,20001,60.58626517,1.260666398,66.34586466,100,1,90.002,33.06030164,77.47262346,98.1029224,96,Rain,No
04-06-2022,Koramangala,Sony World Junction,45446,31.63679628,1.5,100,100,2,140.892,55.75942734,61.3331518,70.70335833,110,Rain,No
04-06-2022,Koramangala,Sarjapur Road,63572,36.47651841,1.5,100,100,1,177.144,75.38104241,65.49837756,51.99631256,79,Rain,No
04-06-2022,Electronic City,Hosur Road,22687,41.47954645,1.111845159,69.97395681,100,0,95.374,51.94154114,78.86101942,66.84472826,96,Windy,No
04-06-2022,M.G. Road,Trinity Circle,12131,61.73719767,1.222081236,35.50208458,56.00983405,2,74.262,65.09392671,89.64610693,58.9187501,197,Fog,No
04-06-2022,M.G. Road,Anil Kumble Circle,41231,41.80302892,1.5,100,100,2,132.462,66.30509579,63.57278085,92.97466449,94,Clear,Yes
04-06-2022,Jayanagar,Jayanagar 4th Block,18317,56.92769002,1.173713407,64.90841946,91.10762763,0,86.634,71.61205264,77.13581396,53.70022878,101,Clear,No
04-06-2022,Hebbal,Ballari Road,42237,20,1.5,100,100,0,134.474,13.21257075,92.43443878,71.71340805,95,Fog,No
04-06-2022,Yeshwanthpur,Yeshwanthpur Circle,21042,59.19346232,1.320576678,70.64317918,100,1,92.084,70.19271022,62.45791664,60.92630004,115,Rain,No
05-06-2022,Indiranagar,100 Feet Road,27483,42.84825369,1.5,95.21545238,100,3,104.966,55.84137172,83.4778226,57.79194924,91,Overcast,No
05-06-2022,Indiranagar,CMH Road,23498,58.97918915,1.129586773,83.10875739,100,1,96.996,32.3010914,72.77267402,66.48765461,100,Clear,No
05-06-2022,Koramangala,Sony World Junction,29380,29.83793869,1.5,89.24260776,100,1,108.76,67.48611489,64.75264989,83.49570094,104,Clear,No
05-06-2022,Koramangala,Sarjapur Road,45175,35.85438685,1.5,100,100,2,140.35,68.63096562,71.18553312,52.68167705,87,Rain,No
05-06-2022,M.G. Road,Anil Kumble Circle,36525,43.61927554,1.5,100,100,0,123.05,30.81784412,78.95531493,55.40346476,87,Fog,No
05-06-2022,Jayanagar,Jayanagar 4th Block,23356,40.42253803,1.058624801,83.69126237,100,2,96.712,45.72150849,77.76066522,71.1936753,83,Clear,No
05-06-2022,Jayanagar,South End Circle,35756,46.76637549,1.5,100,100,0,121.512,71.77451892,86.83453418,93.76308038,84,Clear,No
05-06-2022,Hebbal,Ballari Road,36512,40.40868445,1.5,100,100,2,123.024,58.0410788,79.48767101,89.54826994,110,Clear,No
06-06-2022,Indiranagar,100 Feet Road,22044,32.92544319,1.169549897,76.58814246,100,0,94.088,36.12950281,94.22518465,74.91757554,93,Rain,No
06-06-2022,Indiranagar,CMH Road,36454,49.01069356,1.5,100,100,1,122.908,39.21907767,73.42344841,67.52044724,84,Clear,No
06-06-2022,Whitefield,ITPL Main Road,27073,28.28502486,1.5,81.24586198,100,2,104.146,19.72707851,70.88796557,58.39110471,87,Clear,No
06-06-2022,Koramangala,Sony World Junction,42418,24.13086305,1.5,100,100,2,134.836,72.82228964,63.17782721,67.44546135,103,Clear,No
06-06-2022,Electronic City,Hosur Road,26845,35.92716902,1.5,83.0050525,100,0,103.69,71.82375128,86.96637689,68.5127392,90,Rain,No
06-06-2022,M.G. Road,Anil Kumble Circle,12789,52.69536914,1.139355004,36.71799238,67.91922571,0,75.578,54.56710076,95.23060046,51.74568073,215,Rain,No
06-06-2022,Jayanagar,South End Circle,8604,48.87223068,1.156888091,35.12984753,40.0793215,1,67.208,35.63074239,86.49750987,67.0694861,194,Clear,No
07-06-2022,Indiranagar,100 Feet Road,36859,24.11924327,1.5,100,100,2,123.718,69.58906708,75.76458305,85.48411615,88,Clear,No
07-06-2022,Indiranagar,CMH Road,31519,37.22058059,1.5,100,100,1,113.038,57.33047749,97.15383904,57.06786216,97,Fog,No
07-06-2022,Whitefield,ITPL Main Road,34723,35.53452166,1.5,100,100,2,119.446,78.06370748,71.93054772,62.46389332,100,Fog,No
07-06-2022,Koramangala,Sony World Junction,47296,33.04995235,1.5,100,100,0,144.592,73.06541469,64.97346294,62.22562076,88,Overcast,No
07-06-2022,Electronic City,Hosur Road,15540,51.02535366,1.30776216,48.75130245,78.00536897,1,81.08,60.85664303,86.46808371,53.41854397,99,Clear,No
07-06-2022,Electronic City,Silk Board Junction,23022,47.16356535,1.005398908,84.74879119,100,1,96.044,20.19644863,72.90117818,67.27308865,112,Rain,No
07-06-2022,M.G. Road,Anil Kumble Circle,40715,22.78214989,1.5,100,100,6,131.43,39.40815654,96.38222143,61.70921479,84,Clear,No
07-06-2022,Jayanagar,Jayanagar 4th Block,24140,41.77930175,1.24304541,85.02013031,100,2,98.28,21.98300064,76.22727602,71.75985458,107,Fog,No
07-06-2022,Jayanagar,South End Circle,28548,50.29883488,1.5,88.66332328,100,1,107.096,34.01948875,80.59413154,92.74345124,107,Overcast,No
07-06-2022,Hebbal,Hebbal Flyover,9292,59.00305807,1.37951231,29.36537375,49.62608351,0,68.584,30.93621021,83.8207764,99.89913169,201,Fog,No
07-06-2022,Hebbal,Ballari Road,17958,36.83935812,1.395444097,51.1908563,93.22564292,0,85.916,39.32088038,93.27910595,54.5301508,96,Rain,No
07-06-2022,Yeshwanthpur,Tumkur Road,9395,43.47455052,1.164364917,36.94561424,42.12179235,1,68.79,14.41409679,76.33144479,92.04742599,183,Rain,No
08-06-2022,Indiranagar,100 Feet Road,43089,35.43804557,1.5,100,100,0,136.178,16.3416084,66.27125421,56.81445388,93,Clear,No
08-06-2022,Indiranagar,CMH Road,44466,35.58244361,1.5,100,100,1,138.932,33.06043168,75.55591323,65.31288382,87,Rain,No
08-06-2022,Koramangala,Sony World Junction,29130,35.19653002,1.5,95.73487485,100,1,108.26,25.36717139,62.82231821,67.39286606,99,Rain,No
08-06-2022,M.G. Road,Trinity Circle,39832,43.65985333,1.5,100,100,3,129.664,12.12820308,87.79348459,96.73133663,96,Clear,No
08-06-2022,M.G. Road,Anil Kumble Circle,25557,36.80560938,1.5,81.22040808,100,4,101.114,76.0075847,75.94636368,61.48982276,95,Clear,No
08-06-2022,Jayanagar,Jayanagar 4th Block,21102,52.69457311,1.330644387,78.87327119,100,1,92.204,14.02709991,64.99191968,72.42845489,91,Rain,No
08-06-2022,Jayanagar,South End Circle,30738,39.99792675,1.5,99.25481536,100,2,111.476,45.07826821,85.84760678,79.98272125,106,Clear,No
08-06-2022,Yeshwanthpur,Yeshwanthpur Circle,6552,42.21535286,1.128968866,22.60397157,37.49680954,0,63.104,25.40279467,66.67206961,58.65198831,186,Clear,No
09-06-2022,Indiranagar,100 Feet Road,23420,64.32963175,1.131624514,73.36943474,100,1,96.84,34.52389815,63.4471531,59.29671972,90,Clear,No
09-06-2022,Indiranagar,CMH Road,27215,39.16396259,1.5,93.37752514,100,1,104.43,61.19953632,70.90621053,78.59361273,92,Clear,No
09-06-2022,Koramangala,Sarjapur Road,65770,50.6288982,1.5,100,100,1,181.54,62.56041466,77.88962833,81.69456949,99,Overcast,No
09-06-2022,M.G. Road,Trinity Circle,23708,31.18687166,1.134402465,79.00145328,100,4,97.416,16.76350287,95.78662883,83.85579859,104,Overcast,No
09-06-2022,Hebbal,Ballari Road,43017,20,1.5,100,100,0,136.034,38.74817202,92.69784009,84.76744983,91,Windy,No
10-06-2022,Indiranagar,100 Feet Road,53060,22.4453199,1.5,100,100,2,156.12,66.75669275,62.76019357,54.72872431,95,Clear,No
10-06-2022,Indiranagar,CMH Road,45182,40.57102447,1.5,100,100,2,140.364,72.65310015,73.28955464,78.92982348,92,Fog,No
10-06-2022,Koramangala,Sony World Junction,42613,36.41638128,1.5,100,100,2,135.226,27.59204426,64.85613999,51.76705223,93,Clear,No
10-06-2022,Electronic City,Hosur Road,28383,22.96214674,1.5,100,100,2,106.766,70.25748825,76.86616027,66.95381709,103,Clear,No
10-06-2022,M.G. Road,Trinity Circle,14345,45.88309013,1.340550882,42.52546626,72.72141204,1,78.69,75.24957721,96.11914117,60.40669487,189,Clear,No
10-06-2022,Jayanagar,Jayanagar 4th Block,20940,56.85314677,1.252679037,78.74735651,100,0,91.88,12.33733996,74.55333231,66.88142385,98,Fog,No
10-06-2022,Jayanagar,South End Circle,34266,40.67241707,1.5,100,100,0,118.532,32.80927463,77.93400428,59.35358076,89,Fog,No
10-06-2022,Hebbal,Ballari Road,20505,60.9828756,1.13107191,62.46179322,100,0,91.01,22.40058537,98.56903824,55.37942223,98,Rain,No
10-06-2022,Yeshwanthpur,Yeshwanthpur Circle,22987,66.28467769,1.189194984,75.4863788,100,3,95.974,60.58346125,83.89932535,82.15088412,102,Windy,Yes
10-06-2022,Yeshwanthpur,Tumkur Road,14123,44.15092676,1.170370312,53.09944083,68.34286471,0,78.246,27.58619673,84.64582506,90.74996949,198,Windy,No
11-06-2022,Indiranagar,100 Feet Road,35179,30.2595886,1.5,100,100,4,120.358,73.56081392,63.67007551,66.54741974,90,Overcast,No
11-06-2022,Indiranagar,CMH Road,49200,29.83071739,1.5,100,100,1,148.4,52.31490148,79.08452127,50.21375623,92,Clear,No
11-06-2022,Whitefield,Marathahalli Bridge,25025,43.94657452,1.5,80.7905549,100,2,100.05,74.56789488,79.85843514,86.68062014,85,Clear,No
11-06-2022,Koramangala,Sony World Junction,45680,53.84969712,1.5,100,100,4,141.36,67.14367308,97.66993449,69.41364954,107,Clear,No
11-06-2022,Koramangala,Sarjapur Road,43087,23.64603659,1.5,100,100,2,136.174,19.91069463,89.43246415,82.28198599,93,Rain,No
11-06-2022,Electronic City,Hosur Road,13630,46.6772405,1.362600111,38.46303443,66.99573946,0,77.26,42.84902925,90.12333839,89.49863557,200,Clear,No
11-06-2022,Electronic City,Silk Board Junction,13708,54.02713148,1.364880915,43.45570715,68.68598724,0,77.416,74.94265197,90.77322355,91.57208899,182,Clear,Yes
11-06-2022,M.G. Road,Trinity Circle,41828,31.72156959,1.5,100,100,1,133.656,39.58077981,84.98940808,93.63589206,99,Fog,No
11-06-2022,M.G. Road,Anil Kumble Circle,36741,43.10530763,1.5,100,100,3,123.482,61.55271712,66.23132192,63.47532292,85,Clear,No
11-06-2022,Hebbal,Hebbal Flyover,42527,26.92434185,1.5,100,100,1,135.054,39.40242947,96.7429392,67.98704348,120,Windy,No
11-06-2022,Yeshwanthpur,Yeshwanthpur Circle,19687,37.27787425,1.249426162,70.14784743,93.82683782,2,89.374,45.04816239,88.5536912,52.66136424,108,Overcast,No
12-06-2022,Indiranagar,100 Feet Road,36913,32.56577247,1.5,100,100,0,123.826,30.38744781,65.73132457,81.51522388,123,Clear,No
12-06-2022,Indiranagar,CMH Road,37405,36.05111977,1.5,100,100,3,124.81,61.14116215,86.88149515,73.67619825,105,Fog,No
12-06-2022,Whitefield,ITPL Main Road,33274,24.03558356,1.5,100,100,4,116.548,10.51363377,64.99874473,97.80922837,96,Clear,No
12-06-2022,Koramangala,Sony World Junction,42892,20,1.5,100,100,0,135.784,69.01549642,62.05994728,58.54100682,85,Clear,Yes
12-06-2022,Koramangala,Sarjapur Road,30714,26.58938146,1.5,96.90223821,100,1,111.428,32.30231019,77.81080113,83.44569636,103,Clear,No
12-06-2022,Electronic City,Hosur Road,17914,33.50816633,1.168528879,62.8793509,93.7462147,1,85.828,28.32720528,92.4654128,75.91398812,99,Rain,No
12-06-2022,M.G. Road,Trinity Circle,40334,47.17739604,1.5,100,100,3,130.668,10.96933449,78.69317187,87.14518014,100,Clear,No
12-06-2022,M.G. Road,Anil Kumble Circle,14379,21.85836017,1.139637493,42.7756232,73.61558691,0,78.758,54.19579704,91.16285794,88.05013139,195,Clear,No
12-06-2022,Jayanagar,South End Circle,8570,34.26892586,1.225699982,31.70240689,41.16371046,2,67.14,21.09956606,83.18675652,77.09477584,218,Clear,No
12-06-2022,Yeshwanthpur,Yeshwanthpur Circle,19908,37.54987798,1.264650745,59.50828401,97.62841836,1,89.816,16.37277684,83.09073974,57.3627231,92,Clear,No
12-06-2022,Yeshwanthpur,Tumkur Road,24075,43.04504186,1.383015776,73.7078829,100,0,98.15,53.45068084,83.25624627,60.20631423,109,Overcast,Yes
13-06-2022,Indiranagar,100 Feet Road,12847,35.49761279,1.11216192,43.04681031,68.3874827,0,75.694,66.77558556,62.61087994,56.33974222,205,Clear,No
13-06-2022,Indiranagar,CMH Road,33920,42.22409168,1.5,100,100,0,117.84,61.4316933,61.85685542,91.89500254,116,Clear,No
13-06-2022,Whitefield,Marathahalli Bridge,20684,51.2837838,1.142780628,74.59791647,100,3,91.368,26.76477828,60.00981162,90.14245535,111,Clear,No
13-06-2022,Koramangala,Sony World Junction,32418,38.2474332,1.5,99.03739917,100,4,114.836,26.44557439,84.75976021,50.88465806,104,Clear,No
13-06-2022,Koramangala,Sarjapur Road,31760,34.20432951,1.5,100,100,0,113.52,15.44600793,63.25232293,88.91203818,95,Fog,No
13-06-2022,Electronic City,Hosur Road,20674,27.40048074,1.135136248,66.77236605,100,3,91.348,55.23632503,82.28692666,89.2794042,101,Overcast,No
13-06-2022,M.G. Road,Trinity Circle,26149,20,1.5,79.84087502,100,1,102.298,59.44713442,94.19244625,51.14529333,102,Clear,No
13-06-2022,M.G. Road,Anil Kumble Circle,56559,34.18398076,1.5,100,100,0,163.118,65.82760824,69.14700474,57.77556214,104,Clear,No
13-06-2022,Jayanagar,Jayanagar 4th Block,22762,48.03016292,1.093201979,82.0927053,100,2,95.524,77.92819605,82.62590254,56.54909519,97,Clear,No
13-06-2022,Hebbal,Hebbal Flyover,18534,51.59458524,1.236625945,65.77587884,94.20972326,1,87.068,77.53641439,73.85995558,93.92952122,85,Rain,Yes
14-06-2022,Indiranagar,100 Feet Road,45022,49.23437923,1.5,100,100,2,140.044,70.52454611,61.05159396,95.54985111,94,Clear,No
14-06-2022,Indiranagar,CMH Road,44114,40.64514442,1.5,100,100,5,138.228,70.38967121,76.82824282,86.6210888,94,Clear,No
14-06-2022,Whitefield,ITPL Main Road,36227,38.13780373,1.5,100,100,1,122.454,44.22319871,77.70711498,60.80201122,94,Clear,No
14-06-2022,Electronic City,Hosur Road,12497,46.6845077,1.240880049,32.70280374,61.45145806,0,74.994,62.39765039,62.54021877,59.28655334,197,Clear,No
14-06-2022,M.G. Road,Trinity Circle,35975,21.45510383,1.5,100,100,4,121.95,56.89799442,68.84975778,69.29647685,104,Clear,No
14-06-2022,Jayanagar,South End Circle,25719,38.11395357,1.5,80.8838105,100,4,101.438,46.15929285,77.76975683,65.55757891,111,Clear,No
14-06-2022,Hebbal,Hebbal Flyover,43242,54.79333618,1.5,100,100,7,136.484,70.17146739,96.36697195,95.20702362,111,Clear,No
14-06-2022,Yeshwanthpur,Yeshwanthpur Circle,27017,47.6302807,1.5,98.77117763,100,3,104.034,24.69143702,97.05280195,84.67404382,105,Clear,No
14-06-2022,Yeshwanthpur,Tumkur Road,26718,20,1.5,91.75371229,100,4,103.436,19.3284606,83.18681741,69.7856435,110,Overcast,No
15-06-2022,Indiranagar,100 Feet Road,21497,55.61396043,1.106812935,77.93143788,100,3,92.994,42.39877915,80.11552227,60.17265253,115,Rain,No
15-06-2022,Indiranagar,CMH Road,11348,46.15876743,1.312187216,29.30164764,57.14013986,0,72.696,74.05187464,78.05324853,94.92316742,191,Overcast,No
15-06-2022,Whitefield,ITPL Main Road,23465,34.47165129,1.279573051,76.35699137,100,2,96.93,52.88591267,96.7952409,55.55129741,103,Clear,Yes
15-06-2022,Koramangala,Sony World Junction,45897,31.98486355,1.5,100,100,2,141.794,44.96747784,84.97946224,56.90073027,76,Clear,Yes
15-06-2022,Electronic City,Silk Board Junction,15096,28.87642369,1.375913179,48.23673618,75.44277659,0,80.192,10.00875971,95.97337827,54.08573785,127,Rain,No
15-06-2022,M.G. Road,Trinity Circle,37432,37.36280094,1.5,100,100,2,124.864,51.13379749,73.84723702,70.28531103,86,Rain,No
15-06-2022,M.G. Road,Anil Kumble Circle,36886,45.46411967,1.5,100,100,2,123.772,31.43074935,62.48083482,65.81746439,97,Clear,No
15-06-2022,Jayanagar,Jayanagar 4th Block,33718,35.16591919,1.5,100,100,2,117.436,48.77253719,92.97159502,99.31623543,107,Rain,No
15-06-2022,Hebbal,Ballari Road,20862,46.33593244,1.186335456,78.75125403,100,5,91.724,19.25775145,65.36928218,51.17701421,105,Fog,No
15-06-2022,Yeshwanthpur,Yeshwanthpur Circle,33081,24.69248032,1.5,100,100,1,116.162,78.40759767,62.80863691,76.70044549,92,Fog,Yes
16-06-2022,Indiranagar,100 Feet Road,35829,21.28904814,1.5,100,100,2,121.658,27.89495609,81.32710375,64.01100768,101,Fog,No
16-06-2022,Indiranagar,CMH Road,32295,50.5305977,1.5,100,100,2,114.59,46.93937947,97.66162,80.95552188,107,Clear,No
16-06-2022,Whitefield,Marathahalli Bridge,9085,41.4497749,1.151173643,36.91612585,46.98998313,0,68.17,26.58241853,96.88624371,52.71004044,208,Clear,No
16-06-2022,Whitefield,ITPL Main Road,28358,20,1.5,84.90118972,100,1,106.716,73.5463228,81.06393721,78.30872709,89,Overcast,No
16-06-2022,Koramangala,Sony World Junction,15821,26.47339676,1.017045315,54.93251821,79.33913827,1,81.642,64.65931414,80.83508183,68.52646664,128,Clear,No
16-06-2022,Koramangala,Sarjapur Road,45776,28.40539621,1.5,100,100,0,141.552,30.80809828,86.00442399,56.8365413,105,Clear,No
16-06-2022,M.G. Road,Anil Kumble Circle,34426,51.9560986,1.5,100,100,0,118.852,23.77183657,64.38069968,65.94968871,111,Clear,No
16-06-2022,Jayanagar,Jayanagar 4th Block,29800,31.47035769,1.5,95.69987941,100,3,109.6,17.82490094,86.43463034,83.81884178,96,Windy,No
16-06-2022,Jayanagar,South End Circle,8341,61.36643725,1.077307691,32.84777177,44.81148798,0,66.682,12.86970333,73.36313767,81.29952329,213,Clear,No
17-06-2022,Indiranagar,100 Feet Road,24363,42.88497993,1.164710916,78.16787882,100,2,98.726,72.38762692,73.14838398,50.63283851,97,Clear,No
17-06-2022,Indiranagar,CMH Road,21313,32.71846296,1.369237778,62.01849531,100,0,92.626,72.56649178,63.84209054,70.57213833,97,Clear,No
17-06-2022,Whitefield,Marathahalli Bridge,38935,47.77374039,1.5,100,100,1,127.87,76.81932217,74.39163816,94.15784443,96,Clear,No
17-06-2022,Koramangala,Sony World Junction,47252,20,1.5,100,100,2,144.504,11.37224976,88.64647538,55.10305518,107,Clear,No
17-06-2022,Koramangala,Sarjapur Road,32116,38.54840156,1.5,100,100,3,114.232,46.64070962,61.4329435,61.15269774,99,Clear,No
17-06-2022,M.G. Road,Trinity Circle,49571,40.75749218,1.5,100,100,6,149.142,31.33332609,85.4490347,86.65235929,101,Overcast,No
17-06-2022,M.G. Road,Anil Kumble Circle,27071,37.60203789,1.5,82.106928,100,2,104.142,60.06738982,93.50876973,72.62499254,108,Clear,No
17-06-2022,Jayanagar,Jayanagar 4th Block,9914,31.95668251,1.259167619,24.5177428,47.44415617,0,69.828,32.29864963,76.71952097,85.64053786,183,Windy,No
17-06-2022,Jayanagar,South End Circle,27586,36.79318501,1.5,89.41235175,100,2,105.172,28.02748152,75.49378927,52.61023548,99,Clear,Yes
17-06-2022,Hebbal,Hebbal Flyover,26456,29.9900873,1.5,96.88228249,100,2,102.912,19.24809511,69.48928919,82.13736422,78,Clear,No
18-06-2022,Indiranagar,100 Feet Road,40783,22.892842,1.5,100,100,1,131.566,74.96367668,75.67877849,52.16766071,106,Clear,No
18-06-2022,Indiranagar,CMH Road,41105,43.55001635,1.5,100,100,2,132.21,56.36569666,77.88613697,98.62789815,110,Fog,No
18-06-2022,Whitefield,Marathahalli Bridge,22567,45.48192177,1.25863518,77.92307513,100,2,95.134,69.69063645,61.09944185,55.14187075,86,Rain,No
18-06-2022,Whitefield,ITPL Main Road,31354,31.82715084,1.5,95.29564491,100,1,112.708,28.78560984,92.8378863,58.14900481,109,Clear,No
18-06-2022,Koramangala,Sony World Junction,30294,43.6141836,1.5,100,100,0,110.588,24.50894662,65.81044457,91.53897664,113,Clear,No
18-06-2022,Electronic City,Silk Board Junction,5916,44.69787273,1.331189966,19.55024514,30.99860779,0,61.832,34.18552829,68.88801652,88.52662735,208,Clear,Yes
18-06-2022,M.G. Road,Trinity Circle,30693,41.20338577,1.5,100,100,1,111.386,67.44816058,83.04993,54.6229983,104,Overcast,No
18-06-2022,M.G. Road,Anil Kumble Circle,39269,28.39835913,1.5,100,100,2,128.538,16.87725553,87.62574453,91.14244528,112,Overcast,No
18-06-2022,Jayanagar,Jayanagar 4th Block,25355,28.32690395,1.5,82.40967921,100,1,100.71,30.5709733,60.7865036,73.64554733,108,Overcast,No
18-06-2022,Hebbal,Hebbal Flyover,11136,58.44105694,1.320651758,39.44212413,52.24891625,1,72.272,66.53267893,90.96428482,64.89322436,175,Clear,No
18-06-2022,Hebbal,Ballari Road,41555,41.61939584,1.5,100,100,1,133.11,66.0761495,96.5829472,67.70522233,106,Rain,Yes
18-06-2022,Yeshwanthpur,Yeshwanthpur Circle,23733,58.67429574,1.19094561,82.60816182,100,5,97.466,21.58897895,92.81118243,90.16564561,103,Clear,No
19-06-2022,Indiranagar,100 Feet Road,48190,25.13226382,1.5,100,100,4,146.38,48.91122843,69.04823063,81.815642,120,Clear,No
19-06-2022,Indiranagar,CMH Road,23997,35.9474384,1.283338832,85.01362323,100,1,97.994,17.30102261,74.49885244,64.96600546,104,Clear,No
19-06-2022,Whitefield,Marathahalli Bridge,30553,30.92101075,1.5,93.97260941,100,4,111.106,53.63156217,92.90908885,86.82258927,102,Fog,No
19-06-2022,Whitefield,ITPL Main Road,23145,56.00391824,1.391956129,71.47143465,100,2,96.29,42.95535446,67.48935358,76.06331193,112,Overcast,No
19-06-2022,Koramangala,Sony World Junction,42820,29.52458604,1.5,100,100,1,135.64,73.60931669,89.22987667,63.58334033,100,Clear,No
19-06-2022,Koramangala,Sarjapur Road,28551,44.96581295,1.5,96.77820046,100,1,107.102,54.31054548,77.02337441,50.80586522,90,Clear,No
19-06-2022,M.G. Road,Trinity Circle,34221,25.82608015,1.5,100,100,2,118.442,22.34853102,81.75878543,78.31060225,111,Overcast,No
19-06-2022,M.G. Road,Anil Kumble Circle,28038,31.73366598,1.5,87.77976387,100,1,106.076,17.6954199,89.83518181,63.10354633,105,Clear,No
19-06-2022,Jayanagar,Jayanagar 4th Block,32086,29.43720935,1.5,100,100,4,114.172,62.30882917,96.66149122,66.85825064,98,Clear,No
19-06-2022,Hebbal,Ballari Road,21369,42.56097051,1.399573495,76.71008604,100,0,92.738,58.82416396,75.57444658,81.64932351,103,Overcast,Yes
20-06-2022,Indiranagar,100 Feet Road,34662,30.83739736,1.5,100,100,1,119.324,50.61636764,88.82295072,66.55373693,103,Clear,No
20-06-2022,Indiranagar,CMH Road,20972,47.52448555,1.328544717,60.76458486,100,0,91.944,51.22592489,89.19546658,62.96303641,100,Clear,Yes
20-06-2022,Whitefield,Marathahalli Bridge,6611,53.75214975,1.261298486,16.24470048,35.90770066,0,63.222,72.66052801,93.6168677,83.94036718,173,Overcast,No
20-06-2022,Whitefield,ITPL Main Road,21309,37.71340859,1.230325373,68.48153353,100,0,92.618,37.09086823,89.38067097,55.13777212,103,Clear,No
20-06-2022,Koramangala,Sony World Junction,64796,23.50584526,1.5,100,100,1,179.592,75.38306549,87.28307272,83.26406966,98,Fog,No
20-06-2022,Koramangala,Sarjapur Road,45083,24.39115744,1.5,100,100,3,140.166,52.95244366,69.45150832,55.27745684,78,Clear,No
20-06-2022,Electronic City,Hosur Road,16821,45.72841605,1.38518905,52.22882519,83.6047496,0,83.642,60.98949086,79.42720883,56.61864797,85,Clear,No
20-06-2022,M.G. Road,Anil Kumble Circle,25498,37.37857934,1.5,87.32788517,100,1,100.996,32.39376136,65.69497862,97.46203188,105,Clear,No
20-06-2022,Jayanagar,Jayanagar 4th Block,26161,31.48045271,1.5,85.36427995,100,3,102.322,43.43645496,99.68253158,54.42230735,100,Clear,No
20-06-2022,Jayanagar,South End Circle,37438,20,1.5,100,100,2,124.876,10.75519474,66.19325273,99.28414513,95,Clear,No
20-06-2022,Hebbal,Hebbal Flyover,30300,20.12822185,1.5,93.81528437,100,1,110.6,37.91245165,72.10095284,62.01799082,103,Rain,No
20-06-2022,Hebbal,Ballari Road,15901,66.31828468,1.132117495,58.72362951,75.44473744,1,81.802,64.11495688,74.72920757,93.26311146,82,Clear,No
20-06-2022,Yeshwanthpur,Tumkur Road,17399,46.23354792,1.067111882,67.78170124,86.52229994,0,84.798,25.03530271,70.73392269,75.54586317,95,Clear,No
21-06-2022,Indiranagar,100 Feet Road,50507,27.64785622,1.5,100,100,3,151.014,26.95523506,87.25761062,59.75765303,104,Rain,No
21-06-2022,Indiranagar,CMH Road,31619,32.24147285,1.5,100,100,0,113.238,77.03266382,86.62248625,55.12674906,111,Clear,No
21-06-2022,Koramangala,Sony World Junction,28662,20.93857558,1.5,88.44024335,100,3,107.324,68.28498048,95.6281611,70.50107617,109,Clear,No
21-06-2022,Koramangala,Sarjapur Road,50455,27.61123504,1.5,100,100,4,150.91,79.15798549,84.95226638,97.32252291,85,Clear,No
21-06-2022,M.G. Road,Trinity Circle,26379,61.25858395,1.5,91.82578205,100,1,102.758,52.71001316,76.92574085,95.98823169,104,Clear,No
21-06-2022,M.G. Road,Anil Kumble Circle,26329,39.74041957,1.5,88.41771476,100,2,102.658,23.42958,66.32597842,97.6656248,103,Windy,No
21-06-2022,Jayanagar,Jayanagar 4th Block,17113,56.56761982,1.024752084,56.13203066,83.44059565,0,84.226,25.56671061,73.30113439,67.65665376,119,Windy,No
21-06-2022,Jayanagar,South End Circle,27333,39.69458829,1.5,85.36858166,100,1,104.666,25.92921142,69.79920864,50.23277908,114,Clear,Yes
21-06-2022,Yeshwanthpur,Yeshwanthpur Circle,8885,26.63016839,1.117752144,25.66710852,43.66976502,0,67.77,74.07321085,61.67818285,61.72850799,214,Clear,No
22-06-2022,Indiranagar,100 Feet Road,33610,30.38301284,1.5,100,100,2,117.22,42.76004908,85.782224,87.58081312,95,Clear,No
22-06-2022,Indiranagar,CMH Road,25893,33.20201647,1.5,87.77651579,100,0,101.786,42.21227896,76.7631412,80.01030882,110,Rain,No
22-06-2022,Whitefield,ITPL Main Road,31933,43.2585558,1.5,100,100,1,113.866,23.75301556,78.30396523,93.64396567,83,Rain,No
22-06-2022,Koramangala,Sony World Junction,44464,37.51785246,1.5,100,100,1,138.928,45.59633221,89.20316106,84.91963925,108,Clear,No
22-06-2022,Koramangala,Sarjapur Road,47983,27.36151337,1.5,100,100,2,145.966,74.32622528,71.3879718,83.06660803,86,Fog,No
22-06-2022,Electronic City,Silk Board Junction,16045,47.6853593,1.045346826,61.83885838,77.48272263,0,82.09,24.18892358,66.78289826,54.53373253,109,Clear,No
22-06-2022,M.G. Road,Trinity Circle,24159,37.03413712,1.199496512,76.36010248,100,3,98.318,18.11298035,81.69800636,59.94558956,83,Clear,No
22-06-2022,M.G. Road,Anil Kumble Circle,63389,39.0344629,1.5,100,100,2,176.778,76.23401484,72.70386679,53.17106623,89,Clear,No
22-06-2022,Hebbal,Ballari Road,16188,55.56164044,1.223219296,53.92955688,81.9619808,0,82.376,12.29856764,88.86380683,59.65636219,104,Windy,No
23-06-2022,Indiranagar,100 Feet Road,25484,49.15005753,1.5,84.63609315,100,3,100.968,36.09119996,61.62420888,61.62094222,114,Clear,No
23-06-2022,Indiranagar,CMH Road,31893,45.25493586,1.5,100,100,2,113.786,22.22472053,63.10849848,84.98028738,113,Rain,No
23-06-2022,Whitefield,Marathahalli Bridge,17574,37.23008788,1.229547687,49.21614734,88.2991635,1,85.148,72.81531368,69.45041627,53.82365663,88,Clear,No
23-06-2022,Koramangala,Sony World Junction,65333,31.62230885,1.5,100,100,3,180.666,40.32795946,75.31086622,55.33567776,87,Fog,No
23-06-2022,Electronic City,Hosur Road,22102,37.90650754,1.170987258,80.47609662,100,1,94.204,51.30181801,82.0113671,80.49883609,109,Overcast,No
23-06-2022,M.G. Road,Anil Kumble Circle,52072,49.35648285,1.5,100,100,2,154.144,15.82685235,68.71572257,88.1658194,100,Clear,No
23-06-2022,Jayanagar,Jayanagar 4th Block,22671,27.16904535,1.257320066,78.81177354,100,3,95.342,31.92518602,68.49518256,56.2908734,96,Clear,No
23-06-2022,Yeshwanthpur,Yeshwanthpur Circle,7215,30.76019666,1.071351216,30.72576663,38.84659696,2,64.43,61.02246633,74.2112601,83.34223798,181,Windy,Yes
23-06-2022,Yeshwanthpur,Tumkur Road,10564,39.29890149,1.322768061,34.68907812,52.66537343,1,71.128,34.72450732,90.27705551,89.00208729,187,Clear,No
24-06-2022,Indiranagar,100 Feet Road,19998,54.53348255,1.20231115,69.07515684,100,0,89.996,16.09046109,85.08847676,69.70654244,89,Clear,No
24-06-2022,Whitefield,Marathahalli Bridge,13333,51.71796945,1.197634417,44.09485701,66.2005763,1,76.666,73.30151135,91.65362013,66.65611821,185,Clear,No
24-06-2022,Whitefield,ITPL Main Road,30858,29.81042917,1.5,95.04574876,100,2,111.716,71.02309709,92.02848237,87.68246412,112,Clear,No
24-06-2022,Koramangala,Sony World Junction,45662,44.14950659,1.5,100,100,4,141.324,20.05136288,99.14513025,52.26475644,99,Clear,No
24-06-2022,M.G. Road,Trinity Circle,49110,39.41054113,1.5,100,100,3,148.22,32.13739093,78.02592984,69.12175425,116,Clear,No
24-06-2022,M.G. Road,Anil Kumble Circle,41106,27.6358999,1.5,100,100,2,132.212,30.41353226,92.37690151,76.01222833,104,Overcast,No
24-06-2022,Jayanagar,Jayanagar 4th Block,30467,29.35119953,1.5,100,100,1,110.934,37.8747216,71.6455427,85.51207032,104,Clear,No
24-06-2022,Jayanagar,South End Circle,8106,33.41344903,1.219073603,32.49577018,39.48702145,4,66.212,51.89355015,65.18104507,86.11996244,204,Rain,No
24-06-2022,Hebbal,Ballari Road,29276,39.41104484,1.5,100,100,3,108.552,57.50366997,81.9579804,63.78681533,104,Rain,Yes
25-06-2022,Indiranagar,100 Feet Road,36912,35.94961489,1.5,100,100,2,123.824,35.13678321,93.93508555,69.2012291,99,Clear,Yes
25-06-2022,Indiranagar,CMH Road,38935,57.1153541,1.5,100,100,3,127.87,13.79888416,66.10485231,70.97995461,103,Fog,No
25-06-2022,Whitefield,Marathahalli Bridge,20262,45.71777826,1.043484696,63.33274958,100,0,90.524,43.60861123,82.86083864,77.96290065,94,Overcast,No
25-06-2022,Koramangala,Sony World Junction,43171,36.15435907,1.5,100,100,1,136.342,60.43082197,88.15873467,85.00810624,117,Clear,No
25-06-2022,M.G. Road,Trinity Circle,42388,39.73649777,1.5,100,100,0,134.776,51.50716188,84.1174427,95.30524447,99,Clear,Yes
25-06-2022,M.G. Road,Anil Kumble Circle,53948,35.92531392,1.5,100,100,2,157.896,66.92013537,65.15115022,96.28709224,90,Clear,No
25-06-2022,Jayanagar,Jayanagar 4th Block,33379,33.79801656,1.5,100,100,2,116.758,41.44234773,85.4007628,59.52971353,102,Clear,No
25-06-2022,Hebbal,Hebbal Flyover,21782,53.97924253,1.110560663,80.05803589,100,2,93.564,24.8108683,78.7504317,82.67791711,101,Clear,No
25-06-2022,Hebbal,Ballari Road,31933,46.7272118,1.5,100,100,0,113.866,24.4763408,73.6525044,61.42860385,104,Clear,No
26-06-2022,Indiranagar,100 Feet Road,23093,45.63065029,1.12421471,83.09634256,100,1,96.186,23.86230478,75.72765831,74.39167364,95,Clear,No
26-06-2022,Indiranagar,CMH Road,35604,34.99176811,1.5,100,100,0,121.208,41.12383845,89.42213289,98.08388973,96,Overcast,No
26-06-2022,Whitefield,Marathahalli Bridge,15167,24.90070736,1.338845289,59.31093234,75.0931031,1,80.334,20.97966043,97.97003279,75.48400668,90,Fog,No
26-06-2022,Koramangala,Sony World Junction,69874,37.31276336,1.5,100,100,0,189.748,34.51164498,84.95776867,59.61661848,88,Clear,No
26-06-2022,Koramangala,Sarjapur Road,31665,39.83535874,1.5,95.94751192,100,3,113.33,25.26473449,68.56433647,54.26143302,112,Overcast,No
26-06-2022,M.G. Road,Anil Kumble Circle,59219,32.83620162,1.5,100,100,4,168.438,39.30848024,81.08727345,50.95510422,100,Overcast,Yes
26-06-2022,Jayanagar,Jayanagar 4th Block,37180,40.87817564,1.5,100,100,1,124.36,65.02758084,72.95479072,83.38909495,96,Clear,No
26-06-2022,Jayanagar,South End Circle,15539,49.142669,1.023919737,59.73862529,78.0381442,0,81.078,13.73982892,64.79440214,73.56686202,105,Clear,No
26-06-2022,Hebbal,Hebbal Flyover,28223,45.65579444,1.5,87.01664761,100,1,106.446,59.46130412,87.34201268,90.02000106,90,Clear,No
26-06-2022,Hebbal,Ballari Road,31643,34.19383635,1.5,100,100,1,113.286,31.41692994,87.03083409,56.75819049,94,Clear,No
26-06-2022,Yeshwanthpur,Yeshwanthpur Circle,22594,23.92191478,1.299615462,67.56470806,100,0,95.188,41.01713317,83.49721148,97.84993366,102,Clear,No
27-06-2022,Indiranagar,100 Feet Road,37366,28.46577621,1.5,100,100,3,124.732,54.2558687,74.93761045,95.38090524,72,Overcast,No
27-06-2022,Indiranagar,CMH Road,38152,25.07730287,1.5,100,100,1,126.304,13.06808918,61.18471433,90.03411782,94,Fog,No
27-06-2022,Whitefield,Marathahalli Bridge,6975,46.85687309,1.305859296,18.40475448,36.61687411,1,63.95,28.68664053,70.68359109,93.15240217,204,Clear,No
27-06-2022,Koramangala,Sony World Junction,45153,33.49411661,1.5,100,100,1,140.306,36.49967951,70.4546837,68.05817011,100,Clear,No
27-06-2022,Koramangala,Sarjapur Road,60175,20,1.5,100,100,2,170.35,35.89343624,81.30448859,51.03065794,100,Fog,No
27-06-2022,M.G. Road,Trinity Circle,27972,36.88344326,1.5,93.65130792,100,2,105.944,59.39461061,74.36750214,59.5358202,96,Fog,No
27-06-2022,Jayanagar,Jayanagar 4th Block,9254,38.49766914,1.240336952,33.79877688,48.15366054,1,68.508,53.56124593,83.20194637,97.18300129,188,Rain,No
27-06-2022,Jayanagar,South End Circle,26732,29.4210774,1.5,81.04986154,100,3,103.464,37.05951302,71.71768454,61.43095482,104,Overcast,No
28-06-2022,Indiranagar,100 Feet Road,24634,62.89630697,1.373150032,76.88585231,100,2,99.268,41.89543847,77.10322948,53.65698105,97,Clear,No
28-06-2022,Koramangala,Sony World Junction,29850,34.92899878,1.5,96.48464582,100,3,109.7,67.04274032,60.13083701,66.68005896,105,Clear,No
28-06-2022,Koramangala,Sarjapur Road,59596,28.99843505,1.5,100,100,2,169.192,75.45215413,68.21017371,96.56476137,105,Clear,No
28-06-2022,M.G. Road,Trinity Circle,36833,46.34538331,1.5,100,100,0,123.666,11.04361522,77.00265321,79.53226255,93,Rain,No
28-06-2022,M.G. Road,Anil Kumble Circle,47678,49.14745338,1.5,100,100,1,145.356,12.90018723,73.53305081,57.53677417,104,Clear,Yes
28-06-2022,Jayanagar,South End Circle,20684,44.77186306,1.335423457,73.44545548,100,2,91.368,48.2989568,87.15417775,52.6525883,80,Overcast,No
28-06-2022,Hebbal,Hebbal Flyover,42237,51.07935934,1.5,100,100,1,134.474,33.74810114,80.62524221,58.45469785,110,Clear,No
28-06-2022,Hebbal,Ballari Road,22386,44.14060528,1.396172679,77.24286579,100,0,94.772,71.62550867,98.1619904,78.75846709,108,Clear,No
29-06-2022,Indiranagar,100 Feet Road,44583,41.85659011,1.5,100,100,4,139.166,31.30235433,85.73684261,71.62806204,110,Clear,No
29-06-2022,Indiranagar,CMH Road,25795,33.02407039,1.5,83.17368718,100,1,101.59,48.12444912,65.89745745,90.87218932,91,Clear,No
29-06-2022,Whitefield,Marathahalli Bridge,35054,44.59875461,1.5,100,100,4,120.108,18.04665557,74.78209683,68.21613786,86,Clear,No
29-06-2022,Koramangala,Sony World Junction,45998,36.18264899,1.5,100,100,3,141.996,17.46457344,65.64721995,93.73407266,94,Clear,No
29-06-2022,Koramangala,Sarjapur Road,63748,30.7508859,1.5,100,100,0,177.496,20.10628486,90.34963564,57.24607762,93,Clear,Yes
29-06-2022,M.G. Road,Trinity Circle,42886,42.37786756,1.5,100,100,3,135.772,28.88028829,81.95386221,68.00778448,101,Overcast,Yes
29-06-2022,M.G. Road,Anil Kumble Circle,35202,20,1.5,100,100,5,120.404,77.6674428,71.30619857,57.70754733,93,Clear,No
29-06-2022,Jayanagar,Jayanagar 4th Block,32725,24.01275823,1.5,100,100,3,115.45,39.93970822,61.87167403,75.17663129,81,Fog,No
29-06-2022,Hebbal,Hebbal Flyover,31290,39.31332186,1.5,99.98555095,100,4,112.58,74.49224349,70.43705863,91.51478248,93,Clear,No
29-06-2022,Yeshwanthpur,Tumkur Road,17995,60.09701819,1.230762361,51.52340318,92.51195893,1,85.99,60.31805007,96.56061968,82.13113775,105,Clear,No
30-06-2022,Indiranagar,100 Feet Road,24500,53.26128634,1.169269941,84.13032589,100,4,99,79.84210947,65.87863364,86.83645744,87,Clear,No
30-06-2022,Indiranagar,CMH Road,12286,34.74128478,1.207325856,34.32463595,57.72359228,0,74.572,13.42450836,94.94941212,90.35414599,213,Clear,No
30-06-2022,Whitefield,ITPL Main Road,16789,36.719787,1.258670676,47.98978166,83.61912287,1,83.578,57.20545073,92.6508159,84.29077166,103,Overcast,No
30-06-2022,Koramangala,Sony World Junction,65636,39.57398638,1.5,100,100,1,181.272,13.60027108,97.61893452,72.80146518,105,Overcast,No
30-06-2022,Koramangala,Sarjapur Road,42811,40.83050731,1.5,100,100,2,135.622,77.06241638,73.23151281,88.0437026,101,Rain,No
30-06-2022,Electronic City,Hosur Road,17583,41.5159417,1.248241071,65.43113872,90.21828422,0,85.166,73.645593,72.1085866,87.69917051,99,Fog,No
30-06-2022,Electronic City,Silk Board Junction,20655,53.70862089,1.20160018,59.07501045,100,0,91.31,69.64256321,93.63543268,55.2340052,122,Clear,No
30-06-2022,M.G. Road,Anil Kumble Circle,24049,50.61917609,1.152918837,77.7054851,100,3,98.098,11.25674297,73.86329015,76.33856417,93,Clear,No
30-06-2022,Jayanagar,South End Circle,15264,38.77859045,1.086990696,46.92760038,79.9623617,1,80.528,41.99720948,80.31015939,63.35694227,82,Clear,Yes
30-06-2022,Hebbal,Hebbal Flyover,17402,28.81888182,1.047154427,52.52309376,84.62647252,0,84.804,32.82697904,62.88886291,85.17289216,97,Clear,No
30-06-2022,Hebbal,Ballari Road,34346,41.7658042,1.5,100,100,0,118.692,41.06185457,85.28660659,77.72473781,109,Clear,No
01-07-2022,Indiranagar,CMH Road,23806,32.15411169,1.318792561,76.16656716,100,3,97.612,64.16267298,69.71808001,64.04062736,103,Clear,No
01-07-2022,Whitefield,ITPL Main Road,27083,31.89126185,1.5,87.27902826,100,1,104.166,22.66515703,86.70807028,78.99958785,104,Fog,No
01-07-2022,Koramangala,Sony World Junction,25989,38.13935072,1.5,92.4402353,100,1,101.978,29.24068289,96.77432262,71.86100638,120,Windy,No
01-07-2022,Koramangala,Sarjapur Road,15794,43.07547118,1.354044116,46.39442267,77.96182496,1,81.588,69.31094634,93.06269538,95.37410035,86,Clear,No
01-07-2022,Electronic City,Silk Board Junction,14210,39.69461682,1.294190757,51.15440766,66.26863553,1,78.42,54.03429833,62.47276172,54.07630459,205,Clear,No
01-07-2022,M.G. Road,Trinity Circle,28327,32.42899382,1.5,89.52031442,100,2,106.654,57.61385306,69.73860731,81.44337976,91,Overcast,No
01-07-2022,M.G. Road,Anil Kumble Circle,36762,37.34313989,1.5,100,100,2,123.524,18.63129439,70.7726598,97.61377252,108,Clear,No
01-07-2022,Jayanagar,South End Circle,37737,21.1089802,1.5,100,100,2,125.474,40.48332647,95.82508525,97.49538047,107,Overcast,Yes
01-07-2022,Hebbal,Hebbal Flyover,30399,34.3844958,1.5,100,100,3,110.798,64.13160499,72.81405099,58.75553846,104,Windy,No
01-07-2022,Yeshwanthpur,Yeshwanthpur Circle,27846,29.89880615,1.5,84.48008395,100,1,105.692,54.49262976,66.52392025,88.32766852,102,Clear,No
02-07-2022,Indiranagar,CMH Road,39984,38.47410478,1.5,100,100,1,129.968,67.22282265,61.72136733,56.86986905,93,Windy,No
02-07-2022,Whitefield,Marathahalli Bridge,15757,57.46480001,1.12864424,53.74740998,76.39023197,0,81.514,33.28236045,92.1656409,96.21278632,108,Clear,No
02-07-2022,Koramangala,Sony World Junction,62526,27.718351,1.5,100,100,4,175.052,71.05850361,86.31114428,65.52171266,90,Clear,No
02-07-2022,Koramangala,Sarjapur Road,14581,20.30446172,1.067692092,39.48430006,69.79625483,1,79.162,48.85259214,65.85647952,59.78445868,196,Clear,No
02-07-2022,M.G. Road,Trinity Circle,54248,41.68238608,1.5,100,100,1,158.496,13.14694334,97.57241452,65.40054489,117,Overcast,No
02-07-2022,Jayanagar,Jayanagar 4th Block,35471,38.39507768,1.5,100,100,2,120.942,46.6448869,64.89253936,64.66617382,92,Clear,No
02-07-2022,Hebbal,Hebbal Flyover,19606,29.67817584,1.003523603,65.98034843,100,0,89.212,50.1341935,98.47114755,93.02610697,112,Clear,No
02-07-2022,Yeshwanthpur,Tumkur Road,17673,38.6068017,1.247379388,60.16193772,87.99085071,0,85.346,65.78250753,66.99734251,55.72810217,104,Clear,No
03-07-2022,Indiranagar,100 Feet Road,32561,29.8975021,1.5,100,100,6,115.122,40.17977215,96.16881021,81.07836172,113,Rain,No
03-07-2022,Indiranagar,CMH Road,34348,43.43383453,1.5,100,100,1,118.696,16.90704687,64.01866317,63.11339527,92,Clear,No
03-07-2022,Whitefield,Marathahalli Bridge,26646,30.55802697,1.5,92.97578314,100,0,103.292,60.45764427,81.60033409,91.25000145,100,Clear,No
03-07-2022,Whitefield,ITPL Main Road,8876,41.33391905,1.383870894,38.45201044,48.19725241,1,67.752,20.60289232,85.57050248,74.40527959,178,Clear,No
03-07-2022,Koramangala,Sony World Junction,40524,20,1.5,100,100,2,131.048,29.82509389,71.49429483,61.68280231,95,Clear,No
03-07-2022,Koramangala,Sarjapur Road,29615,43.45482284,1.5,100,100,2,109.23,12.22133532,84.24673707,65.57868358,98,Clear,No
03-07-2022,M.G. Road,Anil Kumble Circle,28436,31.26996275,1.5,93.0857413,100,2,106.872,32.03097683,91.5271613,68.63257747,97,Rain,No
03-07-2022,Jayanagar,Jayanagar 4th Block,27091,29.62170932,1.5,85.44316461,100,5,104.182,28.59096381,96.23090311,82.17227605,94,Clear,No
03-07-2022,Jayanagar,South End Circle,25434,32.65689669,1.5,88.95065054,100,3,100.868,74.62937879,80.42301366,64.62940811,96,Clear,No
03-07-2022,Hebbal,Hebbal Flyover,32071,45.8950446,1.5,100,100,1,114.142,67.50529508,68.48804876,85.66427865,89,Clear,No
03-07-2022,Hebbal,Ballari Road,21510,52.40648159,1.326995291,78.52310473,100,4,93.02,65.26481638,77.17863306,56.3647707,86,Overcast,No
03-07-2022,Yeshwanthpur,Yeshwanthpur Circle,15182,39.86350985,1.083682993,59.08846927,77.58350379,1,80.364,58.34759035,84.77832403,91.55977282,111,Rain,No
04-07-2022,Indiranagar,100 Feet Road,12518,31.05526644,1.230653119,37.51501714,59.66611366,2,75.036,19.32263239,85.68655955,90.22207258,213,Overcast,No
04-07-2022,Indiranagar,CMH Road,36945,47.37710696,1.5,100,100,1,123.89,17.54195671,91.3935053,59.91189628,114,Fog,Yes
04-07-2022,Whitefield,Marathahalli Bridge,20748,38.4060695,1.399512162,72.57964465,100,0,91.496,51.90691803,85.66805884,90.82029638,98,Clear,No
04-07-2022,Koramangala,Sarjapur Road,30014,23.08705894,1.5,100,100,1,110.028,36.91226925,96.72690173,77.26836263,95,Clear,No
04-07-2022,M.G. Road,Trinity Circle,28212,42.88017358,1.5,85.47399499,100,4,106.424,11.15751847,64.89741215,58.12952779,108,Clear,No
04-07-2022,M.G. Road,Anil Kumble Circle,32798,25.28810893,1.5,100,100,1,115.596,77.01908406,91.01758519,57.45873572,82,Rain,No
04-07-2022,Jayanagar,Jayanagar 4th Block,20527,47.39290115,1.217152973,77.35347978,99.06870312,0,91.054,15.38147493,78.50833184,85.34660149,102,Clear,No
04-07-2022,Jayanagar,South End Circle,28485,28.93718751,1.5,96.4550648,100,2,106.97,23.96658486,77.9352096,81.92198609,104,Clear,No
04-07-2022,Hebbal,Hebbal Flyover,19872,51.80895539,1.397050189,67.03189307,100,0,89.744,44.7666774,89.49813886,89.141351,88,Clear,No
04-07-2022,Hebbal,Ballari Road,37623,20,1.5,100,100,5,125.246,47.38956334,91.31876287,54.70325245,106,Overcast,No
05-07-2022,Indiranagar,100 Feet Road,39092,40.60021515,1.5,100,100,1,128.184,67.29489915,92.42966816,74.76676735,102,Clear,Yes
05-07-2022,Indiranagar,CMH Road,45766,47.15774756,1.5,100,100,3,141.532,73.75419709,71.03833303,61.21435182,105,Clear,Yes
05-07-2022,Whitefield,Marathahalli Bridge,24290,31.32936405,1.204805298,83.04557927,100,4,98.58,53.58475469,82.02810712,94.93020316,114,Clear,No
05-07-2022,Koramangala,Sony World Junction,49842,46.9508489,1.5,100,100,1,149.684,15.22292463,63.53437814,78.64895857,97,Clear,No
05-07-2022,Koramangala,Sarjapur Road,28573,38.75613877,1.5,100,100,4,107.146,22.34203419,70.08610368,62.24057634,94,Clear,No
05-07-2022,Electronic City,Hosur Road,18037,48.42984341,1.170274096,57.48820424,93.03449219,0,86.074,77.18393601,76.71671544,65.68503629,104,Fog,No
05-07-2022,M.G. Road,Trinity Circle,36404,44.32278355,1.5,100,100,0,122.808,55.10547113,93.97274928,97.65664297,108,Windy,No
05-07-2022,M.G. Road,Anil Kumble Circle,33156,53.81801833,1.5,100,100,1,116.312,46.91318433,91.18963087,62.33634016,97,Fog,No
05-07-2022,Jayanagar,Jayanagar 4th Block,28881,40.36255147,1.5,91.16212396,100,0,107.762,11.62486152,81.94695694,61.21899271,83,Clear,No
05-07-2022,Hebbal,Ballari Road,17435,49.31261371,1.326164846,58.57507005,84.44489932,1,84.87,15.74663086,64.37380829,92.19195734,85,Clear,No
06-07-2022,Indiranagar,CMH Road,44582,34.51600949,1.5,100,100,1,139.164,63.28499335,97.51755759,69.46301487,92,Clear,No
06-07-2022,Whitefield,ITPL Main Road,20351,25.21935858,1.056772105,71.99193394,100,1,90.702,63.23537966,67.34166895,52.06275802,103,Clear,No
06-07-2022,Koramangala,Sony World Junction,61767,30.54170519,1.5,100,100,2,173.534,60.79131696,77.80210076,87.69352266,106,Clear,No
06-07-2022,M.G. Road,Trinity Circle,43652,42.42138923,1.5,100,100,2,137.304,60.44389046,89.00303642,84.14968731,91,Rain,No
06-07-2022,M.G. Road,Anil Kumble Circle,34397,26.29380862,1.5,100,100,4,118.794,69.26477422,73.41658512,90.52437625,112,Clear,No
06-07-2022,Jayanagar,Jayanagar 4th Block,28664,20,1.5,87.88973667,100,2,107.328,72.20590337,60.30699238,88.68422815,99,Clear,No
06-07-2022,Jayanagar,South End Circle,19382,34.24524288,1.126486155,61.46135206,93.22905393,0,88.764,33.95005491,87.05267214,87.07297344,102,Clear,No
07-07-2022,Indiranagar,100 Feet Road,24195,35.97380209,1.344166645,87.98437456,100,3,98.39,43.33779185,87.2246523,93.83263031,109,Clear,No
07-07-2022,Indiranagar,CMH Road,25695,36.76095488,1.5,93.88117362,100,2,101.39,72.57569216,65.96595214,83.11743201,103,Clear,Yes
07-07-2022,Whitefield,ITPL Main Road,16009,45.25649549,1.284287629,53.88985607,82.74472646,1,82.018,79.8420143,78.39174136,85.30961741,109,Clear,No
07-07-2022,Koramangala,Sony World Junction,29798,34.97206927,1.5,100,100,2,109.596,56.03358157,92.86012576,89.62384239,109,Clear,No
07-07-2022,Koramangala,Sarjapur Road,48418,20,1.5,100,100,1,146.836,55.45566768,86.93743606,91.46158464,113,Rain,Yes
07-07-2022,Electronic City,Hosur Road,21311,32.57467885,1.058118941,64.93970604,100,0,92.622,41.43244764,66.06685492,83.89649532,107,Fog,No
07-07-2022,M.G. Road,Trinity Circle,50896,33.18244189,1.5,100,100,1,151.792,38.97935227,96.14896903,59.78078858,108,Clear,No
07-07-2022,Jayanagar,Jayanagar 4th Block,9417,59.99940093,1.325950385,22.90102533,48.2973199,0,68.834,73.22880161,64.39639759,92.15346364,177,Clear,No
07-07-2022,Hebbal,Hebbal Flyover,31291,31.41649068,1.5,95.20266349,100,4,112.582,68.8646283,91.19650314,95.12158246,94,Clear,No
07-07-2022,Hebbal,Ballari Road,23761,51.73169815,1.317094798,81.87610804,100,3,97.522,62.53431704,66.94856413,53.16924481,101,Clear,No
07-07-2022,Yeshwanthpur,Tumkur Road,11807,52.36102873,1.220048479,37.0823064,63.65079261,0,73.614,50.89219289,97.79065064,99.461715,179,Clear,No
08-07-2022,Indiranagar,100 Feet Road,36751,23.26301189,1.5,100,100,5,123.502,19.45335991,81.90038591,59.04865577,96,Clear,No
08-07-2022,Indiranagar,CMH Road,40282,20,1.5,100,100,6,130.564,49.56096008,93.39682573,61.07665028,113,Fog,Yes
08-07-2022,Whitefield,ITPL Main Road,24868,45.72399599,1.381103879,88.19458129,100,3,99.736,12.68215962,71.66877296,95.46687869,98,Clear,No
08-07-2022,Koramangala,Sony World Junction,47430,32.94682355,1.5,100,100,0,144.86,54.21764906,95.16315953,58.91416141,107,Overcast,No
08-07-2022,Koramangala,Sarjapur Road,29668,35.55920661,1.5,98.54305896,100,1,109.336,13.61285281,60.63903315,80.9565935,102,Rain,No
08-07-2022,Electronic City,Hosur Road,23148,45.74175501,1.150059958,77.31514432,100,3,96.296,16.79175274,67.25471041,74.380388,100,Fog,No
08-07-2022,M.G. Road,Trinity Circle,24925,59.12069431,1.334238496,92.60643914,100,1,99.85,10.66383485,84.10903695,91.07842505,104,Fog,No
08-07-2022,M.G. Road,Anil Kumble Circle,46792,44.54043411,1.5,100,100,2,143.584,39.12258976,67.35887043,76.00513213,100,Rain,No
08-07-2022,Jayanagar,Jayanagar 4th Block,14590,36.47111874,1.103178655,45.40886023,69.58375574,0,79.18,73.32223615,68.97707525,84.22255522,182,Clear,No
08-07-2022,Jayanagar,South End Circle,23881,47.96739763,1.37581618,76.52071917,100,1,97.762,16.49217292,84.79909626,67.33821028,104,Windy,No
08-07-2022,Yeshwanthpur,Yeshwanthpur Circle,13084,38.71736527,1.067292847,47.09332187,64.62833204,0,76.168,13.31357522,94.44995852,58.52857766,194,Clear,No
09-07-2022,Indiranagar,100 Feet Road,36030,41.3125792,1.5,100,100,0,122.06,48.3708451,72.59560747,76.20126916,91,Windy,No
09-07-2022,Indiranagar,CMH Road,44850,42.43365231,1.5,100,100,2,139.7,39.46803023,68.65478071,77.12655442,108,Clear,Yes
09-07-2022,Whitefield,Marathahalli Bridge,14445,41.75067266,1.352894141,50.45855153,75.18963309,0,78.89,38.71652114,72.70484842,71.9213306,204,Overcast,No
09-07-2022,Whitefield,ITPL Main Road,18623,52.49087858,1.030392713,53.42919322,89.64620653,0,87.246,39.44693324,66.29616329,92.72628221,102,Clear,No
09-07-2022,Koramangala,Sony World Junction,45604,48.87205268,1.5,100,100,1,141.208,42.93896487,96.90584966,64.8686646,116,Clear,No
09-07-2022,Koramangala,Sarjapur Road,29210,26.44321033,1.5,92.97586654,100,6,108.42,31.00644764,89.64855239,61.43525686,116,Clear,No
09-07-2022,M.G. Road,Anil Kumble Circle,26224,20,1.5,94.44228234,100,0,102.448,15.21342382,80.27870249,94.23504848,75,Rain,No
09-07-2022,Hebbal,Hebbal Flyover,23139,52.68328121,1.380513519,76.12855722,100,5,96.278,21.82174606,99.30619318,74.65921585,100,Clear,No
09-07-2022,Yeshwanthpur,Tumkur Road,25766,21.08423768,1.5,83.3408569,100,3,101.532,16.05194206,60.86755428,84.3991452,101,Clear,No
10-07-2022,Indiranagar,100 Feet Road,23948,32.22086893,1.020206047,70.55490124,100,1,97.896,30.7239838,79.09469415,69.71443507,87,Fog,No
10-07-2022,Indiranagar,CMH Road,25989,34.98692466,1.5,86.00445698,100,0,101.978,76.07486467,89.72037636,65.64834864,94,Clear,No
10-07-2022,Whitefield,ITPL Main Road,8285,43.06546568,1.209247587,33.9254916,41.98185543,2,66.57,32.27918178,84.06675149,83.74438408,200,Clear,No
10-07-2022,Koramangala,Sony World Junction,31026,34.33426551,1.5,100,100,3,112.052,46.38000036,70.10664802,99.93362772,93,Rain,No
10-07-2022,Koramangala,Sarjapur Road,29855,48.74055354,1.5,92.43697096,100,1,109.71,77.04076935,74.48098107,52.32155523,92,Overcast,No
10-07-2022,M.G. Road,Trinity Circle,37774,34.77214365,1.5,100,100,3,125.548,61.48839409,65.25400339,82.67227741,102,Clear,No
10-07-2022,M.G. Road,Anil Kumble Circle,26128,30.16534236,1.5,92.87950914,100,2,102.256,53.03161687,99.74768702,68.26436301,101,Overcast,No
10-07-2022,Jayanagar,Jayanagar 4th Block,31304,50.7339063,1.5,100,100,0,112.608,30.50672198,78.43625247,63.32937049,77,Overcast,No
10-07-2022,Jayanagar,South End Circle,18783,46.31309415,1.119835884,69.71427252,93.97524644,1,87.566,78.15706787,77.63914511,97.64691952,99,Overcast,No
10-07-2022,Hebbal,Ballari Road,33109,37.4877116,1.5,100,100,6,116.218,26.73209182,82.27024097,85.47800525,94,Clear,No
11-07-2022,Indiranagar,100 Feet Road,20542,32.01185142,1.266478643,65.63979858,97.91343937,0,91.084,25.69064463,61.15228551,73.54214758,91,Clear,No
11-07-2022,Koramangala,Sarjapur Road,28592,20,1.5,98.20702029,100,1,107.184,73.04586042,97.97738085,99.50513971,110,Fog,No
11-07-2022,M.G. Road,Trinity Circle,58842,28.34664197,1.5,100,100,1,167.684,46.55131874,89.01910756,81.80592215,98,Clear,No
11-07-2022,M.G. Road,Anil Kumble Circle,23484,42.10742906,1.311666479,85.70975233,100,4,96.968,70.35584944,79.88812011,51.13570556,97,Clear,No
11-07-2022,Jayanagar,Jayanagar 4th Block,16869,57.87181047,1.002851001,54.51476848,81.62569321,1,83.738,68.95774699,70.68372048,69.65141291,94,Clear,No
11-07-2022,Jayanagar,South End Circle,35462,33.99265737,1.5,100,100,0,120.924,42.27898445,75.44281316,66.98032071,95,Clear,No
11-07-2022,Hebbal,Hebbal Flyover,16560,37.9679312,1.037423545,47.48661698,80.78131124,1,83.12,61.98478832,71.55478918,94.17324676,98,Windy,No
11-07-2022,Yeshwanthpur,Tumkur Road,29215,38.16852339,1.5,100,100,0,108.43,63.58191478,75.23250318,59.51725759,99,Clear,No
12-07-2022,Indiranagar,100 Feet Road,21955,34.13710826,1.156218393,79.46594062,100,2,93.91,33.12069361,94.89131556,95.86669601,122,Overcast,No
12-07-2022,Indiranagar,CMH Road,38540,41.83619751,1.5,100,100,2,127.08,16.67280936,67.4812892,83.17300491,99,Clear,No
12-07-2022,Whitefield,Marathahalli Bridge,24363,49.32427281,1.019997447,90.98524275,100,2,98.726,22.41173398,67.10809457,92.91998406,113,Clear,No
12-07-2022,Whitefield,ITPL Main Road,18772,33.04183563,1.210402161,64.66415787,93.52432204,1,87.544,50.48182998,71.99815681,87.66750119,85,Overcast,No
12-07-2022,Koramangala,Sony World Junction,54547,35.99813669,1.5,100,100,3,159.094,64.82493691,72.67612018,75.80798234,106,Clear,No
12-07-2022,Koramangala,Sarjapur Road,44736,49.44835512,1.5,100,100,1,139.472,56.738068,95.77810475,58.93543664,100,Clear,No
12-07-2022,Electronic City,Hosur Road,20102,37.02113179,1.370548179,58.83405288,99.65023608,1,90.204,75.36324787,81.08768284,54.99465413,98,Clear,No
12-07-2022,M.G. Road,Trinity Circle,12913,59.13314833,1.328362331,49.53522616,62.73635325,0,75.826,73.78719742,90.42778772,55.36259784,208,Clear,No
12-07-2022,M.G. Road,Anil Kumble Circle,53176,42.73261221,1.5,100,100,2,156.352,50.425815,77.43082592,97.36484817,119,Rain,No
12-07-2022,Jayanagar,Jayanagar 4th Block,32287,40.95238364,1.5,100,100,1,114.574,75.94176938,78.45061441,70.86209993,93,Overcast,No
12-07-2022,Jayanagar,South End Circle,26074,32.24354413,1.5,84.77520557,100,1,102.148,38.09587392,66.50810808,84.44056608,83,Fog,No
12-07-2022,Hebbal,Ballari Road,9137,52.01956334,1.178895723,39.98908869,48.88406798,2,68.274,62.07537467,74.35843659,99.92231133,190,Clear,No
12-07-2022,Yeshwanthpur,Tumkur Road,25875,57.56814403,1.5,78.71602244,100,2,101.75,44.56821132,94.5092525,82.77998846,85,Overcast,No
13-07-2022,Indiranagar,100 Feet Road,41154,33.4562796,1.5,100,100,2,132.308,17.12735922,81.93067787,82.59223092,88,Clear,No
13-07-2022,Indiranagar,CMH Road,39121,40.37706651,1.5,100,100,3,128.242,51.31552662,85.17402364,67.15058831,98,Overcast,No
13-07-2022,Whitefield,Marathahalli Bridge,17335,38.85018247,1.361899063,55.61870065,87.30698597,3,84.67,27.37160902,61.96578176,80.82712105,106,Overcast,No
13-07-2022,Koramangala,Sony World Junction,31339,30.14855735,1.5,100,100,4,112.678,28.6057383,86.26190708,69.5243681,87,Fog,No
13-07-2022,Koramangala,Sarjapur Road,66519,28.09098305,1.5,100,100,3,183.038,28.02867068,77.38968455,60.47728688,113,Clear,No
13-07-2022,Electronic City,Silk Board Junction,7337,45.79915105,1.014093964,21.44405567,38.32014743,0,64.674,26.51627438,81.41970575,97.66158482,191,Clear,No
13-07-2022,M.G. Road,Trinity Circle,36282,49.99287758,1.5,100,100,4,122.564,74.13558144,96.83299178,85.20145014,104,Clear,No
13-07-2022,M.G. Road,Anil Kumble Circle,29725,44.84485002,1.5,99.59564528,100,0,109.45,17.93388293,66.1458322,99.49413069,95,Clear,No
13-07-2022,Jayanagar,South End Circle,33529,41.88215568,1.5,100,100,2,117.058,39.07199679,77.12124522,73.43628023,112,Clear,No
13-07-2022,Hebbal,Hebbal Flyover,8571,41.26123334,1.144486648,23.7642216,38.78136463,0,67.142,11.89128926,98.65501392,67.06652609,208,Clear,No
13-07-2022,Yeshwanthpur,Yeshwanthpur Circle,25447,40.84128321,1.5,88.7885306,100,4,100.894,45.97452972,85.99292977,72.8981658,102,Clear,No
14-07-2022,Indiranagar,100 Feet Road,39117,29.6628524,1.5,100,100,0,128.234,15.9722477,86.33558237,69.26674007,113,Clear,No
14-07-2022,Indiranagar,CMH Road,32877,39.48850831,1.5,100,100,3,115.754,35.44372134,63.78909941,72.6762671,103,Clear,No
14-07-2022,Whitefield,Marathahalli Bridge,17858,42.90443202,1.079572049,53.95520802,92.75191377,1,85.716,14.1526933,63.61296548,63.06904177,108,Clear,No
14-07-2022,Koramangala,Sony World Junction,46500,43.5316682,1.5,100,100,3,143,57.25024295,70.65673484,69.47174832,96,Clear,No
14-07-2022,Koramangala,Sarjapur Road,30946,22.07579656,1.5,100,100,1,111.892,77.13049075,66.72305843,83.42106852,116,Clear,No
14-07-2022,Electronic City,Hosur Road,22437,52.41155824,1.004398516,81.14682578,100,1,94.874,54.6967425,79.831875,55.7547132,84,Clear,No
14-07-2022,M.G. Road,Trinity Circle,47001,27.01594343,1.5,100,100,1,144.002,14.00529414,86.32795195,77.45210904,86,Clear,No
14-07-2022,Jayanagar,South End Circle,18401,44.87568648,1.293433304,61.69492552,95.05205428,1,86.802,47.11807924,82.23994899,72.56158493,89,Clear,Yes
15-07-2022,Indiranagar,100 Feet Road,54002,26.89066775,1.5,100,100,2,158.004,30.87340115,65.35697405,72.69930989,100,Fog,No
15-07-2022,Indiranagar,CMH Road,26735,20.14704818,1.5,91.22336808,100,8,103.47,67.48426957,78.77441923,60.60155302,116,Clear,No
15-07-2022,Whitefield,ITPL Main Road,8423,38.82405019,1.131427811,28.22965523,44.78121478,1,66.846,16.88757051,83.64609172,87.0816437,183,Overcast,No
15-07-2022,Koramangala,Sony World Junction,14153,37.31578246,1.095585488,47.05430077,71.59725652,0,78.306,72.25492046,84.79895293,79.86258651,226,Clear,No
15-07-2022,Koramangala,Sarjapur Road,29150,53.91580338,1.5,100,100,3,108.3,57.86325423,78.16876827,91.10688128,109,Clear,No
15-07-2022,Electronic City,Hosur Road,5889,29.95286727,1.296844544,14.00264962,25.57507548,2,61.778,58.37401549,82.44669775,89.11742221,197,Windy,No
15-07-2022,M.G. Road,Trinity Circle,44237,24.78840244,1.5,100,100,6,138.474,54.59815142,83.62413958,81.12098004,89,Clear,No
15-07-2022,Jayanagar,South End Circle,17806,40.56028349,1.333869649,67.66836811,86.3949648,0,85.612,25.45948716,74.0041427,90.23796993,104,Clear,No
15-07-2022,Hebbal,Hebbal Flyover,10522,49.22928609,1.30731304,26.56137449,55.23221627,0,71.044,17.3915146,77.61901492,73.80735045,214,Clear,No
15-07-2022,Hebbal,Ballari Road,22012,35.65258795,1.096560588,80.08052627,100,1,94.024,59.66477184,80.67170813,50.3639332,117,Overcast,Yes
16-07-2022,Indiranagar,100 Feet Road,12758,37.85886233,1.356503932,43.10904029,62.32343396,0,75.516,57.75249682,71.13786443,52.75068575,207,Clear,No
16-07-2022,Indiranagar,CMH Road,11596,52.83431187,1.035466588,43.8484809,58.22427234,0,73.192,38.42688392,60.85649582,83.13492688,194,Rain,No
16-07-2022,Koramangala,Sony World Junction,30568,31.13224803,1.5,100,100,3,111.136,36.79188301,85.62683073,54.48739188,107,Clear,Yes
16-07-2022,M.G. Road,Trinity Circle,26167,21.51045196,1.5,81.37941082,100,1,102.334,62.08400659,67.55314947,91.24425598,96,Clear,No
16-07-2022,M.G. Road,Anil Kumble Circle,39863,29.17033781,1.5,100,100,3,129.726,29.59407524,70.12973155,53.60063292,132,Overcast,No
16-07-2022,Jayanagar,Jayanagar 4th Block,5893,40.47992327,1.234117031,25.08251953,28.23854615,0,61.786,66.00342418,73.30762725,64.34409489,223,Clear,Yes
16-07-2022,Hebbal,Hebbal Flyover,18595,48.66204538,1.194342244,68.31543521,93.69977184,0,87.19,22.03214247,94.56566703,76.35145818,106,Clear,No
16-07-2022,Hebbal,Ballari Road,31566,39.30309565,1.5,100,100,2,113.132,67.32023613,71.43749156,96.97312847,117,Fog,No
16-07-2022,Yeshwanthpur,Yeshwanthpur Circle,15596,52.89057468,1.230153346,45.39983409,73.20337654,0,81.192,46.2190682,87.58615856,82.4911031,115,Clear,No
17-07-2022,Indiranagar,100 Feet Road,33369,30.59483056,1.5,100,100,2,116.738,51.89144006,61.17814836,99.48412475,107,Clear,Yes
17-07-2022,Indiranagar,CMH Road,22825,31.76204555,1.237169235,79.51743767,100,2,95.65,17.07800633,81.9173876,79.19792012,91,Overcast,No
17-07-2022,Whitefield,Marathahalli Bridge,39144,35.32597047,1.5,100,100,2,128.288,14.21283244,72.89992963,69.9266246,111,Overcast,No
17-07-2022,Koramangala,Sony World Junction,30240,27.8925602,1.5,98.03409811,100,3,110.48,20.56043698,78.45390105,97.55062572,110,Clear,No
17-07-2022,Koramangala,Sarjapur Road,30957,20,1.5,100,100,1,111.914,52.44904524,80.28033521,74.68343304,81,Clear,No
17-07-2022,M.G. Road,Trinity Circle,27506,23.84922962,1.5,93.22148921,100,3,105.012,68.17107821,69.50406135,73.05861868,97,Rain,No
17-07-2022,Jayanagar,Jayanagar 4th Block,30276,29.49855102,1.5,100,100,1,110.552,74.68452739,84.97202916,93.46087661,105,Rain,Yes
17-07-2022,Hebbal,Hebbal Flyover,20366,47.49675028,1.27679245,70.98825627,97.89093838,6,90.732,42.48918315,85.65297764,68.65310734,104,Rain,No
17-07-2022,Hebbal,Ballari Road,30673,40.83750144,1.5,100,100,2,111.346,36.69366814,78.65096962,64.92291973,96,Clear,No
17-07-2022,Yeshwanthpur,Tumkur Road,14188,37.83541484,1.244500355,54.6036626,74.13115999,0,78.376,19.58675824,66.24332729,98.44819715,207,Clear,No
18-07-2022,Indiranagar,100 Feet Road,55689,47.49630314,1.5,100,100,3,161.378,68.77787793,65.94727047,77.26122096,95,Clear,No
18-07-2022,Indiranagar,CMH Road,12844,58.52042369,1.357974372,43.20643245,64.52024426,1,75.688,12.58387188,69.20183303,61.90067059,193,Overcast,No
18-07-2022,Whitefield,ITPL Main Road,18011,46.58360152,1.186292744,60.14465272,86.39939106,0,86.022,37.08963669,74.06754011,94.3649335,101,Clear,No
18-07-2022,Koramangala,Sarjapur Road,28283,30.02659092,1.5,86.48958363,100,2,106.566,55.6417354,64.7746828,78.6788787,97,Clear,No
18-07-2022,Electronic City,Silk Board Junction,21400,28.14050799,1.191722806,65.59535078,100,0,92.8,55.76015488,75.34726089,85.01049469,105,Fog,No
18-07-2022,M.G. Road,Trinity Circle,24227,59.12414531,1.037409319,87.15582908,100,1,98.454,20.62221257,78.33496767,94.26228715,90,Windy,No
18-07-2022,M.G. Road,Anil Kumble Circle,40012,47.10221032,1.5,100,100,5,130.024,67.60760881,61.08917265,86.6679782,109,Fog,Yes
18-07-2022,Jayanagar,Jayanagar 4th Block,41272,38.42995114,1.5,100,100,0,132.544,60.67200881,90.92970013,86.14247533,108,Windy,No
18-07-2022,Jayanagar,South End Circle,40404,60.87830498,1.5,100,100,2,130.808,74.58208706,82.29095987,76.32526627,98,Overcast,No
19-07-2022,Indiranagar,100 Feet Road,26938,36.2283232,1.5,88.43311275,100,0,103.876,56.41077024,76.93359882,56.26854463,105,Clear,No
19-07-2022,Whitefield,Marathahalli Bridge,23757,47.05129301,1.257837265,75.52454087,100,4,97.514,39.05627918,84.59586555,62.96590422,96,Overcast,No
19-07-2022,Koramangala,Sony World Junction,32476,42.00767326,1.5,100,100,1,114.952,60.44999664,87.60682999,84.51225814,119,Clear,No
19-07-2022,Koramangala,Sarjapur Road,16062,54.22427751,1.33748602,54.60724511,82.56264424,0,82.124,62.19088076,73.73662949,95.14192392,89,Clear,No
19-07-2022,Electronic City,Silk Board Junction,11680,25.74848187,1.215602018,37.51608515,60.03090117,0,73.36,76.2430307,70.43875392,81.36860603,205,Clear,No
19-07-2022,M.G. Road,Trinity Circle,35499,30.88941395,1.5,100,100,0,120.998,19.18312793,85.90029519,85.32904024,120,Clear,Yes
19-07-2022,M.G. Road,Anil Kumble Circle,42904,30.78467386,1.5,100,100,1,135.808,29.23625939,60.76200781,96.63057139,94,Clear,No
19-07-2022,Jayanagar,Jayanagar 4th Block,18665,45.81447234,1.223236816,62.87084799,88.67763018,1,87.33,73.43625919,81.54686901,58.42333026,94,Clear,No
19-07-2022,Jayanagar,South End Circle,27424,25.4669953,1.5,83.35553043,100,4,104.848,54.1071598,60.29648506,69.8020958,97,Fog,No
19-07-2022,Hebbal,Ballari Road,36614,46.09719582,1.5,100,100,2,123.228,23.06717875,65.54410208,60.43344843,101,Clear,No
19-07-2022,Yeshwanthpur,Tumkur Road,27259,20,1.5,91.53111901,100,1,104.518,18.67910446,97.51098187,90.07814973,103,Clear,No
20-07-2022,Indiranagar,100 Feet Road,33834,30.11593567,1.5,100,100,3,117.668,38.60826071,64.95911977,88.12646261,95,Clear,No
20-07-2022,Indiranagar,CMH Road,12544,46.13993589,1.258821622,33.52780379,63.12480382,1,75.088,21.6838549,92.58246224,94.69535533,177,Rain,No
20-07-2022,Koramangala,Sony World Junction,16414,33.66429179,1.085382435,60.91279236,79.26764458,0,82.828,45.5656542,89.05846286,67.48276703,108,Clear,Yes
20-07-2022,M.G. Road,Trinity Circle,24234,41.38402618,1.237515661,82.42334271,100,1,98.468,16.80665784,71.81368809,71.40510579,109,Clear,No
20-07-2022,M.G. Road,Anil Kumble Circle,41720,30.97830843,1.5,100,100,2,133.44,74.26060164,67.97770349,86.84785658,95,Clear,No
20-07-2022,Jayanagar,Jayanagar 4th Block,8400,43.67917848,1.275040353,33.2065015,45.54712395,2,66.8,75.52529479,67.72443177,74.99315664,219,Overcast,No
20-07-2022,Jayanagar,South End Circle,9348,42.98491103,1.267253175,39.54938209,46.20150782,1,68.696,24.29783071,66.05573857,99.69059065,193,Clear,No
21-07-2022,Indiranagar,100 Feet Road,48809,31.20863305,1.5,100,100,1,147.618,16.61450078,83.39152092,99.68349228,102,Clear,No
21-07-2022,Indiranagar,CMH Road,46600,43.2469035,1.5,100,100,3,143.2,76.05761334,62.80248184,73.80800557,117,Clear,No
21-07-2022,Whitefield,ITPL Main Road,27041,29.50291598,1.5,82.33930543,100,2,104.082,52.67925793,86.9591091,53.51157823,80,Clear,Yes
21-07-2022,Koramangala,Sony World Junction,62918,35.9338697,1.5,100,100,0,175.836,60.55252688,82.18271161,56.35758323,103,Fog,No
21-07-2022,Koramangala,Sarjapur Road,58659,42.1465398,1.5,100,100,1,167.318,16.14045425,94.18712465,78.94034491,93,Overcast,No
21-07-2022,M.G. Road,Trinity Circle,37456,25.80146451,1.5,100,100,1,124.912,70.1836863,75.08367351,66.4731778,95,Clear,No
21-07-2022,M.G. Road,Anil Kumble Circle,53372,43.11683395,1.5,100,100,0,156.744,32.67947503,80.15532102,99.66265356,98,Rain,No
21-07-2022,Jayanagar,South End Circle,18348,51.04913827,1.193475892,62.7631182,94.22302219,0,86.696,70.53813015,98.38027241,78.34998259,105,Clear,No
21-07-2022,Hebbal,Ballari Road,26997,35.55863135,1.5,95.9073061,100,1,103.994,47.68500098,90.66497089,99.41522838,114,Clear,No
21-07-2022,Yeshwanthpur,Yeshwanthpur Circle,14878,29.64623726,1.352072074,47.95789644,74.85285949,0,79.756,28.61620991,65.3570305,70.49594224,204,Overcast,No
21-07-2022,Yeshwanthpur,Tumkur Road,6406,50.55658892,1.141258637,19.2379577,36.19599389,1,62.812,11.03671685,67.9827239,65.90859704,199,Clear,No
22-07-2022,Indiranagar,100 Feet Road,11311,41.05678741,1.196217262,46.34665563,52.56200718,0,72.622,11.5662392,90.83592886,82.06130718,208,Overcast,No
22-07-2022,Indiranagar,CMH Road,31879,35.90903857,1.5,100,100,2,113.758,54.1410985,95.71488559,66.88618665,91,Rain,No
22-07-2022,Whitefield,Marathahalli Bridge,29734,46.99497451,1.5,100,100,3,109.468,65.37338202,69.84436949,64.09483561,119,Clear,No
22-07-2022,Whitefield,ITPL Main Road,25265,20,1.5,85.45670341,100,1,100.53,63.51848152,63.51121047,59.91769398,107,Clear,No
22-07-2022,Koramangala,Sony World Junction,31708,37.79415535,1.5,100,100,3,113.416,71.95909356,83.45168881,92.44366106,86,Clear,No
22-07-2022,Koramangala,Sarjapur Road,26415,36.17559694,1.5,89.25873686,100,0,102.83,46.10336965,84.70519283,64.76837268,123,Clear,No
22-07-2022,M.G. Road,Trinity Circle,14985,58.41305875,1.05672104,51.984761,79.44472755,3,79.97,20.95046277,77.79790409,80.98158757,217,Clear,No
22-07-2022,M.G. Road,Anil Kumble Circle,46560,20,1.5,100,100,1,143.12,29.30055757,60.11038594,78.5075556,97,Clear,Yes
22-07-2022,Jayanagar,South End Circle,9430,40.7295277,1.321085633,28.23597755,48.83030917,0,68.86,73.33144929,62.25693902,90.65895644,185,Clear,No
23-07-2022,Indiranagar,100 Feet Road,21711,42.66517097,1.171837426,76.40383503,100,3,93.422,76.11444323,73.73465464,80.1509117,98,Clear,No
23-07-2022,Indiranagar,CMH Road,48677,24.60251891,1.5,100,100,4,147.354,17.39474249,83.46866981,56.19293032,88,Fog,No
23-07-2022,Whitefield,Marathahalli Bridge,17047,52.8847104,1.322382451,66.61824683,88.87931606,0,84.094,31.75377294,82.78706346,81.92932751,95,Clear,No
23-07-2022,Whitefield,ITPL Main Road,20294,45.64334041,1.3579263,74.29357721,100,2,90.588,31.1751831,79.87420633,79.44483908,109,Clear,No
23-07-2022,Koramangala,Sony World Junction,49729,39.9450463,1.5,100,100,0,149.458,32.78096905,87.18539173,52.25710369,83,Clear,No
23-07-2022,Koramangala,Sarjapur Road,46462,25.63014126,1.5,100,100,2,142.924,24.12628578,92.83739628,62.86935318,95,Windy,No
23-07-2022,M.G. Road,Trinity Circle,29433,28.42956303,1.5,88.9748605,100,1,108.866,55.80011351,71.59960322,80.33657795,100,Clear,No
23-07-2022,M.G. Road,Anil Kumble Circle,36155,39.90503728,1.5,100,100,0,122.31,44.32596107,89.32152855,52.30045989,84,Clear,No
23-07-2022,Jayanagar,Jayanagar 4th Block,8608,45.18008825,1.291444577,28.45272705,42.62939661,0,67.216,35.28842091,67.2747773,86.76950503,186,Clear,No
23-07-2022,Jayanagar,South End Circle,24432,62.56929058,1.328548241,86.03196916,100,3,98.864,49.61974465,74.21027958,77.00564714,104,Rain,No
23-07-2022,Hebbal,Hebbal Flyover,17540,62.48041252,1.305140658,50.96485231,84.61522994,0,85.08,45.05236135,70.65588616,70.41716218,72,Clear,No
23-07-2022,Yeshwanthpur,Yeshwanthpur Circle,7758,49.45328162,1.055269114,23.57495392,35.37736841,0,65.516,55.37179769,98.70145905,83.90828128,221,Clear,No
23-07-2022,Yeshwanthpur,Tumkur Road,11603,57.32453908,1.229023269,34.66576879,60.85257588,0,73.206,47.44959011,60.92704335,89.58653917,205,Clear,No
24-07-2022,Indiranagar,100 Feet Road,38811,24.08119428,1.5,100,100,3,127.622,24.73962461,62.47322885,78.44825363,104,Clear,No
24-07-2022,Indiranagar,CMH Road,26937,37.50800816,1.5,96.38156386,100,3,103.874,14.71347792,61.73059523,84.76826489,121,Overcast,No
24-07-2022,Whitefield,Marathahalli Bridge,26956,46.91143373,1.5,98.78751447,100,0,103.912,73.59110469,66.41996475,84.86591697,113,Overcast,No
24-07-2022,Koramangala,Sony World Junction,44704,55.3380005,1.5,100,100,4,139.408,78.99211675,62.20546941,67.93102088,94,Overcast,No
24-07-2022,M.G. Road,Trinity Circle,21662,30.47279097,1.103965625,67.99944127,100,0,93.324,53.70840623,75.46232675,85.61616055,99,Clear,No
24-07-2022,M.G. Road,Anil Kumble Circle,28300,30.5382716,1.5,96.80647713,100,2,106.6,37.93663139,80.88317915,75.77853076,87,Clear,No
24-07-2022,Jayanagar,South End Circle,16034,30.94415917,1.200985504,57.09588624,80.21390583,1,82.068,65.90238586,73.37932363,68.8773844,107,Fog,No
25-07-2022,Indiranagar,100 Feet Road,52326,29.1604623,1.5,100,100,1,154.652,16.51343791,82.98172048,95.43260994,100,Overcast,No
25-07-2022,Indiranagar,CMH Road,45816,25.98264967,1.5,100,100,1,141.632,71.52753045,88.23528772,93.7689989,87,Clear,Yes
25-07-2022,Whitefield,Marathahalli Bridge,16281,36.37861218,1.153269065,45.19923325,83.44478865,2,82.562,77.80611581,96.56256578,77.56758126,98,Fog,No
25-07-2022,Koramangala,Sony World Junction,56434,30.61932634,1.5,100,100,2,162.868,17.66676014,80.0713439,96.55690004,100,Clear,No
25-07-2022,M.G. Road,Trinity Circle,50566,22.97310431,1.5,100,100,3,151.132,71.96838018,72.85620001,83.70819345,108,Clear,No
25-07-2022,M.G. Road,Anil Kumble Circle,26004,39.6737957,1.5,93.80955388,100,4,102.008,51.53480281,91.59062145,92.4528376,120,Clear,No
25-07-2022,Jayanagar,Jayanagar 4th Block,34460,59.43202524,1.5,100,100,2,118.92,58.05636211,72.00079255,78.39228777,103,Windy,No
25-07-2022,Jayanagar,South End Circle,23305,62.40057269,1.038814405,86.6319333,100,2,96.61,17.01551793,65.94313916,58.33274135,90,Rain,No
25-07-2022,Hebbal,Hebbal Flyover,45581,23.14444883,1.5,100,100,1,141.162,44.35843992,83.78126675,77.98165121,85,Overcast,No
25-07-2022,Yeshwanthpur,Tumkur Road,13840,28.25451111,1.292542419,45.34784045,65.46061042,0,77.68,21.38432776,90.04589407,58.32504302,199,Clear,Yes
26-07-2022,Indiranagar,100 Feet Road,13491,50.16331065,1.131726397,44.73698818,71.74261838,0,76.982,79.7587843,66.28009645,85.44669512,206,Clear,No
26-07-2022,Indiranagar,CMH Road,51364,33.49513684,1.5,100,100,3,152.728,74.03660615,69.76928239,84.67703437,107,Clear,No
26-07-2022,Whitefield,Marathahalli Bridge,28321,43.04470583,1.5,85.88184486,100,3,106.642,20.1182613,91.80147197,72.68828196,111,Clear,No
26-07-2022,Koramangala,Sony World Junction,53981,30.24529679,1.5,100,100,1,157.962,45.03935495,66.93430156,69.67575313,97,Windy,Yes
26-07-2022,Koramangala,Sarjapur Road,32393,31.35573148,1.5,100,100,1,114.786,37.81502813,74.91835768,70.55722264,106,Clear,No
26-07-2022,Electronic City,Silk Board Junction,8819,45.5948494,1.351039318,22.8625164,39.29622632,0,67.638,79.03141774,85.35490105,67.70148606,187,Clear,No
26-07-2022,M.G. Road,Trinity Circle,42439,37.86415604,1.5,100,100,0,134.878,30.42669355,86.26156448,91.27906526,95,Rain,No
26-07-2022,Jayanagar,Jayanagar 4th Block,17832,42.17653628,1.339191087,55.3340883,84.52629222,2,85.664,22.98157971,87.02134572,53.93804518,98,Clear,Yes
26-07-2022,Hebbal,Ballari Road,19394,38.53400372,1.186082672,67.490833,91.98250128,1,88.788,41.11764645,73.73625783,92.11542823,96,Clear,No
27-07-2022,Indiranagar,100 Feet Road,24306,55.86233284,1.361683819,71.07263288,100,3,98.612,24.34296047,88.12031271,76.06828795,92,Clear,No
27-07-2022,Indiranagar,CMH Road,40361,41.25776515,1.5,100,100,1,130.722,33.57850914,62.73938658,90.14101027,110,Clear,No
27-07-2022,Koramangala,Sony World Junction,42479,27.62277412,1.5,100,100,1,134.958,17.3395815,72.55076766,83.45815951,94,Clear,No
27-07-2022,Koramangala,Sarjapur Road,30847,43.08492274,1.5,100,100,1,111.694,60.48509134,98.80951299,90.76797395,68,Clear,No
27-07-2022,M.G. Road,Trinity Circle,38615,33.65772616,1.5,100,100,1,127.23,33.03415899,74.67869394,71.02300404,95,Clear,No
27-07-2022,Jayanagar,Jayanagar 4th Block,24540,25.6620672,1.094377409,86.84659239,100,0,99.08,14.21358282,96.89505819,94.44134236,100,Overcast,No
27-07-2022,Hebbal,Hebbal Flyover,30240,30.93146928,1.5,100,100,4,110.48,54.11985591,94.94984394,53.74766721,102,Clear,No
28-07-2022,Indiranagar,100 Feet Road,24020,56.24132386,1.109221124,84.82980623,100,3,98.04,70.48867162,84.59451395,61.70813758,101,Clear,No
28-07-2022,Indiranagar,CMH Road,22227,49.39785513,1.088879612,81.67186581,100,1,94.454,33.89867596,82.97321993,57.7656297,99,Clear,No
28-07-2022,Whitefield,Marathahalli Bridge,31787,38.44741288,1.5,100,100,0,113.574,30.76750601,72.54605635,79.78872174,102,Fog,No
28-07-2022,Koramangala,Sarjapur Road,33554,41.72857688,1.5,100,100,4,117.108,19.03088311,93.82630636,86.60142928,97,Clear,No
28-07-2022,Electronic City,Silk Board Junction,11837,31.99520379,1.036878947,47.34919045,55.18649138,1,73.674,66.29910198,83.59242983,69.41530705,208,Clear,Yes
28-07-2022,M.G. Road,Trinity Circle,48952,30.50218394,1.5,100,100,6,147.904,33.50959817,71.31122868,83.96777298,125,Overcast,Yes
28-07-2022,M.G. Road,Anil Kumble Circle,54395,36.80743895,1.5,100,100,1,158.79,73.45387513,62.89471783,80.21952561,108,Clear,No
28-07-2022,Jayanagar,Jayanagar 4th Block,17322,42.23484637,1.244341605,61.50251207,88.63936227,0,84.644,76.70343888,95.2213111,97.88155713,97,Fog,No
28-07-2022,Jayanagar,South End Circle,25746,27.63572016,1.5,85.82729153,100,3,101.492,58.11048315,77.51160483,92.84655914,97,Clear,No
28-07-2022,Hebbal,Ballari Road,31802,38.12958125,1.5,100,100,2,113.604,23.05890088,61.47957981,84.3704333,105,Clear,No
28-07-2022,Yeshwanthpur,Yeshwanthpur Circle,25386,36.74395637,1.5,93.4979762,100,3,100.772,22.47528932,88.82465854,58.73887519,88,Overcast,No
29-07-2022,Indiranagar,100 Feet Road,34916,36.15154804,1.5,100,100,1,119.832,34.84329374,89.15566713,79.90481702,116,Clear,No
29-07-2022,Indiranagar,CMH Road,25786,52.03862617,1.5,83.20325291,100,1,101.572,15.84820511,80.2019208,57.50611326,109,Clear,No
29-07-2022,Whitefield,Marathahalli Bridge,7581,36.48746302,1.12419219,31.27773393,41.33755475,0,65.162,18.67579187,85.36649937,90.23117778,239,Clear,No
29-07-2022,Koramangala,Sony World Junction,43779,32.98202897,1.5,100,100,4,137.558,28.18151569,78.71246798,84.70056397,96,Clear,No
29-07-2022,Koramangala,Sarjapur Road,46793,44.65831647,1.5,100,100,1,143.586,65.47479228,68.88018059,75.15423977,120,Clear,Yes
29-07-2022,Electronic City,Hosur Road,11166,43.96711817,1.369286354,33.86965075,56.20150756,0,72.332,46.9227873,79.10341566,66.8531868,223,Clear,No
29-07-2022,Electronic City,Silk Board Junction,24425,46.70432477,1.308804826,88.89865448,100,3,98.85,11.40213272,63.83052504,65.96912433,94,Clear,No
29-07-2022,M.G. Road,Trinity Circle,27988,25.30442657,1.5,87.69386728,100,2,105.976,10.6050675,80.68081724,76.23939681,86,Fog,Yes
29-07-2022,M.G. Road,Anil Kumble Circle,38834,35.2244892,1.5,100,100,1,127.668,73.78969362,65.06359264,58.46445645,105,Rain,No
29-07-2022,Jayanagar,South End Circle,20536,36.60648042,1.117953109,78.33741757,100,4,91.072,25.65201592,69.89146725,76.92402881,94,Windy,No
30-07-2022,Indiranagar,100 Feet Road,43862,36.87892023,1.5,100,100,4,137.724,60.30962951,67.81198944,70.40729059,110,Overcast,No
30-07-2022,Indiranagar,CMH Road,19532,60.22639892,1.222590343,57.81733515,96.27227876,1,89.064,48.42788312,80.43320449,97.1942455,119,Clear,No
30-07-2022,Whitefield,Marathahalli Bridge,14541,37.90288373,1.25540221,46.15700669,69.41664375,3,79.082,13.98877175,64.26968072,63.80240399,187,Windy,No
30-07-2022,Koramangala,Sony World Junction,45391,40.75038407,1.5,100,100,3,140.782,57.35448294,60.2328284,74.9424276,98,Clear,No
30-07-2022,Koramangala,Sarjapur Road,46627,29.72194936,1.5,100,100,0,143.254,53.63596849,78.74072654,81.43494742,105,Clear,No
30-07-2022,M.G. Road,Anil Kumble Circle,36697,38.73335539,1.5,100,100,1,123.394,54.14414242,86.84649413,86.4155221,113,Fog,No
30-07-2022,Jayanagar,Jayanagar 4th Block,34349,42.17110095,1.5,100,100,4,118.698,38.54896179,77.35689957,86.68305483,103,Clear,No
30-07-2022,Hebbal,Ballari Road,17965,36.41234167,1.312410564,53.48305961,89.47421222,4,85.93,62.25085831,90.3684039,93.13024383,123,Clear,No
31-07-2022,Indiranagar,100 Feet Road,33805,27.94507468,1.5,100,100,1,117.61,21.80973197,83.18828956,68.67557454,99,Fog,No
31-07-2022,Indiranagar,CMH Road,21325,20.91901218,1.211866767,80.43469897,100,1,92.65,52.85822386,63.58674427,85.51721193,97,Overcast,No
31-07-2022,Whitefield,Marathahalli Bridge,20344,42.54996995,1.305092733,62.19636078,98.15529275,0,90.688,57.00466787,82.78250963,82.82553245,86,Clear,No
31-07-2022,Whitefield,ITPL Main Road,11895,57.60839817,1.322581027,30.75048471,56.44628752,0,73.79,21.03533641,87.70860571,91.03836106,209,Overcast,No
31-07-2022,Koramangala,Sony World Junction,46783,33.62672373,1.5,100,100,1,143.566,36.42822382,68.4029678,54.14877972,105,Clear,No
31-07-2022,Electronic City,Silk Board Junction,19305,52.82595127,1.244181819,62.45042992,97.8784964,0,88.61,43.98305052,89.43528368,80.6862873,83,Clear,No
31-07-2022,M.G. Road,Trinity Circle,40856,25.75515685,1.5,100,100,2,131.712,73.65119818,84.24191797,79.54724337,99,Overcast,No
31-07-2022,M.G. Road,Anil Kumble Circle,26041,34.80709442,1.5,79.27489525,100,4,102.082,69.56465028,63.94689064,62.65511276,87,Fog,No
31-07-2022,Jayanagar,Jayanagar 4th Block,26640,20,1.5,79.82235455,100,2,103.28,29.50220828,92.05442132,85.92811565,102,Clear,No
31-07-2022,Yeshwanthpur,Yeshwanthpur Circle,21492,40.23658734,1.150873658,65.70681307,100,1,92.984,29.8907165,89.44049177,91.82853813,106,Clear,No
01-08-2022,Indiranagar,100 Feet Road,39708,37.60493217,1.5,100,100,3,129.416,41.08144762,84.82608948,95.75731287,92,Clear,No
01-08-2022,Indiranagar,CMH Road,37649,31.09260226,1.5,100,100,3,125.298,20.13372519,92.13157189,65.37712643,108,Clear,No
01-08-2022,Whitefield,Marathahalli Bridge,16736,34.22919803,1.239513248,57.51010787,85.09889809,2,83.472,51.14421431,63.13344885,56.00712192,105,Fog,No
01-08-2022,Whitefield,ITPL Main Road,32220,20,1.5,100,100,4,114.44,36.68902761,97.17964768,84.22078179,103,Clear,No
01-08-2022,Koramangala,Sony World Junction,44869,31.64417456,1.5,100,100,0,139.738,68.52203985,84.69095474,58.82894862,110,Clear,No
01-08-2022,Koramangala,Sarjapur Road,71610,39.58498476,1.5,100,100,0,193.22,21.31052873,61.20151252,82.90780783,104,Clear,No
01-08-2022,M.G. Road,Trinity Circle,24307,43.61967803,1.399260755,86.1250426,100,2,98.614,25.84732824,81.98129829,53.51004073,82,Overcast,No
01-08-2022,M.G. Road,Anil Kumble Circle,28246,37.67806261,1.5,100,100,2,106.492,13.32610479,84.48307139,51.8094302,107,Clear,No
01-08-2022,Jayanagar,Jayanagar 4th Block,32100,31.81386829,1.5,100,100,2,114.2,79.24657794,86.61525047,53.43869664,103,Clear,No
01-08-2022,Jayanagar,South End Circle,31202,27.40387894,1.5,94.33144651,100,0,112.404,25.35509092,74.9595114,80.39229016,79,Overcast,No
01-08-2022,Hebbal,Ballari Road,21168,33.16321215,1.206466546,71.44779824,100,1,92.336,79.54305934,61.07035626,52.50782704,95,Clear,No
01-08-2022,Yeshwanthpur,Yeshwanthpur Circle,5758,49.38546499,1.277701825,24.90115683,32.29334199,0,61.516,41.88559843,97.883258,88.60417712,180,Overcast,No
02-08-2022,Indiranagar,100 Feet Road,24211,44.17969933,1.260079218,85.48047203,100,1,98.422,74.79302088,80.59319126,74.05499406,112,Clear,Yes
02-08-2022,Whitefield,Marathahalli Bridge,10394,44.80290712,1.310435299,43.50550903,56.12170629,1,70.788,59.82418937,69.03431851,59.37763436,214,Overcast,Yes
02-08-2022,Koramangala,Sony World Junction,25143,29.73300667,1.5,83.53344612,100,2,100.286,39.40323926,78.06564109,80.06472049,93,Clear,No
02-08-2022,Koramangala,Sarjapur Road,30810,46.44649444,1.5,100,100,3,111.62,14.97431724,66.61443349,99.6341476,97,Clear,No
02-08-2022,Electronic City,Silk Board Junction,18365,46.18545892,1.260873182,55.62512883,94.13178544,1,86.73,28.24881514,82.93884271,84.53051781,91,Clear,No
02-08-2022,M.G. Road,Trinity Circle,28509,52.96147378,1.5,91.79024375,100,3,107.018,69.62178174,80.22598276,76.30618059,90,Clear,No
02-08-2022,M.G. Road,Anil Kumble Circle,26880,30.38173427,1.5,84.77232979,100,2,103.76,20.05096891,70.89469731,79.69978439,108,Overcast,No
02-08-2022,Jayanagar,Jayanagar 4th Block,34303,37.02645317,1.5,100,100,3,118.606,54.74207944,68.43587904,53.87666291,87,Overcast,Yes
02-08-2022,Jayanagar,South End Circle,9133,41.21598472,1.235325276,33.69946646,45.72167163,1,68.266,74.31228544,79.4259413,89.53293306,196,Overcast,No
03-08-2022,Indiranagar,100 Feet Road,23527,52.42275233,1.319596835,69.05664559,100,0,97.054,57.01018443,72.77323229,52.06819004,89,Clear,No
03-08-2022,Indiranagar,CMH Road,37300,34.11935212,1.5,100,100,1,124.6,37.73983492,81.84315329,79.21236454,92,Clear,Yes
03-08-2022,Koramangala,Sony World Junction,15525,43.32345065,1.25953573,59.55488625,80.48333025,0,81.05,14.58097516,81.0297842,56.48095099,99,Clear,No
03-08-2022,Koramangala,Sarjapur Road,43145,27.11655874,1.5,100,100,4,136.29,17.04967061,75.73498567,57.93315221,97,Clear,No
03-08-2022,M.G. Road,Anil Kumble Circle,40058,36.34974289,1.5,100,100,1,130.116,45.13235409,93.50851848,64.21433017,88,Clear,No
03-08-2022,Jayanagar,South End Circle,19533,46.85343103,1.203422996,55.16933919,94.85371429,1,89.066,37.63458362,91.58978905,91.90454968,99,Clear,No
03-08-2022,Hebbal,Hebbal Flyover,39532,20,1.5,100,100,3,129.064,36.76529261,84.65746004,53.27853302,94,Clear,No
04-08-2022,Indiranagar,100 Feet Road,34845,43.47761211,1.5,100,100,0,119.69,47.21235922,72.14663193,69.15514449,109,Clear,No
04-08-2022,Indiranagar,CMH Road,34258,25.82421615,1.5,100,100,0,118.516,22.17770882,92.32977308,77.29602257,95,Fog,No
04-08-2022,Whitefield,Marathahalli Bridge,6294,56.53033416,1.173409459,19.43201236,32.79409289,0,62.588,39.54742334,60.67820086,81.04813073,219,Windy,No
04-08-2022,Whitefield,ITPL Main Road,19247,37.71026182,1.105504338,73.22012301,93.61954116,0,88.494,18.77234805,92.25296294,85.74240373,87,Fog,No
04-08-2022,Koramangala,Sarjapur Road,29158,43.36084498,1.5,92.96948043,100,1,108.316,36.72500462,61.23331091,91.33133087,95,Clear,No
04-08-2022,M.G. Road,Anil Kumble Circle,26326,46.85349547,1.5,89.80272477,100,1,102.652,70.94310887,71.39004321,75.08834604,90,Rain,No
04-08-2022,Hebbal,Hebbal Flyover,32184,44.39624316,1.5,100,100,2,114.368,58.93529444,65.01661009,98.37270604,109,Clear,No
04-08-2022,Yeshwanthpur,Tumkur Road,6797,48.47598771,1.288612579,13.86985942,36.59084805,0,63.594,58.69104436,81.29372191,97.77440652,162,Clear,No
05-08-2022,Indiranagar,100 Feet Road,35901,23.96657878,1.5,100,100,1,121.802,55.26800092,92.91972125,95.36536414,108,Rain,No
05-08-2022,Indiranagar,CMH Road,36467,25.65052163,1.5,100,100,1,122.934,48.19024875,94.48780552,84.25609861,110,Overcast,No
05-08-2022,Whitefield,ITPL Main Road,16906,28.93374281,1.031604108,64.95445723,82.24463496,0,83.812,26.33110876,60.12031842,84.62751184,103,Clear,No
05-08-2022,Koramangala,Sony World Junction,61179,30.25122096,1.5,100,100,0,172.358,52.33155569,61.05759532,75.06410496,103,Windy,No
05-08-2022,Koramangala,Sarjapur Road,30501,36.34363506,1.5,100,100,5,111.002,13.18256315,68.57935831,88.93755621,104,Fog,No
05-08-2022,M.G. Road,Anil Kumble Circle,48219,20,1.5,100,100,4,146.438,45.31496706,72.91607959,98.84335515,107,Fog,No
05-08-2022,Jayanagar,Jayanagar 4th Block,27433,35.3757015,1.5,82.2591903,100,0,104.866,20.42971311,84.41853356,61.57838561,108,Clear,No
05-08-2022,Jayanagar,South End Circle,37289,35.75921023,1.5,100,100,1,124.578,67.58464229,74.48314684,71.61772952,86,Clear,No
05-08-2022,Hebbal,Hebbal Flyover,18821,44.27292437,1.199908389,71.31015479,89.34963661,3,87.642,13.03378513,85.75612238,77.61171901,91,Fog,No
05-08-2022,Yeshwanthpur,Yeshwanthpur Circle,22071,37.91300636,1.095509768,75.01938708,100,1,94.142,21.57924508,67.36545919,52.06717929,105,Clear,No
05-08-2022,Yeshwanthpur,Tumkur Road,20857,46.69759065,1.347712447,63.25951075,100,0,91.714,12.80531978,97.73104403,90.53033063,101,Fog,No
06-08-2022,Indiranagar,100 Feet Road,37008,35.99762169,1.5,100,100,5,124.016,12.38674499,89.06914497,61.67380869,103,Windy,Yes
06-08-2022,Indiranagar,CMH Road,53499,36.62933664,1.5,100,100,2,156.998,35.7011407,90.99953155,95.19963968,104,Clear,No
06-08-2022,Whitefield,Marathahalli Bridge,16349,43.44298669,1.167444857,63.75927092,82.57972367,0,82.698,48.21332969,99.74180591,78.25858435,92,Clear,No
06-08-2022,Whitefield,ITPL Main Road,32112,43.78772379,1.5,100,100,1,114.224,31.54809724,61.68272569,72.75836927,102,Clear,No
06-08-2022,M.G. Road,Anil Kumble Circle,37991,37.48729853,1.5,100,100,1,125.982,52.08455759,68.84477698,77.79725783,88,Rain,No
06-08-2022,Jayanagar,Jayanagar 4th Block,17959,24.17599294,1.09906356,65.5200226,91.88535241,0,85.918,16.82046142,60.00720156,79.83594262,91,Clear,No
06-08-2022,Hebbal,Ballari Road,9623,26.43363688,1.157809449,36.68580537,46.21464882,0,69.246,79.69075855,77.76254205,77.56357703,200,Clear,No
07-08-2022,Indiranagar,CMH Road,36452,32.18874771,1.5,100,100,2,122.904,20.65616697,99.4880462,87.31231396,97,Clear,Yes
07-08-2022,Whitefield,ITPL Main Road,30044,43.59409817,1.5,100,100,4,110.088,24.73784119,80.58031512,79.83864719,111,Clear,No
07-08-2022,Koramangala,Sony World Junction,44009,21.84562898,1.5,100,100,1,138.018,46.11408654,79.26851016,60.43597486,114,Clear,No
07-08-2022,Electronic City,Hosur Road,14045,40.24385852,1.151300002,56.48661688,72.45743326,0,78.09,52.3748536,69.86624961,80.54219545,221,Fog,No
07-08-2022,M.G. Road,Trinity Circle,54139,41.17183614,1.5,100,100,2,158.278,69.32204728,61.08274071,60.45877086,114,Clear,No
07-08-2022,M.G. Road,Anil Kumble Circle,37833,41.66683958,1.5,100,100,0,125.666,36.90149091,74.22703872,58.00507779,112,Windy,No
07-08-2022,Jayanagar,Jayanagar 4th Block,30619,38.85109427,1.5,100,100,0,111.238,43.68935147,95.39214145,85.70448013,113,Clear,No
07-08-2022,Hebbal,Hebbal Flyover,23197,47.43078295,1.152869285,70.0509766,100,1,96.394,55.14898758,95.42432397,77.92958654,106,Clear,No
07-08-2022,Hebbal,Ballari Road,21642,46.58047122,1.354563477,80.693888,100,3,93.284,58.636635,76.39314061,91.70458982,109,Clear,No
08-08-2022,Indiranagar,100 Feet Road,49319,20,1.5,100,100,1,148.638,26.29762777,97.81998056,73.12398562,98,Clear,No
08-08-2022,Indiranagar,CMH Road,35091,27.02392954,1.5,100,100,1,120.182,21.84045311,79.10999845,97.26499522,95,Clear,No
08-08-2022,Whitefield,Marathahalli Bridge,34303,25.69350435,1.5,100,100,1,118.606,25.50930622,64.75943376,82.4775592,108,Overcast,No
08-08-2022,Whitefield,ITPL Main Road,14928,40.98672788,1.19468139,56.44879256,79.18539726,0,79.856,67.62100597,92.98324492,69.44890608,199,Clear,No
08-08-2022,Koramangala,Sony World Junction,12647,47.38562673,1.104553001,44.848829,61.87768615,0,75.294,11.61319227,83.56283714,56.10355149,187,Clear,No
08-08-2022,Koramangala,Sarjapur Road,31517,20.67427676,1.5,100,100,3,113.034,20.65417133,86.58780264,70.47534672,106,Clear,No
08-08-2022,M.G. Road,Trinity Circle,25840,30.10959835,1.5,95.91173342,100,3,101.68,22.14824808,86.12194967,59.65256382,98,Clear,No
08-08-2022,M.G. Road,Anil Kumble Circle,39064,20,1.5,100,100,2,128.128,62.05504039,88.02186236,74.52796874,92,Rain,No
08-08-2022,Jayanagar,Jayanagar 4th Block,8104,40.59450692,1.362476098,20.52998674,39.46282714,1,66.208,43.43992072,67.24540038,63.54476118,197,Clear,No
08-08-2022,Hebbal,Hebbal Flyover,27122,31.0811697,1.5,99.68411878,100,2,104.244,60.76224049,99.95351045,81.98212343,97,Clear,No
08-08-2022,Yeshwanthpur,Yeshwanthpur Circle,13913,42.33430989,1.071460653,53.49059708,72.06537538,0,77.826,44.23149417,70.23474562,73.74757329,206,Clear,No
09-08-2022,Indiranagar,100 Feet Road,24439,76.82378504,1.190284039,80.67613164,100,1,98.878,26.97344794,70.53907131,62.25379307,91,Overcast,No
09-08-2022,Indiranagar,CMH Road,42137,43.79279809,1.5,100,100,4,134.274,47.82006931,78.39935158,89.15797812,80,Fog,No
09-08-2022,Whitefield,Marathahalli Bridge,17366,48.10415935,1.168643443,59.09490737,84.11385037,0,84.732,33.57528654,86.22102192,99.23494758,110,Clear,Yes
09-08-2022,Whitefield,ITPL Main Road,18501,33.49771822,1.199757327,70.3281852,89.6324884,1,87.002,26.51745382,99.72683077,69.36127727,120,Clear,No
09-08-2022,Koramangala,Sarjapur Road,53945,30.0983435,1.5,100,100,0,157.89,67.94483463,76.98683099,75.91274561,89,Clear,No
09-08-2022,M.G. Road,Trinity Circle,27474,42.734476,1.5,84.40735609,100,3,104.948,50.86375281,90.29462883,62.79143523,101,Clear,No
09-08-2022,Jayanagar,Jayanagar 4th Block,16142,53.66265218,1.067407122,51.43724702,81.00849809,0,82.284,50.02225311,60.61393499,94.59345303,117,Clear,No
09-08-2022,Hebbal,Ballari Road,26794,21.21952677,1.5,87.42848896,100,1,103.588,76.60412302,79.04227561,93.1799761,89,Clear,No
09-08-2022,Yeshwanthpur,Yeshwanthpur Circle,32155,21.83158915,1.5,99.93228313,100,3,114.31,34.22132996,89.47862424,82.95532605,109,Clear,No
09-08-2022,Yeshwanthpur,Tumkur Road,6025,56.41628173,1.263431684,20.99102359,34.98566658,1,62.05,28.31722383,70.47632649,94.11219003,203,Clear,No
10-08-2022,Indiranagar,100 Feet Road,25407,44.89274045,1.5,76.45825845,100,3,100.814,72.09677247,76.91219529,92.76967901,109,Windy,No
10-08-2022,Indiranagar,CMH Road,24005,37.75840431,1.011282485,79.46824866,100,3,98.01,32.30056172,79.75279183,77.85379148,73,Fog,No
10-08-2022,Whitefield,ITPL Main Road,24869,33.08002993,1.09297203,91.58468063,100,1,99.738,65.96131738,76.96358838,82.11888559,93,Rain,No
10-08-2022,Koramangala,Sony World Junction,33232,40.76676312,1.5,100,100,1,116.464,62.14176008,86.40574079,63.52618135,86,Overcast,Yes
10-08-2022,Koramangala,Sarjapur Road,32857,32.32153584,1.5,100,100,0,115.714,42.51577036,67.10555974,60.55957794,96,Fog,No
10-08-2022,Electronic City,Hosur Road,14200,45.15948657,1.387301846,50.08275203,69.5068649,1,78.4,53.78314174,69.75066287,63.34943506,175,Rain,No
10-08-2022,M.G. Road,Anil Kumble Circle,43204,35.98358484,1.5,100,100,3,136.408,71.33903991,61.31017936,65.71020387,107,Clear,No
10-08-2022,Hebbal,Hebbal Flyover,21450,41.39892183,1.102118608,68.56921995,100,1,92.9,14.78241906,77.40434931,69.5729062,89,Overcast,Yes
10-08-2022,Hebbal,Ballari Road,17048,36.25451476,1.270951091,60.87935868,88.03977163,1,84.096,58.08731213,65.39622897,75.53656658,103,Clear,No
11-08-2022,Indiranagar,100 Feet Road,33669,24.13271448,1.5,100,100,2,117.338,12.3318444,63.350768,84.94970427,100,Clear,No
11-08-2022,Indiranagar,CMH Road,33691,44.63132362,1.5,100,100,3,117.382,37.94236915,70.00309891,50.06196879,104,Clear,No
11-08-2022,Whitefield,ITPL Main Road,28764,29.16409366,1.5,99.23446006,100,1,107.528,76.93712587,90.7033387,98.16022411,103,Rain,No
11-08-2022,Koramangala,Sony World Junction,52008,36.93326619,1.5,100,100,4,154.016,22.87190749,80.60748431,80.30403888,99,Clear,No
11-08-2022,Koramangala,Sarjapur Road,59480,30.07080039,1.5,100,100,1,168.96,47.20439092,96.65108029,95.43224356,92,Clear,No
11-08-2022,Electronic City,Silk Board Junction,16972,29.86418635,1.225231715,64.89138889,88.77883491,1,83.944,64.83014669,68.10607085,98.2586162,84,Rain,No
11-08-2022,M.G. Road,Trinity Circle,40423,31.96899509,1.5,100,100,4,130.846,33.97745484,87.03785883,77.23999797,118,Clear,No
11-08-2022,M.G. Road,Anil Kumble Circle,25934,34.92741357,1.5,95.82947987,100,3,101.868,39.69009216,98.82676905,74.69218571,105,Clear,No
11-08-2022,Jayanagar,South End Circle,47068,29.26703216,1.5,100,100,1,144.136,77.64283842,64.45234719,55.26276726,75,Clear,Yes
12-08-2022,Indiranagar,100 Feet Road,24191,43.57706557,1.260133651,73.87495456,100,3,98.382,54.03405872,90.82514382,94.26261127,107,Rain,No
12-08-2022,Indiranagar,CMH Road,57597,43.298919,1.5,100,100,1,165.194,37.73032766,97.4917312,64.41532962,102,Clear,No
12-08-2022,Whitefield,ITPL Main Road,14069,55.55633757,1.351842481,40.21014463,67.9900509,0,78.138,17.29251871,72.01261694,99.95893732,178,Clear,No
12-08-2022,Electronic City,Hosur Road,18926,67.87814422,1.151683425,69.03555062,93.06880795,0,87.852,31.70666222,77.58591668,60.7028694,103,Clear,No
12-08-2022,M.G. Road,Trinity Circle,29012,41.82638382,1.5,91.61593183,100,0,108.024,79.13761948,63.43510602,58.43030626,99,Clear,No
12-08-2022,M.G. Road,Anil Kumble Circle,38273,38.08601056,1.5,100,100,0,126.546,61.07054787,65.44683571,52.6254583,108,Clear,No
12-08-2022,Jayanagar,Jayanagar 4th Block,40198,53.40403765,1.5,100,100,2,130.396,11.13165567,65.27369831,63.19412464,107,Fog,No
12-08-2022,Jayanagar,South End Circle,19441,52.72161782,1.123024637,61.37489489,94.40181451,2,88.882,26.71754722,66.8741333,52.51344256,76,Clear,No
12-08-2022,Hebbal,Hebbal Flyover,35152,45.15420415,1.5,100,100,3,120.304,72.94079307,96.94194932,52.54732202,94,Clear,No
12-08-2022,Hebbal,Ballari Road,22189,30.71489328,1.28429855,81.58810901,100,2,94.378,60.66707166,96.21716055,98.20177279,94,Rain,No
12-08-2022,Yeshwanthpur,Yeshwanthpur Circle,37705,47.17912665,1.5,100,100,1,125.41,42.86356581,95.87832638,75.98104689,121,Windy,No
13-08-2022,Indiranagar,100 Feet Road,24851,59.40574298,1.160635034,85.55776589,100,0,99.702,16.29039608,63.77941762,61.59669026,98,Clear,Yes
13-08-2022,Indiranagar,CMH Road,49311,33.92655534,1.5,100,100,4,148.622,57.79804193,84.30404947,93.07675146,98,Clear,No
13-08-2022,Whitefield,Marathahalli Bridge,18172,37.48489683,1.129310769,55.3550106,92.34558014,0,86.344,21.9417802,76.32120915,67.77999812,95,Clear,No
13-08-2022,Whitefield,ITPL Main Road,22954,52.85548669,1.140134893,84.06709032,100,2,95.908,77.05970747,96.36545149,61.81100634,110,Rain,No
13-08-2022,Koramangala,Sony World Junction,26787,37.26594625,1.5,88.33933058,100,2,103.574,37.30263535,93.75186274,75.62739592,113,Clear,No
13-08-2022,M.G. Road,Trinity Circle,35052,24.6691495,1.5,100,100,8,120.104,50.86737676,78.73570365,74.52711917,99,Clear,No
13-08-2022,M.G. Road,Anil Kumble Circle,24410,48.32836143,1.075128724,81.92735786,100,0,98.82,70.43470573,93.84587063,67.38880525,95,Clear,No
13-08-2022,Jayanagar,Jayanagar 4th Block,26580,39.38564076,1.5,87.35666947,100,4,103.16,36.398886,60.52369983,58.87361191,104,Rain,No
13-08-2022,Jayanagar,South End Circle,33162,28.80707079,1.5,100,100,2,116.324,37.70773975,74.97114629,86.81972603,106,Rain,No
13-08-2022,Hebbal,Ballari Road,18845,48.8862148,1.071261332,67.99178524,96.92644694,1,87.69,70.66112202,88.90672544,91.69837048,106,Clear,No
13-08-2022,Yeshwanthpur,Tumkur Road,27234,52.65084668,1.5,88.13209358,100,2,104.468,10.1577138,99.88069685,60.53411169,103,Windy,No
14-08-2022,Indiranagar,100 Feet Road,26459,34.36920502,1.5,95.26375887,100,2,102.918,10.23525986,90.57941083,63.849914,95,Clear,No
14-08-2022,Indiranagar,CMH Road,44254,33.93525682,1.5,100,100,3,138.508,67.43146198,71.80948437,71.31688,93,Clear,No
14-08-2022,Whitefield,Marathahalli Bridge,27326,53.18106208,1.5,86.94730326,100,1,104.652,48.81590578,89.9571468,50.61167864,93,Clear,No
14-08-2022,Koramangala,Sony World Junction,43316,32.93701371,1.5,100,100,0,136.632,51.45741708,98.27401685,89.75480312,95,Clear,No
14-08-2022,M.G. Road,Trinity Circle,52223,49.57485527,1.5,100,100,2,154.446,11.2733443,96.82287973,75.01486398,91,Clear,No
14-08-2022,M.G. Road,Anil Kumble Circle,26021,26.20139097,1.5,88.02638139,100,3,102.042,23.79599525,65.67164166,84.66477911,101,Fog,No
14-08-2022,Jayanagar,Jayanagar 4th Block,9854,55.70350951,1.320951852,40.53618583,51.85028267,1,69.708,34.03361534,97.7720328,95.72872682,202,Overcast,No
14-08-2022,Jayanagar,South End Circle,26639,30.45177948,1.5,94.94994298,100,7,103.278,38.47040048,84.59014365,82.88297554,108,Fog,No
14-08-2022,Hebbal,Hebbal Flyover,20295,45.54046744,1.244988113,58.77865761,100,0,90.59,35.86342696,78.38340623,88.73003732,100,Clear,No
14-08-2022,Hebbal,Ballari Road,18515,57.12775862,1.020559869,58.59021238,93.96072208,2,87.03,40.01961266,71.96477117,56.48149951,104,Rain,No
14-08-2022,Yeshwanthpur,Yeshwanthpur Circle,12973,49.64842968,1.243388847,34.27043365,65.36027576,0,75.946,22.31136136,64.52101208,67.33626769,193,Clear,Yes
15-08-2022,Indiranagar,100 Feet Road,26726,40.07724384,1.5,86.03772545,100,1,103.452,78.69575824,71.98923402,63.94510254,102,Fog,No
15-08-2022,Indiranagar,CMH Road,34793,33.08173546,1.5,100,100,1,119.586,54.74195753,83.1729863,93.43927316,103,Overcast,No
15-08-2022,Koramangala,Sony World Junction,62277,39.66087298,1.5,100,100,3,174.554,58.05004171,63.11256825,70.4786636,100,Overcast,No
15-08-2022,Koramangala,Sarjapur Road,43867,41.96593981,1.5,100,100,2,137.734,70.90820434,83.74983474,99.48014493,109,Clear,No
15-08-2022,M.G. Road,Anil Kumble Circle,42451,51.15119564,1.5,100,100,3,134.902,68.29942652,77.98758148,99.36119221,89,Clear,No
15-08-2022,Jayanagar,South End Circle,17345,53.85314588,1.173833454,52.23605672,85.97814868,0,84.69,56.61492084,79.9550565,89.4030223,94,Clear,No
15-08-2022,Hebbal,Ballari Road,15839,48.31047687,1.385509382,46.22329459,82.13412653,0,81.678,25.64761702,98.78547276,90.12882994,104,Windy,No
15-08-2022,Yeshwanthpur,Yeshwanthpur Circle,8213,57.82713958,1.299269517,19.55224127,45.51402275,0,66.426,55.46888647,61.39409534,98.04871073,202,Overcast,No
15-08-2022,Yeshwanthpur,Tumkur Road,26033,20.30454815,1.5,88.43311578,100,3,102.066,74.47657374,92.51929708,61.08118296,109,Fog,No
16-08-2022,Indiranagar,100 Feet Road,43699,33.53536598,1.5,100,100,1,137.398,58.12054798,67.81541858,74.05006269,91,Clear,No
16-08-2022,Indiranagar,CMH Road,24616,50.09154297,1.068828813,81.49717306,100,1,99.232,42.03495672,78.72812386,90.11316664,117,Clear,No
16-08-2022,Koramangala,Sarjapur Road,46460,32.47722871,1.5,100,100,2,142.92,12.20075961,76.52033015,77.50108209,88,Clear,No
16-08-2022,M.G. Road,Trinity Circle,25510,37.52858246,1.5,88.35161999,100,1,101.02,68.12722062,79.65796924,50.26761854,93,Clear,No
16-08-2022,Jayanagar,Jayanagar 4th Block,29199,41.51602255,1.5,89.01179304,100,1,108.398,28.52973948,61.80141989,68.01185944,92,Clear,No
17-08-2022,Indiranagar,100 Feet Road,19503,45.3700668,1.052667587,60.76500469,100,0,89.006,39.32398478,60.25605687,85.97074399,97,Windy,No
17-08-2022,Indiranagar,CMH Road,54359,28.26880309,1.5,100,100,0,158.718,18.84137663,77.01035674,50.60463474,99,Rain,No
17-08-2022,Whitefield,Marathahalli Bridge,23884,45.12853069,1.216146945,85.31296797,100,1,97.768,73.95659377,67.43209573,65.91802066,115,Clear,Yes
17-08-2022,Koramangala,Sarjapur Road,15083,37.12815469,1.114025774,52.73245562,76.39692482,1,80.166,50.45044671,91.09453275,74.53864932,111,Fog,No
17-08-2022,M.G. Road,Trinity Circle,37338,35.63190827,1.5,100,100,4,124.676,55.88101877,84.61449026,68.60805499,83,Clear,No
17-08-2022,Jayanagar,Jayanagar 4th Block,14843,42.71661213,1.036544244,41.73752734,72.4065446,0,79.686,25.41423007,91.50092564,61.73085962,180,Rain,Yes
17-08-2022,Jayanagar,South End Circle,24742,45.69951044,1.08972619,91.05419162,100,1,99.484,19.35886296,76.10526736,96.11832797,91,Clear,No
17-08-2022,Hebbal,Hebbal Flyover,23199,54.50171539,1.295102679,67.83042256,100,0,96.398,40.52058332,91.64501267,57.12303731,119,Clear,Yes
17-08-2022,Yeshwanthpur,Tumkur Road,27761,43.60742425,1.5,98.49736288,100,2,105.522,62.25756087,60.05571378,78.97763448,113,Clear,No
18-08-2022,Indiranagar,100 Feet Road,52501,20,1.5,100,100,1,155.002,42.80227297,83.46549564,52.23376038,84,Fog,No
18-08-2022,Indiranagar,CMH Road,47024,40.81671543,1.5,100,100,3,144.048,34.18757304,91.2538096,89.18053678,107,Fog,No
18-08-2022,Whitefield,Marathahalli Bridge,29153,21.58953485,1.5,95.30994525,100,0,108.306,74.71305927,60.9895563,55.27336309,98,Clear,No
18-08-2022,Whitefield,ITPL Main Road,30423,37.57995797,1.5,100,100,2,110.846,56.45754185,74.85429706,60.94764505,97,Clear,No
18-08-2022,M.G. Road,Trinity Circle,14024,51.94135943,1.158976771,40.23898367,65.40818375,1,78.048,42.4722711,75.45422087,58.7442398,200,Rain,No
18-08-2022,M.G. Road,Anil Kumble Circle,56002,42.43197345,1.5,100,100,4,162.004,67.46154293,95.9636471,52.83745451,97,Clear,No
18-08-2022,Hebbal,Ballari Road,27319,52.79743021,1.5,81.90222525,100,1,104.638,11.44347536,97.25445074,62.60380043,98,Clear,Yes
18-08-2022,Yeshwanthpur,Tumkur Road,6541,52.65547323,1.27146808,21.98182004,29.92826691,0,63.082,14.82954751,73.88849398,76.14181125,188,Clear,No
19-08-2022,Indiranagar,100 Feet Road,36957,44.04688403,1.5,100,100,6,123.914,51.94392493,77.80394292,57.28192759,101,Fog,No
19-08-2022,Indiranagar,CMH Road,23006,39.04095494,1.002528836,80.15627508,100,1,96.012,33.50089475,71.68204918,72.54381804,93,Overcast,No
19-08-2022,Koramangala,Sony World Junction,60076,34.67443906,1.5,100,100,1,170.152,65.84267151,93.16068536,78.00012703,94,Rain,No
19-08-2022,Koramangala,Sarjapur Road,43897,43.43089498,1.5,100,100,1,137.794,17.87687532,89.11656386,99.54841684,101,Fog,Yes
19-08-2022,Electronic City,Hosur Road,12900,44.27453385,1.157528468,50.01552821,68.77192874,0,75.8,64.45724438,83.12908473,79.27513788,212,Clear,No
19-08-2022,Electronic City,Silk Board Junction,12627,35.06995535,1.042332079,43.49207685,64.01797058,1,75.254,78.99114886,61.2397032,85.20730683,195,Clear,No
19-08-2022,M.G. Road,Trinity Circle,53700,28.50852545,1.5,100,100,2,157.4,62.71978174,86.4475573,98.43434822,90,Clear,No
19-08-2022,M.G. Road,Anil Kumble Circle,61241,31.27054354,1.5,100,100,3,172.482,15.31936971,92.30824904,64.48579596,112,Clear,No
19-08-2022,Hebbal,Ballari Road,44236,32.38034446,1.5,100,100,3,138.472,13.31120062,61.80071274,60.84368476,102,Clear,Yes
19-08-2022,Yeshwanthpur,Yeshwanthpur Circle,15631,52.1588246,1.310805605,61.48414422,81.99737946,0,81.262,39.04552146,96.63074071,80.5612626,94,Windy,No
19-08-2022,Yeshwanthpur,Tumkur Road,28382,32.40533961,1.5,90.71228093,100,5,106.764,74.59936484,63.31074134,66.86431067,108,Fog,Yes
20-08-2022,Indiranagar,100 Feet Road,49747,45.37890915,1.5,100,100,2,149.494,48.78793675,70.4521434,91.61934168,95,Clear,No
20-08-2022,Indiranagar,CMH Road,34798,45.13286498,1.5,100,100,3,119.596,72.19108502,80.5674198,61.23575414,87,Clear,No
20-08-2022,Whitefield,Marathahalli Bridge,22829,45.26513567,1.206234467,73.97185609,100,3,95.658,69.29804071,73.6667656,67.81459436,113,Clear,No
20-08-2022,Koramangala,Sony World Junction,40402,39.3763343,1.5,100,100,2,130.804,16.89850507,63.0009104,79.63538717,100,Clear,Yes
20-08-2022,Electronic City,Hosur Road,5679,32.61088638,1.295220358,14.37696695,27.75426622,1,61.358,65.63038273,66.3126749,58.91608731,198,Overcast,Yes
20-08-2022,M.G. Road,Trinity Circle,12769,62.24278249,1.289229349,49.10183305,62.07399352,0,75.538,28.25325458,68.06053854,50.0297379,191,Clear,Yes
20-08-2022,M.G. Road,Anil Kumble Circle,38443,43.32771089,1.5,100,100,1,126.886,68.69075962,95.29465379,89.29869212,110,Clear,No
20-08-2022,Jayanagar,Jayanagar 4th Block,11151,41.70208819,1.005553464,39.59720672,57.28031906,0,72.302,40.17519296,98.57330404,94.20946139,196,Clear,Yes
20-08-2022,Jayanagar,South End Circle,32252,31.0781746,1.5,100,100,4,114.504,65.41485443,61.01905705,84.02021834,92,Clear,No
20-08-2022,Hebbal,Ballari Road,38261,30.04842352,1.5,100,100,3,126.522,50.06444277,72.842928,85.20204937,105,Clear,No
20-08-2022,Yeshwanthpur,Tumkur Road,25652,61.08465448,1.5,94.74034962,100,2,101.304,58.614319,96.92707618,92.06150478,90,Clear,No
21-08-2022,Indiranagar,100 Feet Road,25610,44.0492015,1.5,92.15084296,100,4,101.22,28.87700511,88.17173795,96.4205387,111,Clear,No
21-08-2022,Indiranagar,CMH Road,35063,36.21863184,1.5,100,100,4,120.126,29.34213996,86.24317756,65.7618128,95,Clear,No
21-08-2022,Whitefield,Marathahalli Bridge,6736,47.17069581,1.34284606,23.99961386,29.27375642,0,63.472,53.14363671,73.41993273,75.65883343,223,Clear,No
21-08-2022,Whitefield,ITPL Main Road,6897,46.62650285,1.269871051,16.69611592,29.98290423,1,63.794,17.59656825,93.35615803,88.11987388,208,Clear,No
21-08-2022,Koramangala,Sony World Junction,30148,26.38142218,1.5,90.78331369,100,1,110.296,57.25238523,74.03855084,67.06699436,100,Rain,Yes
21-08-2022,Koramangala,Sarjapur Road,43448,33.42316868,1.5,100,100,2,136.896,53.8318172,80.87647721,78.7966227,98,Fog,No
21-08-2022,M.G. Road,Trinity Circle,25194,24.87620026,1.5,74.39442434,100,5,100.388,68.6206336,97.80185592,61.81550833,106,Clear,No
21-08-2022,M.G. Road,Anil Kumble Circle,26190,28.07687383,1.5,89.80525795,100,2,102.38,71.94671369,79.15432314,86.86609947,95,Fog,No
21-08-2022,Jayanagar,Jayanagar 4th Block,35708,34.9222083,1.5,100,100,2,121.416,43.18018769,61.60795914,67.72758364,107,Clear,No
21-08-2022,Jayanagar,South End Circle,29375,45.48068629,1.5,100,100,3,108.75,77.17997532,90.76262616,85.9231931,100,Clear,No
22-08-2022,Indiranagar,100 Feet Road,38815,31.81797542,1.5,100,100,3,127.63,25.95041525,69.43627378,88.40040693,101,Windy,No
22-08-2022,Indiranagar,CMH Road,35701,34.26680075,1.5,100,100,1,121.402,48.83415632,96.3159128,56.93156138,92,Clear,No
22-08-2022,Whitefield,ITPL Main Road,23359,47.26098127,1.092626991,78.11034156,100,3,96.718,31.1501229,66.48274725,96.38951857,97,Overcast,No
22-08-2022,Koramangala,Sony World Junction,49228,43.39316642,1.5,100,100,3,148.456,12.95603756,85.73618117,77.40230771,88,Windy,No
22-08-2022,Koramangala,Sarjapur Road,58363,21.28806004,1.5,100,100,2,166.726,74.14640432,68.68270629,68.9513987,101,Clear,No
22-08-2022,Electronic City,Silk Board Junction,25938,43.66638537,1.5,89.60466918,100,2,101.876,28.01309721,67.76327516,92.06059185,105,Overcast,No
22-08-2022,M.G. Road,Anil Kumble Circle,36170,41.6667478,1.5,100,100,3,122.34,26.00123625,96.92286142,65.89005603,102,Clear,No
22-08-2022,Jayanagar,South End Circle,15753,32.93699297,1.257803518,52.43313449,81.44959728,1,81.506,64.89789829,93.89847468,79.91950949,118,Clear,No
22-08-2022,Yeshwanthpur,Yeshwanthpur Circle,27703,24.45848603,1.5,93.09159997,100,2,105.406,69.98610773,86.30101311,92.90939069,93,Fog,No
23-08-2022,Indiranagar,100 Feet Road,38055,57.99777868,1.5,100,100,2,126.11,33.31765548,78.95744814,81.07846133,111,Clear,No
23-08-2022,Indiranagar,CMH Road,26942,20,1.5,85.68685194,100,1,103.884,13.38400345,83.33930107,58.7954683,96,Rain,No
23-08-2022,Koramangala,Sony World Junction,14735,40.56585853,1.212820904,41.41029824,78.02616241,2,79.47,69.5981713,92.14936302,95.10529323,201,Clear,Yes
23-08-2022,Koramangala,Sarjapur Road,61237,38.95423763,1.5,100,100,4,172.474,37.15341974,89.36715264,67.05663763,88,Clear,Yes
23-08-2022,M.G. Road,Trinity Circle,45606,35.7964031,1.5,100,100,3,141.212,33.49743505,87.72435869,71.27380534,97,Clear,No
23-08-2022,M.G. Road,Anil Kumble Circle,23973,40.06064029,1.133700833,77.73836944,100,4,97.946,29.40212209,63.16996746,97.28608775,114,Clear,No
23-08-2022,Jayanagar,South End Circle,19927,35.98408741,1.312230109,66.99719982,95.84448702,2,89.854,13.97093085,81.43470731,64.20713089,93,Windy,No
23-08-2022,Hebbal,Hebbal Flyover,35440,46.94768254,1.5,100,100,3,120.88,37.13848844,82.71008277,97.35296119,103,Clear,No
23-08-2022,Hebbal,Ballari Road,18579,50.40136322,1.156551317,67.11797105,96.96425815,1,87.158,67.57673728,61.86526571,64.29123749,96,Clear,No
23-08-2022,Yeshwanthpur,Tumkur Road,15837,53.6144669,1.188871153,61.7283494,76.2120708,2,81.674,66.48360338,65.32808706,56.54912466,118,Clear,No
24-08-2022,Indiranagar,100 Feet Road,47864,43.16844897,1.5,100,100,1,145.728,17.06840193,77.85800364,80.58458113,119,Fog,No
24-08-2022,Indiranagar,CMH Road,54585,46.99478678,1.5,100,100,1,159.17,43.89019553,72.92589519,96.20147299,98,Rain,Yes
24-08-2022,Koramangala,Sony World Junction,66888,41.99871244,1.5,100,100,1,183.776,60.98095209,98.59464046,73.51175618,95,Fog,Yes
24-08-2022,M.G. Road,Trinity Circle,39070,23.64780875,1.5,100,100,4,128.14,14.32607649,77.72013061,54.17016675,89,Clear,Yes
24-08-2022,M.G. Road,Anil Kumble Circle,40845,31.16434436,1.5,100,100,1,131.69,71.52854288,71.1143666,86.12620097,98,Overcast,No
24-08-2022,Jayanagar,Jayanagar 4th Block,27812,28.41927934,1.5,96.15442518,100,0,105.624,63.76539212,68.14032123,69.00680614,113,Clear,No
24-08-2022,Hebbal,Ballari Road,30659,40.89603402,1.5,100,100,0,111.318,50.70755915,75.03660773,56.95795818,90,Clear,No
24-08-2022,Yeshwanthpur,Yeshwanthpur Circle,8560,42.77900449,1.008861053,20.78436234,45.0018668,0,67.12,60.06733298,69.2041582,90.18843916,199,Clear,No
25-08-2022,Indiranagar,100 Feet Road,13093,67.17974143,1.243157572,46.00944326,65.46697346,0,76.186,74.69158957,81.355269,80.86501012,190,Clear,No
25-08-2022,Indiranagar,CMH Road,40097,26.22657471,1.5,100,100,2,130.194,44.75668522,99.06133842,53.20792808,81,Clear,No
25-08-2022,Whitefield,ITPL Main Road,26754,35.10169608,1.5,98.63924001,100,3,103.508,77.52796207,77.30461565,50.07954133,111,Clear,Yes
25-08-2022,Koramangala,Sony World Junction,59245,39.32776778,1.5,100,100,2,168.49,30.56456126,62.44457449,56.96890931,92,Clear,No
25-08-2022,Koramangala,Sarjapur Road,41877,48.52281083,1.5,100,100,1,133.754,65.790812,68.42765387,78.13906137,90,Clear,No
25-08-2022,M.G. Road,Trinity Circle,12271,48.41303051,1.09852209,37.01705638,63.82302092,1,74.542,51.85214674,88.3259198,69.44486014,189,Rain,Yes
25-08-2022,M.G. Road,Anil Kumble Circle,36805,40.99333686,1.5,100,100,3,123.61,59.71902977,66.13019849,86.44941476,99,Clear,Yes
25-08-2022,Jayanagar,Jayanagar 4th Block,18008,58.09518906,1.322835,55.36405962,90.64649468,0,86.016,21.99393381,62.90453725,77.91091915,84,Overcast,No
25-08-2022,Jayanagar,South End Circle,28292,32.81742942,1.5,100,100,0,106.584,78.35209381,98.25900099,71.11428022,78,Clear,No
25-08-2022,Yeshwanthpur,Yeshwanthpur Circle,11913,67.57620638,1.305202389,47.02347765,58.10968489,0,73.826,42.92802938,72.96896337,87.16934618,201,Rain,No
25-08-2022,Yeshwanthpur,Tumkur Road,11897,27.67161246,1.073436428,49.22112007,55.94209773,1,73.794,38.48727268,72.36733596,69.10123189,200,Clear,No
26-08-2022,Indiranagar,100 Feet Road,46715,36.80964637,1.5,100,100,2,143.43,62.94457976,95.11440715,83.25938004,104,Clear,No
26-08-2022,Indiranagar,CMH Road,33842,46.60472505,1.5,100,100,1,117.684,59.50778735,92.67943951,93.11909592,101,Overcast,No
26-08-2022,Whitefield,ITPL Main Road,11489,41.75285005,1.13741858,48.16995351,55.80713494,0,72.978,34.77468629,83.63125363,95.54952433,213,Overcast,No
26-08-2022,Koramangala,Sony World Junction,40466,20.31184793,1.5,100,100,2,130.932,34.71540249,92.15028224,80.05255181,100,Rain,No
26-08-2022,Koramangala,Sarjapur Road,26781,38.74128652,1.5,98.06996635,100,1,103.562,60.17062984,88.31173121,79.85661158,103,Clear,No
26-08-2022,Electronic City,Silk Board Junction,11323,35.85021271,1.243304994,28.19662282,60.31700531,1,72.646,31.78436217,78.62672706,62.4045903,194,Clear,No
26-08-2022,M.G. Road,Trinity Circle,37333,38.62689321,1.5,100,100,0,124.666,40.54001614,71.55344194,65.97089925,100,Rain,No
26-08-2022,M.G. Road,Anil Kumble Circle,32685,26.61724647,1.5,100,100,1,115.37,57.85497013,63.34394947,96.47984084,101,Clear,No
26-08-2022,Jayanagar,Jayanagar 4th Block,20542,44.71025755,1.213489366,63.3626053,98.15621075,1,91.084,78.90477068,91.19039542,90.41814096,90,Clear,No
26-08-2022,Jayanagar,South End Circle,28189,36.38405725,1.5,99.51119171,100,0,106.378,13.15141046,66.31569044,98.7905252,97,Fog,No
26-08-2022,Hebbal,Ballari Road,30465,45.94473213,1.5,96.47890279,100,1,110.93,73.99344542,60.73671952,81.54945234,103,Clear,No
27-08-2022,Indiranagar,100 Feet Road,11925,65.92390289,1.300900902,33.58460673,58.29463042,4,73.85,73.95745258,88.56726367,97.69681244,202,Clear,No
27-08-2022,Indiranagar,CMH Road,47121,25.40005391,1.5,100,100,2,144.242,16.22723036,61.40255335,93.22995732,94,Clear,No
27-08-2022,Whitefield,Marathahalli Bridge,16119,45.23884447,1.257114569,48.95246937,80.79364429,1,82.238,36.14553408,75.33702219,98.35167543,107,Clear,No
27-08-2022,Whitefield,ITPL Main Road,15502,53.41538479,1.113114865,60.30774127,74.48346396,1,81.004,74.43390999,93.2818855,85.2647609,94,Overcast,Yes
27-08-2022,Koramangala,Sarjapur Road,33645,36.78441814,1.5,100,100,2,117.29,54.43934139,99.13763322,84.13446895,115,Clear,No
27-08-2022,M.G. Road,Trinity Circle,27756,20,1.5,90.92131198,100,4,105.512,23.30689276,89.87876674,86.88929447,92,Rain,No
27-08-2022,M.G. Road,Anil Kumble Circle,27386,30.32307063,1.5,99.87649805,100,2,104.772,14.07567146,69.68452963,69.26232703,118,Clear,No
27-08-2022,Jayanagar,Jayanagar 4th Block,22966,41.99137555,1.29362356,67.09411,100,0,95.932,42.07527785,87.19476928,72.97024971,103,Clear,No
27-08-2022,Hebbal,Ballari Road,29784,21.47244396,1.5,93.04966309,100,0,109.568,76.73128535,67.81503558,83.0328168,117,Overcast,No
28-08-2022,Indiranagar,100 Feet Road,45640,28.38832785,1.5,100,100,3,141.28,77.80371971,61.99490163,53.14679772,106,Fog,No
28-08-2022,Indiranagar,CMH Road,8796,57.4267438,1.13769836,30.88145576,46.26814697,1,67.592,50.9712582,65.95097914,56.08009219,213,Fog,No
28-08-2022,Whitefield,ITPL Main Road,28898,32.09924333,1.5,92.06204588,100,3,107.796,72.4204613,85.20295719,68.10995704,101,Clear,No
28-08-2022,Koramangala,Sony World Junction,29592,37.78668456,1.5,90.98053546,100,5,109.184,15.18198635,83.84107514,76.95320529,112,Clear,No
28-08-2022,Electronic City,Silk Board Junction,15119,40.35235085,1.138695816,52.29955173,75.90099418,1,80.238,20.07612024,70.28944035,92.05147861,105,Clear,Yes
28-08-2022,M.G. Road,Trinity Circle,14323,44.27145094,1.114159465,54.69841656,73.66064396,0,78.646,55.11933239,66.06719229,82.73954601,183,Clear,Yes
28-08-2022,M.G. Road,Anil Kumble Circle,28275,33.80408283,1.5,87.99546177,100,2,106.55,27.96217043,90.89401684,75.25770474,83,Clear,No
28-08-2022,Jayanagar,Jayanagar 4th Block,15402,40.91855477,1.230996448,55.58649788,80.57017657,1,80.804,52.59093057,99.4194423,63.05002845,93,Clear,Yes
28-08-2022,Jayanagar,South End Circle,25038,49.39116534,1.5,90.76322547,100,2,100.076,16.37565409,96.59102016,52.77730541,94,Clear,No
28-08-2022,Hebbal,Hebbal Flyover,9871,55.41696558,1.26525036,27.72513632,49.38375327,0,69.742,76.57587169,62.4378165,63.73369638,221,Rain,No
28-08-2022,Hebbal,Ballari Road,9897,46.96795486,1.152125244,36.63186341,46.84803877,1,69.794,69.96268637,71.14162543,60.19112402,215,Clear,No
29-08-2022,Indiranagar,100 Feet Road,37078,30.87741929,1.5,100,100,1,124.156,19.51955556,69.56621596,93.36992363,88,Clear,No
29-08-2022,Indiranagar,CMH Road,22569,41.52395218,1.026575238,67.53555983,100,0,95.138,58.50061087,90.7449692,78.39441521,107,Clear,No
29-08-2022,Koramangala,Sony World Junction,29601,20,1.5,100,100,2,109.202,64.36447253,68.46528936,82.82045698,86,Clear,No
29-08-2022,Koramangala,Sarjapur Road,31094,47.48679871,1.5,100,100,0,112.188,28.09237545,64.36306778,83.12049262,92,Clear,No
29-08-2022,M.G. Road,Trinity Circle,58199,34.3417627,1.5,100,100,5,166.398,33.02679853,65.44242602,88.69743345,105,Clear,No
29-08-2022,M.G. Road,Anil Kumble Circle,37642,41.4524482,1.5,100,100,0,125.284,45.90254208,65.77518813,76.95744484,108,Overcast,No
29-08-2022,Jayanagar,Jayanagar 4th Block,30505,21.84673915,1.5,98.83495071,100,3,111.01,49.84986723,64.21213732,84.01982646,109,Clear,No
29-08-2022,Hebbal,Hebbal Flyover,24834,66.38730107,1.369880063,87.86067818,100,1,99.668,44.11965889,71.95648165,54.74088876,87,Clear,No
29-08-2022,Hebbal,Ballari Road,24127,45.9805549,1.362918568,81.4861278,100,2,98.254,40.32472812,74.17889002,50.44529333,110,Windy,No
29-08-2022,Yeshwanthpur,Tumkur Road,18360,36.51294076,1.3318117,58.81288848,91.30723803,1,86.72,51.62324972,83.12862725,71.26072846,99,Clear,No
30-08-2022,Indiranagar,100 Feet Road,25546,21.67314355,1.5,91.72209339,100,1,101.092,77.89520111,62.326331,71.90873369,101,Clear,No
30-08-2022,Indiranagar,CMH Road,25490,40.97957185,1.5,92.99391154,100,3,100.98,42.44681364,97.72252028,91.14774377,115,Overcast,No
30-08-2022,Whitefield,Marathahalli Bridge,29229,20,1.5,100,100,2,108.458,12.21821947,78.50901507,86.20353852,94,Clear,No
30-08-2022,Whitefield,ITPL Main Road,22662,43.8227051,1.341387835,75.29443726,100,5,95.324,27.01995048,96.11612947,98.49624223,96,Clear,No
30-08-2022,Koramangala,Sony World Junction,43958,37.00415663,1.5,100,100,2,137.916,43.06429373,98.72395575,98.56896076,91,Overcast,No
30-08-2022,Electronic City,Silk Board Junction,19523,46.13100078,1.384012982,56.09296885,94.22021486,0,89.046,71.56454675,92.57780569,98.21850132,103,Clear,No
30-08-2022,M.G. Road,Trinity Circle,55092,31.31419411,1.5,100,100,3,160.184,29.41347711,93.7026231,99.93747558,104,Clear,Yes
30-08-2022,M.G. Road,Anil Kumble Circle,51856,25.76254635,1.5,100,100,1,153.712,27.60361365,70.2329236,65.19196537,102,Clear,No
30-08-2022,Jayanagar,South End Circle,38140,29.74639996,1.5,100,100,4,126.28,32.57813193,78.06907669,56.33264029,109,Overcast,No
30-08-2022,Hebbal,Ballari Road,22564,41.49300252,1.251034307,84.39451881,100,2,95.128,28.82006584,79.90984651,81.24020734,83,Fog,No
30-08-2022,Yeshwanthpur,Tumkur Road,22119,35.82500758,1.01885261,71.20992812,100,0,94.238,77.23900567,99.84509392,77.77514758,92,Overcast,No
31-08-2022,Indiranagar,100 Feet Road,11821,55.24645642,1.131261848,42.28581174,62.17487948,1,73.642,26.20577311,70.50019477,86.20337407,214,Clear,No
31-08-2022,Indiranagar,CMH Road,39971,40.50267468,1.5,100,100,1,129.942,68.94106181,93.81791753,64.97528595,89,Clear,Yes
31-08-2022,Koramangala,Sony World Junction,63191,32.58604623,1.5,100,100,2,176.382,49.720413,72.29593266,94.35734039,101,Overcast,No
31-08-2022,Koramangala,Sarjapur Road,41586,40.61472235,1.5,100,100,2,133.172,25.33158189,87.15891648,80.69740283,106,Overcast,No
31-08-2022,M.G. Road,Anil Kumble Circle,44455,39.06252983,1.5,100,100,3,138.91,29.13965529,60.31927513,98.52846391,111,Overcast,No
31-08-2022,Jayanagar,South End Circle,26308,20,1.5,86.40067199,100,1,102.616,79.43209434,76.96200541,96.3683292,107,Clear,No
31-08-2022,Hebbal,Ballari Road,8918,55.81559381,1.088532325,34.42541497,46.38261323,0,67.836,75.98591529,87.18553464,94.67097803,186,Clear,No
01-09-2022,Indiranagar,100 Feet Road,36839,49.69193732,1.5,100,100,2,123.678,29.16663664,84.94510998,57.30320575,107,Clear,No
01-09-2022,Indiranagar,CMH Road,23379,53.8992505,1.343600113,78.01397397,100,2,96.758,16.057056,69.66789343,86.8277321,111,Clear,No
01-09-2022,Whitefield,Marathahalli Bridge,26331,45.62697401,1.5,93.17547778,100,3,102.662,77.90458103,96.00558931,78.38101137,92,Clear,No
01-09-2022,Whitefield,ITPL Main Road,21262,42.72437362,1.042848573,63.25445982,100,0,92.524,57.03318774,65.06913607,80.59290001,103,Clear,No
01-09-2022,Koramangala,Sony World Junction,34415,28.8985406,1.5,100,100,2,118.83,15.03278416,97.83186398,71.63709128,96,Clear,Yes
01-09-2022,Koramangala,Sarjapur Road,27289,29.04692777,1.5,95.75546399,100,4,104.578,50.03901123,87.58759789,93.74663133,110,Fog,No
01-09-2022,M.G. Road,Trinity Circle,39080,33.18701214,1.5,100,100,2,128.16,38.14201896,87.84168889,51.48303718,92,Clear,Yes
01-09-2022,M.G. Road,Anil Kumble Circle,50453,50.64830405,1.5,100,100,2,150.906,74.23854849,74.3072844,73.11237283,115,Fog,No
01-09-2022,Jayanagar,Jayanagar 4th Block,31500,30.24645237,1.5,100,100,3,113,56.67709725,60.93997488,69.79777756,95,Clear,No
01-09-2022,Jayanagar,South End Circle,20548,28.80963147,1.058559673,59.38019881,98.08632818,0,91.096,23.30926034,81.57021441,72.78600935,95,Clear,Yes
01-09-2022,Hebbal,Hebbal Flyover,39933,22.2403343,1.5,100,100,1,129.866,18.04505391,82.81845834,96.62989984,87,Clear,No
02-09-2022,Indiranagar,100 Feet Road,10468,62.90309165,1.034702642,36.80956802,47.43870932,0,70.936,64.67486758,61.51709699,82.3341049,232,Clear,No
02-09-2022,Indiranagar,CMH Road,32743,32.03829838,1.5,100,100,3,115.486,24.08477819,71.67970626,79.72411244,110,Clear,No
02-09-2022,Whitefield,Marathahalli Bridge,18056,42.62522663,1.206754755,57.30309795,88.71194067,0,86.112,47.8306554,77.76461578,59.81623921,75,Clear,No
02-09-2022,Whitefield,ITPL Main Road,23506,62.80492805,1.024787224,68.70354296,100,0,97.012,13.143352,73.10935219,94.35128539,84,Overcast,No
02-09-2022,Koramangala,Sarjapur Road,31924,29.97965656,1.5,100,100,1,113.848,35.21959947,71.81705227,92.36504321,100,Clear,No
02-09-2022,M.G. Road,Anil Kumble Circle,38210,25.82523795,1.5,100,100,4,126.42,25.22383052,71.45633708,69.24230591,117,Clear,No
02-09-2022,Jayanagar,South End Circle,28803,37.27277413,1.5,97.3056359,100,1,107.606,79.59040127,66.62526083,62.57550196,89,Clear,No
02-09-2022,Hebbal,Ballari Road,32683,38.32075439,1.5,100,100,2,115.366,41.1299024,95.78965105,77.64346019,99,Clear,No
02-09-2022,Yeshwanthpur,Yeshwanthpur Circle,17614,33.71101871,1.041545171,59.91124955,85.51832338,0,85.228,25.86666862,70.04372628,75.20417281,97,Clear,No
03-09-2022,Indiranagar,CMH Road,61638,43.98834486,1.5,100,100,2,173.276,51.21502317,88.98362873,67.81631467,91,Clear,Yes
03-09-2022,Whitefield,Marathahalli Bridge,7098,34.11738361,1.398088501,33.49375475,32.36048847,0,64.196,44.43344594,65.95137335,75.20197041,196,Overcast,No
03-09-2022,Koramangala,Sony World Junction,69407,44.73228385,1.5,100,100,2,188.814,53.05377048,93.14560156,82.89738527,96,Clear,No
03-09-2022,Koramangala,Sarjapur Road,44345,45.24842877,1.5,100,100,0,138.69,38.8500608,87.64101947,71.11767545,101,Clear,No
03-09-2022,Electronic City,Hosur Road,17442,49.53142498,1.058493763,63.2523854,85.93987888,1,84.884,20.48676835,90.31881835,78.39004002,97,Clear,No
03-09-2022,Electronic City,Silk Board Junction,18374,46.67475909,1.011408479,68.87187319,91.39324829,0,86.748,62.66883687,72.91494201,62.66592116,89,Clear,No
03-09-2022,M.G. Road,Trinity Circle,30342,31.56096939,1.5,100,100,2,110.684,22.71472229,71.97106031,65.01002788,90,Clear,No
03-09-2022,M.G. Road,Anil Kumble Circle,37645,35.87858012,1.5,100,100,1,125.29,63.69536603,83.34631971,87.76480764,104,Clear,No
03-09-2022,Jayanagar,Jayanagar 4th Block,18758,50.66378515,1.138088024,67.82691392,95.06538618,0,87.516,36.61834182,71.61949997,60.89543109,100,Clear,No
03-09-2022,Hebbal,Hebbal Flyover,35450,32.20930237,1.5,100,100,0,120.9,79.10371821,87.88107549,66.07009958,88,Clear,No
04-09-2022,Indiranagar,100 Feet Road,44277,25.38117033,1.5,100,100,4,138.554,50.91298423,60.69026022,59.81244195,99,Clear,No
04-09-2022,Indiranagar,CMH Road,41225,30.93604306,1.5,100,100,3,132.45,20.08564425,85.714533,76.00263708,109,Clear,No
04-09-2022,Whitefield,Marathahalli Bridge,17562,42.12204276,1.203050158,62.18358118,92.57264173,1,85.124,65.18477503,89.93348597,61.63084972,95,Clear,No
04-09-2022,Koramangala,Sarjapur Road,49823,44.77601649,1.5,100,100,2,149.646,15.21058273,82.42730106,67.93323072,84,Rain,No
04-09-2022,Electronic City,Hosur Road,21044,32.63590937,1.219780598,78.68088679,100,1,92.088,47.57471961,94.14317376,95.56582639,97,Clear,Yes
04-09-2022,M.G. Road,Trinity Circle,11746,29.80568297,1.030888068,45.43698626,57.7859273,0,73.492,28.52376876,80.46027009,88.33656953,197,Clear,Yes
04-09-2022,M.G. Road,Anil Kumble Circle,25616,36.4077773,1.5,90.92486971,100,5,101.232,48.32914769,79.16781817,99.80625098,95,Fog,No
04-09-2022,Jayanagar,Jayanagar 4th Block,9559,46.50323887,1.289081885,26.1540289,52.50638045,0,69.118,40.56304905,79.92468081,99.53593717,173,Clear,Yes
04-09-2022,Yeshwanthpur,Yeshwanthpur Circle,20219,57.353666,1.228782589,76.83411737,100,3,90.438,51.18561906,99.38114454,97.35903249,111,Windy,No
04-09-2022,Yeshwanthpur,Tumkur Road,18316,30.48908639,1.139556189,66.23339808,90.16104459,2,86.632,45.61605272,82.30823361,78.9701415,96,Clear,No
05-09-2022,Indiranagar,CMH Road,11327,46.95612519,1.028021176,40.18807678,57.54895244,0,72.654,42.23344841,77.43073232,77.33445649,210,Clear,No
05-09-2022,Koramangala,Sony World Junction,48284,35.86415313,1.5,100,100,1,146.568,30.18844683,98.03122899,63.29578397,83,Clear,No
05-09-2022,Koramangala,Sarjapur Road,45992,21.58294659,1.5,100,100,2,141.984,18.62190029,66.27180707,89.51188736,93,Clear,No
05-09-2022,M.G. Road,Trinity Circle,42870,47.99333674,1.5,100,100,2,135.74,49.46769024,72.27362412,63.26239062,100,Rain,No
05-09-2022,M.G. Road,Anil Kumble Circle,41278,33.79512101,1.5,100,100,2,132.556,15.16844749,88.72699928,64.46376316,97,Clear,Yes
05-09-2022,Jayanagar,South End Circle,22181,45.61207004,1.046308414,68.1618988,100,0,94.362,79.81082575,76.08369061,93.19441957,101,Clear,No
05-09-2022,Yeshwanthpur,Yeshwanthpur Circle,20815,38.61045149,1.251547264,74.27779716,100,1,91.63,79.86255206,74.24187343,71.37637137,98,Fog,No
06-09-2022,Indiranagar,100 Feet Road,38314,23.38250073,1.5,100,100,2,126.628,76.4063636,66.24896535,69.46110658,87,Clear,Yes
06-09-2022,Whitefield,ITPL Main Road,14028,61.52955928,1.332737025,46.85721557,71.6765142,0,78.056,54.67182304,69.20395415,68.66447196,168,Clear,No
06-09-2022,Koramangala,Sony World Junction,46257,23.25777718,1.5,100,100,4,142.514,41.32843242,99.75534778,70.63340104,97,Fog,No
06-09-2022,M.G. Road,Trinity Circle,37655,45.10527057,1.5,100,100,1,125.31,64.52795733,65.55407834,56.64193284,90,Clear,No
07-09-2022,Indiranagar,100 Feet Road,10664,64.07966927,1.205084425,42.13875843,57.61109996,1,71.328,32.42646309,78.68140781,94.26050967,213,Clear,Yes
07-09-2022,Indiranagar,CMH Road,38057,35.56367964,1.5,100,100,2,126.114,55.74286482,82.60574426,55.37281731,79,Clear,No
07-09-2022,Koramangala,Sarjapur Road,42769,38.35493652,1.5,100,100,3,135.538,50.13420659,83.90569749,89.45965684,77,Overcast,No
07-09-2022,Electronic City,Hosur Road,24728,43.11116243,1.110911091,91.61917199,100,1,99.456,26.46662692,87.23169308,94.78955013,108,Fog,No
07-09-2022,M.G. Road,Trinity Circle,34597,26.26464588,1.5,100,100,0,119.194,76.74919172,71.77250715,64.77003055,76,Clear,No
07-09-2022,M.G. Road,Anil Kumble Circle,14000,37.83235347,1.175516914,42.48217362,68.04792134,0,78,31.16048744,85.23189279,99.47272569,164,Clear,No
07-09-2022,Jayanagar,Jayanagar 4th Block,30885,28.29496525,1.5,96.03989001,100,1,111.77,66.12393438,62.67411014,76.21771297,107,Clear,No
07-09-2022,Hebbal,Ballari Road,33003,32.0239289,1.5,100,100,0,116.006,22.27188411,93.99817452,90.96501621,94,Clear,Yes
07-09-2022,Yeshwanthpur,Yeshwanthpur Circle,5423,51.71710865,1.057579319,26.89928884,23.32818667,1,60.846,21.46807671,68.58918729,78.69067668,200,Clear,No
07-09-2022,Yeshwanthpur,Tumkur Road,19143,31.89813761,1.035716449,62.72253538,98.75719252,0,88.286,29.29225188,74.92246835,55.19496015,108,Overcast,No
08-09-2022,Indiranagar,100 Feet Road,22582,64.84363883,1.388310562,84.63692327,100,1,95.164,69.68712148,89.16539727,85.21804849,93,Clear,No
08-09-2022,Indiranagar,CMH Road,23070,65.97817098,1.237095122,67.71092943,100,0,96.14,44.49035343,93.8964149,65.55619874,114,Rain,Yes
08-09-2022,Whitefield,Marathahalli Bridge,32273,41.80941043,1.5,99.25930243,100,1,114.546,48.5512502,88.38667798,93.9139079,99,Clear,No
08-09-2022,Whitefield,ITPL Main Road,20736,67.81228091,1.197419796,72.33124101,100,2,91.472,11.0210777,86.81311181,81.00460204,83,Clear,No
08-09-2022,Koramangala,Sony World Junction,45524,38.03377809,1.5,100,100,2,141.048,14.34918296,88.47458599,86.12909154,89,Clear,No
08-09-2022,Koramangala,Sarjapur Road,44981,49.08642716,1.5,100,100,0,139.962,65.79640387,91.37527032,62.67734051,90,Clear,Yes
08-09-2022,M.G. Road,Trinity Circle,35322,48.48056188,1.5,100,100,4,120.644,72.61660301,73.08863253,81.61105622,117,Rain,No
08-09-2022,Hebbal,Ballari Road,28193,20,1.5,97.22160414,100,0,106.386,37.78470823,72.88737258,71.02160299,119,Clear,No
09-09-2022,Indiranagar,100 Feet Road,26909,32.83579003,1.5,96.77174324,100,5,103.818,10.78437751,99.47909087,74.52340388,109,Clear,No
09-09-2022,Indiranagar,CMH Road,24231,34.83268909,1.048057291,77.69177448,100,5,98.462,31.30387589,71.14692611,67.8101799,91,Clear,No
09-09-2022,Whitefield,Marathahalli Bridge,19952,45.61373678,1.324017992,65.95057063,96.29231518,0,89.904,65.78778873,88.11972737,75.32639763,94,Rain,No
09-09-2022,Koramangala,Sony World Junction,15486,34.49166825,1.064174787,51.25079106,79.41955015,0,80.972,56.83741229,83.24288247,71.94695535,115,Clear,No
09-09-2022,M.G. Road,Trinity Circle,24256,48.64100076,1.32796574,78.26004101,100,3,98.512,27.52162918,62.96903726,92.01170337,114,Clear,No
09-09-2022,Jayanagar,Jayanagar 4th Block,19152,37.02436471,1.355207938,61.70734821,92.12079904,0,88.304,24.69544708,62.56605789,94.31156892,99,Fog,No
09-09-2022,Jayanagar,South End Circle,18792,49.49594476,1.268397831,56.56201305,93.76283539,0,87.584,75.24962688,66.77694961,75.77234036,88,Clear,No
09-09-2022,Hebbal,Hebbal Flyover,33081,32.41435369,1.5,100,100,0,116.162,48.58380716,77.10876109,63.77921103,109,Windy,Yes
09-09-2022,Hebbal,Ballari Road,16993,45.48453495,1.29448606,53.7941714,80.35038333,2,83.986,66.4575472,64.84446155,63.44101409,95,Clear,Yes
09-09-2022,Yeshwanthpur,Yeshwanthpur Circle,6729,29.3471224,1.129357222,13.08468425,29.80835722,0,63.458,58.69234331,76.18196049,86.57408732,184,Overcast,No
10-09-2022,Indiranagar,CMH Road,10737,56.56851962,1.188156303,36.73570335,52.76960057,2,71.474,66.01770169,65.14684564,54.01385916,234,Clear,No
10-09-2022,Whitefield,Marathahalli Bridge,26837,38.19285734,1.5,79.51829463,100,0,103.674,16.79683911,97.83109653,96.80414673,108,Overcast,Yes
10-09-2022,Whitefield,ITPL Main Road,15788,57.67618737,1.201429905,47.21197526,80.42387481,1,81.576,53.34301578,73.27795856,89.63595559,99,Clear,Yes
10-09-2022,Electronic City,Silk Board Junction,13126,41.87676026,1.015373257,51.54742237,68.59734352,1,76.252,62.72787744,83.24901056,68.73876482,221,Fog,No
10-09-2022,M.G. Road,Anil Kumble Circle,26222,35.70994438,1.5,84.23371251,100,3,102.444,64.59091105,92.52924682,94.61849491,115,Clear,No
10-09-2022,Jayanagar,South End Circle,7980,29.56401284,1.304413346,17.55169331,37.02640236,1,65.96,63.14733564,74.45241662,83.13301075,174,Clear,No
10-09-2022,Hebbal,Ballari Road,39751,20.18341437,1.5,100,100,2,129.502,71.52554651,92.10546395,81.65150102,102,Clear,No
10-09-2022,Yeshwanthpur,Yeshwanthpur Circle,25865,47.67360182,1.5,93.79570913,100,2,101.73,38.99082766,93.51806293,65.76736945,99,Rain,No
10-09-2022,Yeshwanthpur,Tumkur Road,15870,38.65470917,1.367843271,43.06342185,75.57104793,1,81.74,60.62254828,93.29014443,62.73080084,90,Clear,No
11-09-2022,Indiranagar,100 Feet Road,36681,28.83816394,1.5,100,100,3,123.362,14.70203038,89.58472665,91.01755606,75,Clear,No
11-09-2022,Indiranagar,CMH Road,35719,38.98744245,1.5,100,100,3,121.438,50.94779327,68.20442643,75.29906791,114,Fog,No
11-09-2022,Whitefield,Marathahalli Bridge,26945,27.31191134,1.5,96.1082445,100,3,103.89,22.3897334,65.22544819,59.10117606,119,Fog,No
11-09-2022,Koramangala,Sony World Junction,48695,31.28327815,1.5,100,100,2,147.39,64.2494779,68.75852183,94.45334149,87,Rain,No
11-09-2022,Koramangala,Sarjapur Road,60237,50.68836448,1.5,100,100,3,170.474,78.70066505,69.46242808,97.67396622,104,Clear,No
11-09-2022,M.G. Road,Trinity Circle,52394,26.94534965,1.5,100,100,0,154.788,36.73772031,65.36644877,73.90359522,103,Clear,No
11-09-2022,M.G. Road,Anil Kumble Circle,27506,33.5693353,1.5,85.73867829,100,3,105.012,11.15637281,72.89293044,57.48463062,101,Rain,No
11-09-2022,Jayanagar,Jayanagar 4th Block,39250,34.76235412,1.5,100,100,3,128.5,26.31506052,69.64117035,69.86610722,86,Clear,No
11-09-2022,Jayanagar,South End Circle,24816,38.84117417,1.263362812,89.68650635,100,2,99.632,34.56279332,89.19011559,84.23095133,78,Rain,No
11-09-2022,Hebbal,Ballari Road,20750,43.06992496,1.318527583,76.8495684,100,9,91.5,64.83334034,68.51564824,86.63969274,109,Overcast,No
11-09-2022,Yeshwanthpur,Tumkur Road,15707,64.75457527,1.078933005,47.22596255,76.97582202,1,81.414,14.86998849,90.39756596,63.13297815,105,Windy,Yes
12-09-2022,Indiranagar,100 Feet Road,39495,29.70472459,1.5,100,100,2,128.99,74.07253724,72.01399211,55.56916159,105,Clear,Yes
12-09-2022,Whitefield,Marathahalli Bridge,25714,23.19196918,1.5,94.0047799,100,1,101.428,76.88236716,63.40604963,88.55924668,101,Clear,No
12-09-2022,Koramangala,Sony World Junction,47293,23.88881859,1.5,100,100,2,144.586,15.57911319,96.6750339,82.38532175,95,Clear,Yes
12-09-2022,Koramangala,Sarjapur Road,29449,31.14323218,1.5,97.68649096,100,3,108.898,66.29655479,84.55698512,60.1247341,86,Clear,Yes
12-09-2022,Electronic City,Silk Board Junction,25149,44.79646864,1.5,90.50731285,100,2,100.298,76.41303673,94.43678313,97.67036953,107,Clear,No
12-09-2022,M.G. Road,Trinity Circle,29787,40.21820725,1.5,95.57113122,100,4,109.574,43.40644705,90.81549971,77.11208031,123,Clear,No
12-09-2022,M.G. Road,Anil Kumble Circle,37726,27.8377297,1.5,100,100,1,125.452,44.79465681,72.40745509,78.29834119,99,Overcast,No
12-09-2022,Hebbal,Hebbal Flyover,21112,53.90470089,1.085084882,69.2778052,100,0,92.224,60.04389786,87.59530966,94.35633063,102,Rain,No
13-09-2022,Indiranagar,100 Feet Road,37075,33.97453669,1.5,100,100,3,124.15,71.54958831,83.85602549,73.51778681,116,Clear,No
13-09-2022,Indiranagar,CMH Road,51555,28.35108786,1.5,100,100,0,153.11,50.69867871,91.57915545,77.72154122,110,Rain,Yes
13-09-2022,Whitefield,Marathahalli Bridge,24754,60.67819281,1.236066051,84.80065013,100,3,99.508,63.41001739,72.74273055,68.67631225,97,Clear,No
13-09-2022,Koramangala,Sony World Junction,32377,43.46413161,1.5,100,100,1,114.754,21.32800224,75.48941025,78.14002611,98,Clear,No
13-09-2022,Koramangala,Sarjapur Road,31283,25.74381007,1.5,100,100,3,112.566,13.28253567,96.30448474,53.99769206,100,Overcast,No
13-09-2022,M.G. Road,Trinity Circle,13954,44.71004315,1.18227886,37.90521204,66.77641142,0,77.908,26.62698134,75.69170341,66.64809377,192,Overcast,No
13-09-2022,M.G. Road,Anil Kumble Circle,42555,31.20580513,1.5,100,100,0,135.11,57.24829322,69.44266891,95.58524994,105,Clear,No
13-09-2022,Jayanagar,Jayanagar 4th Block,38083,27.85141731,1.5,100,100,1,126.166,41.03054702,72.12545612,74.9121806,100,Clear,Yes
13-09-2022,Jayanagar,South End Circle,36762,46.28872493,1.5,100,100,1,123.524,31.08095507,69.08471514,81.13593963,102,Clear,No
13-09-2022,Hebbal,Hebbal Flyover,34847,25.30562883,1.5,100,100,3,119.694,57.44160027,69.84294605,69.21448733,115,Clear,No
14-09-2022,Indiranagar,100 Feet Road,35832,33.94879799,1.5,100,100,1,121.664,13.60856853,65.09200945,54.81229394,76,Clear,No
14-09-2022,Indiranagar,CMH Road,48858,27.55409615,1.5,100,100,0,147.716,76.6755709,61.89028801,62.05566342,99,Windy,No
14-09-2022,Koramangala,Sony World Junction,44799,29.70354085,1.5,100,100,3,139.598,27.08987872,61.18389093,99.14003634,92,Clear,Yes
14-09-2022,Koramangala,Sarjapur Road,15407,44.07710961,1.279304949,55.49468246,76.56675933,3,80.814,71.57508061,69.00331534,69.8633451,95,Clear,No
14-09-2022,M.G. Road,Trinity Circle,36697,35.29075546,1.5,100,100,1,123.394,50.62165798,75.16973189,77.18702043,99,Clear,No
14-09-2022,M.G. Road,Anil Kumble Circle,48277,44.40400066,1.5,100,100,2,146.554,30.21628254,99.24697693,94.44264443,90,Clear,No
14-09-2022,Jayanagar,South End Circle,24662,51.52174293,1.373866535,82.74152094,100,2,99.324,58.94430994,95.28199922,88.59460622,104,Clear,No
14-09-2022,Hebbal,Hebbal Flyover,42219,43.82095242,1.5,100,100,2,134.438,13.27353248,64.88445772,64.80955319,93,Fog,No
14-09-2022,Hebbal,Ballari Road,39594,59.37304624,1.5,100,100,1,129.188,60.76209351,99.90129136,95.59738903,105,Overcast,No
15-09-2022,Indiranagar,100 Feet Road,49643,20,1.5,100,100,3,149.286,56.51363457,99.38111801,69.87675679,101,Overcast,No
15-09-2022,Whitefield,Marathahalli Bridge,15372,31.8834478,1.25990238,51.5765044,75.62278177,0,80.744,68.71643934,93.55724111,86.31139441,123,Clear,No
15-09-2022,Whitefield,ITPL Main Road,24341,29.27217167,1.263659454,90.88689748,100,4,98.682,51.07142095,94.67755403,66.21486121,119,Rain,No
15-09-2022,Koramangala,Sony World Junction,32506,33.87821832,1.5,100,100,4,115.012,51.98320195,88.880751,56.77047078,115,Rain,No
15-09-2022,Koramangala,Sarjapur Road,14576,38.29839264,1.352842276,55.70135475,68.51855574,0,79.152,72.25213703,69.46636114,99.79826519,189,Clear,No
15-09-2022,Electronic City,Hosur Road,21149,28.57411866,1.082212417,69.46828611,100,0,92.298,23.85426219,78.46214098,84.64502803,89,Clear,No
15-09-2022,Electronic City,Silk Board Junction,10655,37.85137686,1.120271478,28.02838804,51.05334984,1,71.31,22.02868994,62.70782649,74.99857431,216,Clear,No
15-09-2022,M.G. Road,Trinity Circle,57617,23.56852217,1.5,100,100,1,165.234,63.45157045,78.85899389,77.3651221,103,Overcast,No
15-09-2022,M.G. Road,Anil Kumble Circle,35802,40.49241478,1.5,100,100,2,121.604,42.60599849,63.02500453,54.26253764,100,Clear,No
15-09-2022,Jayanagar,South End Circle,25364,20,1.5,82.41320764,100,1,100.728,45.41373344,81.49152745,66.80775221,114,Clear,No
15-09-2022,Hebbal,Ballari Road,21295,39.12760926,1.027647445,73.74454096,100,1,92.59,59.37844024,74.0012347,74.16879564,111,Rain,No
15-09-2022,Yeshwanthpur,Yeshwanthpur Circle,19764,48.97006957,1.28551493,68.29643533,96.1490828,1,89.528,52.39887763,79.11553966,65.90992069,111,Fog,No
16-09-2022,Indiranagar,100 Feet Road,39951,20,1.5,100,100,1,129.902,41.72107456,79.19177634,83.28915871,100,Clear,No
16-09-2022,Indiranagar,CMH Road,27194,25.86325663,1.5,88.88284145,100,1,104.388,44.12110387,90.59114982,82.16725827,114,Clear,No
16-09-2022,Whitefield,ITPL Main Road,25084,48.72530852,1.5,81.92310473,100,1,100.168,58.79175796,80.5761346,63.94067475,109,Clear,No
16-09-2022,Koramangala,Sarjapur Road,51293,39.79331374,1.5,100,100,1,152.586,61.78169154,65.60244163,88.87936009,101,Clear,No
16-09-2022,M.G. Road,Trinity Circle,41548,44.89130157,1.5,100,100,4,133.096,79.7071353,68.69263399,71.08644336,87,Fog,Yes
16-09-2022,Jayanagar,South End Circle,16072,57.50893789,1.028374472,50.08698996,77.20634295,1,82.144,44.87124391,95.43364412,59.03403441,99,Clear,No
16-09-2022,Hebbal,Ballari Road,25188,48.17463561,1.5,76.08028712,100,1,100.376,72.28835705,93.3674274,67.45160345,111,Clear,No
16-09-2022,Yeshwanthpur,Tumkur Road,16312,30.38563847,1.079617312,44.97515307,79.71634533,1,82.624,39.05656389,78.76110251,87.58944154,99,Clear,No
17-09-2022,Indiranagar,100 Feet Road,12757,29.71077152,1.14186027,46.6775765,62.69721337,4,75.514,62.56462161,72.86634533,86.26471595,195,Windy,No
17-09-2022,Indiranagar,CMH Road,34811,20,1.5,100,100,3,119.622,36.87780326,73.2324446,78.24757828,90,Rain,No
17-09-2022,Whitefield,Marathahalli Bridge,7250,56.5729826,1.090168182,29.72855457,32.6825569,0,64.5,62.13506729,82.9532927,77.70000717,184,Clear,Yes
17-09-2022,Koramangala,Sony World Junction,46682,31.40313689,1.5,100,100,2,143.364,35.03425354,76.42699177,65.7488272,82,Clear,No
17-09-2022,M.G. Road,Trinity Circle,40751,51.46502985,1.5,100,100,5,131.502,12.50058267,60.44299129,56.15967024,82,Clear,No
17-09-2022,M.G. Road,Anil Kumble Circle,37399,48.15633855,1.5,100,100,3,124.798,21.99177885,94.51450421,80.34430376,92,Clear,Yes
17-09-2022,Jayanagar,South End Circle,17747,50.61313634,1.134496851,54.61639009,89.38562821,0,85.494,11.13359232,86.16249296,89.41535515,103,Clear,No
17-09-2022,Hebbal,Ballari Road,10196,42.04658344,1.011494921,29.77580076,47.2718641,1,70.392,24.38446901,90.01643595,87.51832546,201,Clear,No
17-09-2022,Yeshwanthpur,Yeshwanthpur Circle,15729,30.89443684,1.260465759,46.5563079,75.80600598,3,81.458,38.14825862,64.87630547,81.47751831,96,Clear,No
17-09-2022,Yeshwanthpur,Tumkur Road,15832,47.57744342,1.367177061,53.94719186,74.50561219,0,81.664,74.31833045,79.99776344,86.33066396,93,Clear,No
18-09-2022,Indiranagar,CMH Road,39506,38.92082642,1.5,100,100,3,129.012,21.56818702,74.14583904,63.1994011,98,Clear,Yes
18-09-2022,Whitefield,ITPL Main Road,34088,25.49477155,1.5,100,100,1,118.176,70.51960714,73.26310119,61.62668945,100,Clear,No
18-09-2022,Koramangala,Sony World Junction,48981,29.42476939,1.5,100,100,6,147.962,32.6400151,88.18705934,75.48109195,90,Fog,No
18-09-2022,Koramangala,Sarjapur Road,44158,22.30536763,1.5,100,100,3,138.316,37.93954822,65.27749939,73.30448082,109,Overcast,No
18-09-2022,Electronic City,Silk Board Junction,7083,48.87168627,1.349546034,27.37738651,32.4243872,0,64.166,71.69539232,64.52941542,84.30354321,201,Clear,No
18-09-2022,Jayanagar,Jayanagar 4th Block,14540,46.14505004,1.204297145,44.56533055,76.66886641,1,79.08,14.91327484,86.53344397,68.8312782,180,Fog,No
18-09-2022,Jayanagar,South End Circle,15689,38.18722559,1.340257019,43.59821082,77.51777824,1,81.378,71.46227617,88.2517285,53.66869784,115,Rain,No
18-09-2022,Hebbal,Ballari Road,21694,37.2735481,1.371772144,63.7579468,100,1,93.388,29.35144715,67.5349539,67.32403049,95,Clear,No
18-09-2022,Yeshwanthpur,Yeshwanthpur Circle,23481,39.56980865,1.373911963,72.55368665,100,0,96.962,10.70145484,94.83174184,79.33022042,98,Clear,No
19-09-2022,Indiranagar,100 Feet Road,36322,38.19462296,1.5,100,100,1,122.644,36.35072847,93.68451088,92.98808014,104,Clear,No
19-09-2022,Indiranagar,CMH Road,34429,37.87124395,1.5,100,100,2,118.858,12.14303353,66.47767019,72.62850226,101,Fog,No
19-09-2022,Whitefield,Marathahalli Bridge,16156,36.53871504,1.106744308,57.52599214,77.10690888,0,82.312,42.2115829,75.03593413,91.4582458,111,Overcast,No
19-09-2022,Koramangala,Sony World Junction,44685,32.92603948,1.5,100,100,5,139.37,48.33093674,78.31758557,78.29843618,102,Clear,No
19-09-2022,Koramangala,Sarjapur Road,17605,51.0448956,1.013940428,58.99075563,88.37070208,0,85.21,59.81096996,68.41158807,89.72296069,94,Overcast,No
19-09-2022,Electronic City,Silk Board Junction,4537,62.31692989,1.363630911,12.1151986,21.79048351,0,59.074,65.74804659,70.73196216,97.09103286,202,Clear,No
19-09-2022,M.G. Road,Trinity Circle,30975,47.66881312,1.5,95.48219333,100,0,111.95,23.4622469,65.05693023,50.32878039,105,Clear,No
19-09-2022,M.G. Road,Anil Kumble Circle,38736,20,1.5,100,100,0,127.472,70.76210933,69.75661023,86.08911075,97,Rain,No
19-09-2022,Jayanagar,Jayanagar 4th Block,26036,45.92371862,1.5,92.08567893,100,3,102.072,77.57953453,93.4963588,89.6694034,94,Clear,No
19-09-2022,Hebbal,Hebbal Flyover,27266,42.45690974,1.5,89.03603927,100,4,104.532,56.27282638,94.57066909,81.2927917,97,Overcast,No
19-09-2022,Yeshwanthpur,Yeshwanthpur Circle,25938,35.78489741,1.5,89.17672713,100,2,101.876,76.21141735,66.37068243,68.84940897,98,Clear,No
20-09-2022,Indiranagar,100 Feet Road,25347,34.6419238,1.5,79.89132143,100,3,100.694,55.51907057,97.47535995,52.45287246,88,Clear,No
20-09-2022,Indiranagar,CMH Road,33214,20,1.5,100,100,1,116.428,48.44161877,89.45344906,90.84939367,100,Fog,No
20-09-2022,Whitefield,Marathahalli Bridge,23792,47.65363741,1.091923136,86.68925535,100,1,97.584,11.32863606,78.06266856,82.82700638,88,Clear,No
20-09-2022,Whitefield,ITPL Main Road,24244,44.3612148,1.166245135,80.34805064,100,2,98.488,48.55142779,94.89069534,71.52668031,98,Clear,No
20-09-2022,Koramangala,Sony World Junction,47443,27.99672837,1.5,100,100,1,144.886,65.06386653,82.34336569,61.55065835,87,Overcast,No
20-09-2022,Koramangala,Sarjapur Road,14918,46.89889661,1.242799993,55.78870408,70.91855834,1,79.836,17.12525181,88.92574538,57.75410778,198,Clear,Yes
20-09-2022,Electronic City,Silk Board Junction,20336,62.85259809,1.346594617,61.50929224,99.32564227,0,90.672,36.70980853,99.46932739,58.05136889,111,Clear,No
20-09-2022,Jayanagar,Jayanagar 4th Block,21111,30.18391956,1.151534552,74.53343302,100,1,92.222,77.04210632,69.99227205,67.32237443,96,Clear,No
20-09-2022,Jayanagar,South End Circle,9250,55.69868409,1.06846734,38.13826579,43.7858597,0,68.5,72.62438399,67.17831518,93.94928966,214,Clear,Yes
20-09-2022,Hebbal,Hebbal Flyover,38307,34.13149854,1.5,100,100,1,126.614,63.34150237,60.02451575,71.94920819,83,Clear,Yes
20-09-2022,Hebbal,Ballari Road,32425,27.31434622,1.5,100,100,3,114.85,67.5813836,91.32141001,98.61779074,84,Clear,No
21-09-2022,Indiranagar,100 Feet Road,21949,32.48529438,1.015443157,68.85814624,100,0,93.898,42.25773347,90.60919325,75.11458239,99,Overcast,Yes
21-09-2022,Whitefield,Marathahalli Bridge,15036,35.2442808,1.221766112,42.70961689,76.93963296,1,80.072,30.78310131,64.85569302,50.77675315,107,Clear,No
21-09-2022,Whitefield,ITPL Main Road,34207,34.75973674,1.5,100,100,1,118.414,27.75440243,99.47140315,66.7670239,110,Clear,No
21-09-2022,Koramangala,Sony World Junction,62720,20,1.5,100,100,4,175.44,25.53343966,89.67810906,52.62480936,91,Clear,No
21-09-2022,M.G. Road,Trinity Circle,38940,52.29930714,1.5,100,100,1,127.88,43.46405642,62.98436311,81.47218335,104,Windy,No
21-09-2022,M.G. Road,Anil Kumble Circle,42816,27.53262824,1.5,100,100,3,135.632,11.9087236,64.40003842,50.21029606,95,Clear,No
21-09-2022,Hebbal,Hebbal Flyover,30733,38.28071565,1.5,98.30316286,100,1,111.466,79.89315792,74.33238732,97.91699592,109,Clear,No
22-09-2022,Indiranagar,100 Feet Road,23025,50.1826241,1.2191459,75.67814396,100,2,96.05,58.21956196,71.19872764,82.15916699,98,Overcast,No
22-09-2022,Indiranagar,CMH Road,34289,43.87480052,1.5,100,100,2,118.578,20.23724351,62.73969588,66.08893476,99,Clear,No
22-09-2022,Whitefield,Marathahalli Bridge,16112,34.5278737,1.038063717,48.83381165,80.07708718,0,82.224,41.23689532,73.70940503,93.02985887,101,Overcast,No
22-09-2022,Koramangala,Sony World Junction,43119,42.30458976,1.5,100,100,0,136.238,42.42675431,60.05777864,77.71970143,99,Fog,No
22-09-2022,Koramangala,Sarjapur Road,62613,50.61610781,1.5,100,100,2,175.226,77.88814478,69.57459476,72.38713407,96,Windy,No
22-09-2022,M.G. Road,Trinity Circle,25127,20,1.5,90.88909,100,1,100.254,32.17547515,78.90630476,53.71395754,101,Windy,No
22-09-2022,M.G. Road,Anil Kumble Circle,27703,39.32033477,1.5,85.47799563,100,2,105.406,76.73235173,89.14225528,97.75359394,93,Fog,No
22-09-2022,Jayanagar,Jayanagar 4th Block,28349,39.49335053,1.5,100,100,1,106.698,30.42192618,61.52549091,57.06553565,104,Clear,No
22-09-2022,Jayanagar,South End Circle,16226,58.97206689,1.139524489,47.96651941,82.07824876,1,82.452,18.08774795,93.53469728,53.56985523,99,Overcast,No
22-09-2022,Yeshwanthpur,Tumkur Road,27864,33.75181983,1.5,83.78403328,100,2,105.728,26.85326444,85.2663325,52.94835135,98,Clear,No
23-09-2022,Indiranagar,100 Feet Road,46348,52.15191811,1.5,100,100,3,142.696,14.57986928,96.33977005,83.38585258,103,Windy,No
23-09-2022,Indiranagar,CMH Road,37232,34.66447566,1.5,100,100,3,124.464,41.52669262,68.48847872,75.02101466,107,Fog,Yes
23-09-2022,Electronic City,Silk Board Junction,11735,46.37415348,1.093949513,31.51183093,56.62642497,0,73.47,43.43264177,83.30955726,68.12342847,224,Clear,Yes
23-09-2022,M.G. Road,Trinity Circle,41825,37.02417787,1.5,100,100,0,133.65,32.26885026,72.74847775,82.85225289,98,Clear,No
23-09-2022,M.G. Road,Anil Kumble Circle,24812,38.66305229,1.006437885,87.02842736,100,0,99.624,35.90052811,96.21472508,75.56221585,127,Clear,No
23-09-2022,Hebbal,Ballari Road,19487,39.38605489,1.10351684,62.7277726,100,0,88.974,31.42447642,70.44468977,64.80708236,96,Overcast,No
23-09-2022,Yeshwanthpur,Yeshwanthpur Circle,19376,38.98221633,1.114016567,57.08186379,99.09118933,1,88.752,58.22947776,75.55817161,58.20386618,97,Clear,No
24-09-2022,Indiranagar,100 Feet Road,24127,57.59955981,1.21068795,76.39344513,100,2,98.254,61.68612899,61.04672553,92.99744493,98,Rain,No
24-09-2022,Indiranagar,CMH Road,48069,38.23851981,1.5,100,100,2,146.138,17.55707234,97.18189137,60.65191571,108,Windy,No
24-09-2022,Koramangala,Sony World Junction,48387,40.52927481,1.5,100,100,2,146.774,46.07955203,74.96022462,55.17526157,95,Clear,No
24-09-2022,Koramangala,Sarjapur Road,45668,38.58308086,1.5,100,100,5,141.336,58.69147296,71.26232644,62.76648122,97,Clear,No
24-09-2022,Electronic City,Silk Board Junction,20228,44.37040603,1.022015757,64.20015695,98.72758957,2,90.456,51.24774487,77.4182899,63.5283964,102,Clear,No
24-09-2022,M.G. Road,Trinity Circle,45930,44.95762447,1.5,100,100,2,141.86,38.92684029,72.41123318,55.61110409,111,Clear,No
24-09-2022,M.G. Road,Anil Kumble Circle,11770,72.57534792,1.357228077,40.35276651,55.22322843,0,73.54,53.47485604,61.83735228,94.23245487,173,Clear,No
24-09-2022,Jayanagar,Jayanagar 4th Block,17299,49.19977646,1.130529664,51.21776281,90.76256298,1,84.598,13.07972211,80.90806817,78.77262184,96,Overcast,Yes
24-09-2022,Hebbal,Hebbal Flyover,28139,27.83273761,1.5,95.5337428,100,2,106.278,51.32402666,76.79930432,88.08433565,101,Rain,No
25-09-2022,Indiranagar,100 Feet Road,24146,51.21520346,1.3717204,84.26736873,100,1,98.292,66.15692354,92.1787501,80.94133973,102,Clear,No
25-09-2022,Indiranagar,CMH Road,26555,32.50448388,1.5,93.17932048,100,0,103.11,36.69465532,66.35163206,51.8480642,93,Clear,No
25-09-2022,Whitefield,Marathahalli Bridge,34653,39.8120108,1.5,100,100,2,119.306,70.21836566,78.30989594,50.81798698,104,Clear,No
25-09-2022,Whitefield,ITPL Main Road,21968,50.56066123,1.132416007,70.82090338,100,0,93.936,51.51064597,74.31426176,78.08385727,108,Fog,No
25-09-2022,Koramangala,Sarjapur Road,31373,35.76021301,1.5,100,100,0,112.746,44.52507483,77.6434789,88.92216373,97,Clear,Yes
25-09-2022,M.G. Road,Trinity Circle,38985,29.22567859,1.5,100,100,2,127.97,17.70836667,65.05424863,58.95446209,109,Overcast,No
25-09-2022,M.G. Road,Anil Kumble Circle,39267,29.10665361,1.5,100,100,1,128.534,49.88191045,64.64802509,73.96250781,107,Fog,Yes
25-09-2022,Jayanagar,Jayanagar 4th Block,18898,48.79899657,1.088151926,54.90900984,97.96953782,1,87.796,49.04017496,94.89485732,53.4757471,83,Rain,No
25-09-2022,Yeshwanthpur,Yeshwanthpur Circle,16060,38.7928609,1.398227632,60.8106986,79.86367734,0,82.12,16.71365678,97.06046986,92.18874239,94,Fog,No
26-09-2022,Indiranagar,100 Feet Road,37343,25.81965291,1.5,100,100,0,124.686,55.84293967,69.59657213,81.55176863,97,Clear,No
26-09-2022,Indiranagar,CMH Road,26691,42.54886342,1.5,82.1767935,100,1,103.382,47.19220682,71.56809208,83.07977206,124,Clear,No
26-09-2022,Whitefield,Marathahalli Bridge,16658,36.27475207,1.267657171,58.81031306,83.71127048,1,83.316,77.02594412,68.88384832,56.07809843,120,Fog,No
26-09-2022,Koramangala,Sony World Junction,49945,35.285142,1.5,100,100,0,149.89,52.14643808,71.40016586,56.89203237,95,Clear,No
26-09-2022,Electronic City,Hosur Road,19186,60.60953026,1.083379106,71.51451782,95.68075569,1,88.372,23.64420594,75.04031365,74.83438855,96,Overcast,No
26-09-2022,M.G. Road,Trinity Circle,42884,32.06360269,1.5,100,100,1,135.768,45.30594635,77.28829428,63.12159394,99,Clear,No
26-09-2022,Jayanagar,South End Circle,19522,60.24330241,1.24023933,57.55556388,98.7928378,1,89.044,33.74199093,80.36057166,84.30047474,84,Clear,No
26-09-2022,Hebbal,Hebbal Flyover,20777,48.24320081,1.392906332,61.57096323,100,0,91.554,20.94853382,66.97975432,53.16941257,115,Rain,No
26-09-2022,Hebbal,Ballari Road,42841,32.32301913,1.5,100,100,2,135.682,49.8919484,74.40156524,91.55195059,107,Clear,No
26-09-2022,Yeshwanthpur,Tumkur Road,18111,50.00048241,1.238527294,62.50942856,90.33478146,1,86.222,38.46379681,95.31683089,69.31570087,98,Rain,Yes
27-09-2022,Indiranagar,100 Feet Road,25807,55.72277291,1.5,89.04056588,100,1,101.614,35.91976765,69.67833842,84.14040389,103,Overcast,No
27-09-2022,Indiranagar,CMH Road,19926,50.0232209,1.340488775,66.31470815,100,0,89.852,56.80151931,95.43139409,64.64652378,87,Windy,No
27-09-2022,Koramangala,Sony World Junction,44315,29.76266493,1.5,100,100,2,138.63,66.67481514,68.6276641,57.68609232,98,Windy,No
27-09-2022,Electronic City,Silk Board Junction,16526,42.30496193,1.349881964,50.93532749,81.0836567,0,83.052,24.02067961,77.38013528,71.41464104,97,Clear,Yes
27-09-2022,M.G. Road,Trinity Circle,40681,36.12711879,1.5,100,100,0,131.362,46.45318427,86.61050945,58.2818369,103,Fog,No
27-09-2022,M.G. Road,Anil Kumble Circle,27338,23.52733157,1.5,94.95801165,100,2,104.676,74.18290876,60.38057444,52.6744813,100,Clear,No
27-09-2022,Hebbal,Hebbal Flyover,21360,50.92640482,1.219959378,79.11883029,100,1,92.72,46.19791749,99.58132895,64.64634298,103,Clear,No
27-09-2022,Hebbal,Ballari Road,43320,40.46408747,1.5,100,100,2,136.64,16.43267557,80.66003224,57.50639763,102,Clear,No
27-09-2022,Yeshwanthpur,Yeshwanthpur Circle,20532,51.73740652,1.122299303,64.02632191,100,1,91.064,18.22617806,79.04111711,83.80895472,115,Clear,No
27-09-2022,Yeshwanthpur,Tumkur Road,17531,43.64864806,1.157980044,62.88866147,86.32368445,0,85.062,64.73268485,99.54861644,88.9676187,108,Rain,No
28-09-2022,Indiranagar,100 Feet Road,32360,33.11067746,1.5,100,100,1,114.72,12.44642863,63.62491932,79.63123677,113,Rain,No
28-09-2022,Indiranagar,CMH Road,39892,21.40167411,1.5,100,100,0,129.784,45.36629947,71.45185652,80.04189174,98,Clear,No
28-09-2022,Whitefield,ITPL Main Road,21636,44.72441294,1.066177071,79.97809288,100,1,93.272,67.62832211,73.2261259,77.82976064,94,Clear,No
28-09-2022,Koramangala,Sony World Junction,43016,20,1.5,100,100,0,136.032,66.51717214,66.92667789,81.67223641,98,Overcast,No
28-09-2022,Koramangala,Sarjapur Road,29036,29.05398153,1.5,89.39314682,100,2,108.072,38.8021116,73.44037643,78.60763456,102,Overcast,Yes
28-09-2022,Electronic City,Hosur Road,27058,41.23034754,1.5,92.24735484,100,1,104.116,63.04384178,81.62972189,97.83659453,104,Clear,Yes
28-09-2022,M.G. Road,Trinity Circle,23175,48.50177215,1.327124986,84.84836495,100,1,96.35,53.69888608,79.31202099,83.43913622,86,Clear,No
28-09-2022,M.G. Road,Anil Kumble Circle,28160,42.39479575,1.5,87.61001807,100,3,106.32,39.51992414,63.43147922,72.80909106,100,Clear,Yes
28-09-2022,Jayanagar,Jayanagar 4th Block,19515,56.62475568,1.13033079,55.9656653,94.39943624,2,89.03,66.13974009,94.68385966,52.40904361,117,Windy,No
28-09-2022,Jayanagar,South End Circle,37902,31.80829783,1.5,100,100,2,125.804,38.61562711,85.59105296,98.88102116,94,Clear,No
28-09-2022,Hebbal,Ballari Road,25193,37.10632755,1.5,83.83327614,100,1,100.386,12.85613735,91.11185176,66.52165729,119,Clear,No
29-09-2022,Indiranagar,100 Feet Road,27381,48.3494598,1.5,96.57660146,100,2,104.762,73.01392313,99.19929527,98.56175033,91,Clear,No
29-09-2022,Indiranagar,CMH Road,20693,32.42262017,1.11153302,63.58285821,100,0,91.386,59.4580542,74.74500436,90.09896195,89,Rain,No
29-09-2022,Whitefield,Marathahalli Bridge,8139,44.19110081,1.321167157,23.98515627,45.2402772,0,66.278,15.05737838,88.12267509,76.86386789,183,Clear,No
29-09-2022,Koramangala,Sony World Junction,60662,45.14742301,1.5,100,100,1,171.324,48.61027644,86.31736697,79.52856435,124,Clear,No
29-09-2022,Koramangala,Sarjapur Road,13898,36.60616496,1.335965955,53.65164128,67.32893141,0,77.796,24.36413629,67.06273596,61.87176796,188,Clear,No
29-09-2022,M.G. Road,Anil Kumble Circle,12626,42.55886225,1.137905564,44.98895135,63.31907909,0,75.252,63.70813368,65.25922918,61.40979876,207,Rain,No
29-09-2022,Jayanagar,South End Circle,27396,34.79122719,1.5,100,100,2,104.792,34.73855858,71.4728818,92.66218966,95,Windy,No
29-09-2022,Hebbal,Hebbal Flyover,34418,36.74371863,1.5,100,100,3,118.836,34.20455584,79.06214327,65.48817642,94,Overcast,No
29-09-2022,Hebbal,Ballari Road,20103,29.38900334,1.316468813,58.4391105,100,0,90.206,78.00199475,95.95093723,97.47914245,85,Clear,No
29-09-2022,Yeshwanthpur,Yeshwanthpur Circle,23845,64.07294258,1.330090863,79.48879395,100,5,97.69,79.74502232,66.38648174,76.85199215,91,Clear,No
29-09-2022,Yeshwanthpur,Tumkur Road,14538,41.81929694,1.088270239,46.7913799,67.85057138,0,79.076,72.73903303,93.48640815,92.04612262,196,Clear,No
30-09-2022,Indiranagar,100 Feet Road,44024,23.26837227,1.5,100,100,1,138.048,75.02281132,90.08862921,52.63689481,101,Clear,No
30-09-2022,Indiranagar,CMH Road,42950,26.05720169,1.5,100,100,1,135.9,23.48747463,90.85526907,94.47646175,110,Windy,Yes
30-09-2022,Whitefield,ITPL Main Road,21174,39.68876977,1.193335502,63.52661052,100,3,92.348,63.97115534,93.43139021,82.94610296,95,Clear,No
30-09-2022,Koramangala,Sony World Junction,45286,52.636262,1.5,100,100,3,140.572,43.66676758,73.17877192,75.53023312,103,Fog,No
30-09-2022,Electronic City,Hosur Road,14237,55.87000887,1.23287529,56.89586724,70.33815009,0,78.474,73.73334543,81.53767128,67.68638308,209,Clear,No
30-09-2022,M.G. Road,Trinity Circle,50025,29.88901033,1.5,100,100,3,150.05,40.70112865,92.41545843,62.17806246,112,Overcast,No
30-09-2022,Hebbal,Hebbal Flyover,39692,20,1.5,100,100,2,129.384,67.60751642,85.00700033,76.95418832,91,Overcast,No
30-09-2022,Hebbal,Ballari Road,21419,57.94331253,1.082652412,77.28602826,100,0,92.838,64.06944466,94.11207734,99.57539497,92,Windy,Yes
01-10-2022,Indiranagar,100 Feet Road,23657,48.17155712,1.259878207,78.77520712,100,2,97.314,52.29336386,91.31581836,54.06133293,106,Fog,No
01-10-2022,Indiranagar,CMH Road,31303,22.34412011,1.5,97.3222746,100,0,112.606,43.0454172,69.46073819,99.8163754,102,Rain,No
01-10-2022,Whitefield,ITPL Main Road,15686,42.64813307,1.221448312,57.36238064,82.2093089,1,81.372,64.14219195,83.26418185,73.45537788,102,Clear,No
01-10-2022,Koramangala,Sony World Junction,47147,32.43821204,1.5,100,100,6,144.294,57.78197113,97.24413237,77.00241208,90,Fog,No
01-10-2022,Koramangala,Sarjapur Road,31630,29.00429373,1.5,100,100,3,113.26,23.0595935,96.37185313,94.93746685,99,Clear,No
01-10-2022,M.G. Road,Trinity Circle,24497,31.97540289,1.261689356,88.00647969,100,0,98.994,41.23718661,65.10762888,54.41485848,111,Fog,No
01-10-2022,M.G. Road,Anil Kumble Circle,36649,32.34339453,1.5,100,100,1,123.298,55.43163159,78.61848936,96.56900443,89,Rain,No
01-10-2022,Jayanagar,Jayanagar 4th Block,40755,20,1.5,100,100,3,131.51,74.89178449,83.69021215,63.19958736,106,Clear,No
01-10-2022,Hebbal,Ballari Road,10443,31.15384599,1.069580456,41.03968849,51.30170577,1,70.886,73.23295451,61.40541348,86.46509478,206,Clear,Yes
02-10-2022,Indiranagar,100 Feet Road,37095,23.88907682,1.5,100,100,1,124.19,65.59877022,72.95667434,51.10699159,102,Overcast,No
02-10-2022,Indiranagar,CMH Road,24960,63.76464611,1.316395088,82.3722515,100,2,99.92,53.41645755,96.19726432,51.02620911,105,Clear,No
02-10-2022,Whitefield,ITPL Main Road,7836,54.00767976,1.366419736,32.46958946,42.55882621,0,65.672,28.99200889,82.40273519,70.8962481,200,Windy,Yes
02-10-2022,Koramangala,Sony World Junction,42457,25.79078301,1.5,100,100,2,134.914,19.42928918,95.15513115,81.69706698,106,Windy,No
02-10-2022,Electronic City,Hosur Road,14046,42.97089358,1.167105434,47.4246001,68.39514162,1,78.092,25.62190685,63.24189248,52.88346739,192,Clear,No
02-10-2022,M.G. Road,Trinity Circle,52343,42.82877515,1.5,100,100,3,154.686,65.24465141,65.1317397,86.31829306,101,Rain,No
02-10-2022,Jayanagar,Jayanagar 4th Block,37429,42.08189837,1.5,100,100,5,124.858,20.83096526,90.03621315,61.68841806,92,Fog,No
02-10-2022,Hebbal,Hebbal Flyover,22146,49.46228951,1.215740721,64.02763147,100,1,94.292,13.79387602,80.71807912,52.10776102,97,Clear,No
02-10-2022,Hebbal,Ballari Road,21907,50.73119901,1.052288942,66.93074802,100,0,93.814,43.34961499,93.44010833,56.89915857,103,Clear,Yes
03-10-2022,Indiranagar,100 Feet Road,23473,37.33723797,1.017732992,76.02521329,100,4,96.946,52.21522929,80.8455278,75.82519383,85,Clear,No
03-10-2022,Indiranagar,CMH Road,49602,40.75560721,1.5,100,100,2,149.204,50.93424851,75.75687635,71.79135567,116,Clear,No
03-10-2022,Whitefield,Marathahalli Bridge,36606,43.37606893,1.5,100,100,1,123.212,61.18175029,85.04145793,79.2442017,104,Fog,No
03-10-2022,Whitefield,ITPL Main Road,14578,45.61972574,1.304985619,40.72388001,70.60402026,1,79.156,56.2140748,96.97913087,80.88189086,209,Clear,No
03-10-2022,Koramangala,Sony World Junction,30717,22.08995088,1.5,100,100,2,111.434,64.62514693,70.13277347,64.86454421,101,Fog,No
03-10-2022,Koramangala,Sarjapur Road,29616,37.82589299,1.5,89.72172183,100,4,109.232,45.71139478,82.56179774,51.12464592,97,Clear,No
03-10-2022,M.G. Road,Anil Kumble Circle,40430,53.44884781,1.5,100,100,3,130.86,58.71054854,99.00675809,90.09701173,103,Clear,No
03-10-2022,Jayanagar,Jayanagar 4th Block,26681,41.35167037,1.5,90.66047376,100,1,103.362,36.67042746,75.02156802,85.73587824,94,Overcast,No
03-10-2022,Jayanagar,South End Circle,28591,20,1.5,97.98664597,100,2,107.182,71.99726548,65.45206894,56.21044644,119,Clear,No
03-10-2022,Hebbal,Hebbal Flyover,36275,27.987979,1.5,100,100,3,122.55,21.29985698,62.73529904,98.15089984,106,Clear,No
03-10-2022,Hebbal,Ballari Road,18157,46.82165416,1.123681528,63.28085548,86.78622946,0,86.314,45.74115049,84.93828498,59.35008529,67,Clear,No
04-10-2022,Indiranagar,100 Feet Road,42698,33.16282171,1.5,100,100,2,135.396,10.80981484,74.77398249,54.10344226,109,Rain,No
04-10-2022,Indiranagar,CMH Road,47769,47.50785339,1.5,100,100,4,145.538,49.7741727,83.93938437,62.26638987,112,Clear,No
04-10-2022,Whitefield,Marathahalli Bridge,15899,61.16471635,1.218862621,43.73842823,80.71898392,0,81.798,36.83762511,76.508628,72.43662987,91,Clear,No
04-10-2022,Koramangala,Sony World Junction,46366,39.699389,1.5,100,100,0,142.732,16.35408748,79.19665622,95.01020118,104,Clear,No
04-10-2022,Koramangala,Sarjapur Road,45363,23.81085415,1.5,100,100,7,140.726,18.93813982,87.63499774,78.16069783,95,Clear,Yes
04-10-2022,Electronic City,Silk Board Junction,18448,49.14713062,1.261913747,51.6252448,92.36276972,1,86.896,25.94476693,93.93900994,98.21883621,93,Clear,Yes
04-10-2022,Hebbal,Ballari Road,31214,39.39259489,1.5,95.6678172,100,3,112.428,59.44448324,78.94314081,62.83120139,114,Clear,No
04-10-2022,Yeshwanthpur,Yeshwanthpur Circle,18387,66.16143574,1.081668498,53.93381798,91.85651969,0,86.774,31.27729602,68.81759789,54.02963634,107,Clear,No
05-10-2022,Indiranagar,100 Feet Road,25606,45.82852954,1.5,83.2479161,100,1,101.212,51.9701733,63.43173782,68.90317292,115,Clear,No
05-10-2022,Indiranagar,CMH Road,38652,39.22383901,1.5,100,100,3,127.304,71.66426182,66.61767966,56.31627525,94,Fog,No
05-10-2022,Whitefield,Marathahalli Bridge,27047,40.53480518,1.5,88.13398828,100,1,104.094,11.19527261,91.14333887,70.17053002,101,Clear,Yes
05-10-2022,Whitefield,ITPL Main Road,14569,44.20656253,1.046340209,54.82132472,77.29949094,0,79.138,73.72779859,75.22254854,60.68163303,179,Clear,No
05-10-2022,Koramangala,Sony World Junction,45793,31.86215998,1.5,100,100,2,141.586,74.48845986,96.58411165,77.64504128,104,Clear,No
05-10-2022,Koramangala,Sarjapur Road,51954,41.33022396,1.5,100,100,1,153.908,49.11288428,71.7554293,58.24442112,103,Windy,No
05-10-2022,M.G. Road,Anil Kumble Circle,39459,40.78141524,1.5,100,100,2,128.918,69.47662762,87.64764347,70.37821561,98,Clear,No
05-10-2022,Jayanagar,Jayanagar 4th Block,27703,29.66564656,1.5,89.75021738,100,3,105.406,33.13512424,82.54424745,57.09368191,101,Clear,No
06-10-2022,Indiranagar,100 Feet Road,36210,20,1.5,100,100,0,122.42,26.49394294,68.32286793,96.89445357,88,Clear,No
06-10-2022,Indiranagar,CMH Road,24794,31.78170287,1.296300959,92.29675714,100,3,99.588,25.23980457,86.84834246,60.22118953,100,Clear,No
06-10-2022,Whitefield,Marathahalli Bridge,7883,43.69646366,1.079149187,31.75528807,38.88357967,0,65.766,55.1033914,89.16435074,50.17541748,181,Clear,Yes
06-10-2022,Whitefield,ITPL Main Road,29155,55.01587266,1.5,95.95530281,100,3,108.31,42.55536222,97.43305868,86.18309641,88,Clear,No
06-10-2022,Koramangala,Sony World Junction,13283,36.46780691,1.239833059,38.79823017,61.7747365,0,76.566,29.82033127,73.93290526,91.722527,190,Fog,No
06-10-2022,Koramangala,Sarjapur Road,26514,38.51285218,1.5,79.03689765,100,2,103.028,54.75042099,99.47616023,85.35363543,83,Clear,No
06-10-2022,M.G. Road,Trinity Circle,27789,39.67528674,1.5,86.65899913,100,3,105.578,47.99735298,95.38426726,93.40118605,85,Fog,No
06-10-2022,Jayanagar,Jayanagar 4th Block,16618,35.65108474,1.23103556,53.98041911,80.02378178,1,83.236,68.42569212,70.99754899,74.79516665,96,Fog,No
06-10-2022,Jayanagar,South End Circle,25757,47.42688872,1.5,85.39424778,100,5,101.514,52.63899572,73.94996121,86.88445583,104,Overcast,No
06-10-2022,Hebbal,Hebbal Flyover,39632,41.93559258,1.5,100,100,1,129.264,17.5403791,99.32798571,51.90640894,93,Clear,No
06-10-2022,Hebbal,Ballari Road,20002,59.13788521,1.111448059,62.935254,95.4086496,0,90.004,60.25352965,64.51643348,73.78983873,111,Clear,No
07-10-2022,Indiranagar,100 Feet Road,46681,47.46655741,1.5,100,100,2,143.362,18.8002763,74.32796894,74.06951651,103,Fog,No
07-10-2022,Indiranagar,CMH Road,24921,56.64512594,1.3449395,76.26903158,100,0,99.842,25.08691176,75.78190018,94.72909538,102,Fog,Yes
07-10-2022,Whitefield,Marathahalli Bridge,29414,48.96651803,1.5,92.27668196,100,4,108.828,35.79700669,91.69338787,75.0589365,112,Rain,Yes
07-10-2022,Koramangala,Sarjapur Road,28508,33.39729702,1.5,87.24340398,100,3,107.016,44.66658882,92.08394618,96.69498487,93,Clear,Yes
07-10-2022,Electronic City,Silk Board Junction,18412,35.05227115,1.015597381,66.74946725,96.61421463,0,86.824,28.07502273,77.91979886,80.99868301,90,Clear,Yes
07-10-2022,M.G. Road,Trinity Circle,24262,50.18000535,1.326952158,80.28069599,100,1,98.524,54.19047266,70.21842461,69.29627842,99,Fog,No
07-10-2022,M.G. Road,Anil Kumble Circle,51640,22.01673726,1.5,100,100,1,153.28,58.3335497,63.37574532,85.52910018,118,Clear,Yes
07-10-2022,Jayanagar,Jayanagar 4th Block,37012,47.87246371,1.5,100,100,6,124.024,28.03142946,85.44605632,93.98722864,102,Fog,No
07-10-2022,Jayanagar,South End Circle,28896,33.67457138,1.5,100,100,3,107.792,20.1492544,94.5810361,94.68920196,101,Clear,No
07-10-2022,Hebbal,Hebbal Flyover,17531,51.65172117,1.302326879,62.99498797,84.07529812,0,85.062,63.0803758,67.66176507,73.13830112,86,Clear,No
07-10-2022,Hebbal,Ballari Road,21880,36.40827642,1.279867909,64.83194393,100,1,93.76,43.43910463,67.11689683,98.10079885,100,Clear,No
07-10-2022,Yeshwanthpur,Tumkur Road,6530,41.17448604,1.002577387,24.22646311,35.60937967,1,63.06,29.58044608,94.55609795,92.21978064,205,Overcast,No
08-10-2022,Indiranagar,100 Feet Road,31313,38.9224045,1.5,100,100,2,112.626,45.7027174,94.24314393,60.39106686,98,Clear,No
08-10-2022,Indiranagar,CMH Road,32124,26.08673448,1.5,100,100,3,114.248,28.91563408,93.38166062,79.96536896,92,Clear,No
08-10-2022,Whitefield,Marathahalli Bridge,32330,40.97075692,1.5,100,100,2,114.66,74.34215258,67.03834952,87.27566312,94,Clear,No
08-10-2022,Koramangala,Sony World Junction,30797,41.58662286,1.5,100,100,2,111.594,30.12927623,64.85560988,71.01967815,83,Clear,No
08-10-2022,Koramangala,Sarjapur Road,48747,38.14910247,1.5,100,100,2,147.494,41.5566703,97.42913976,85.10462935,105,Overcast,No
08-10-2022,Electronic City,Hosur Road,9948,50.51296483,1.36941914,40.00808856,48.2288516,0,69.896,32.90935926,63.69579653,51.57150788,198,Overcast,No
08-10-2022,M.G. Road,Anil Kumble Circle,27069,37.34039659,1.5,80.62210195,100,1,104.138,25.7845955,75.35928312,96.99177124,86,Clear,No
08-10-2022,Jayanagar,Jayanagar 4th Block,27724,30.21608721,1.5,86.06066237,100,2,105.448,76.12271512,77.36728763,59.95654601,101,Fog,No
08-10-2022,Hebbal,Hebbal Flyover,19587,52.49479524,1.308082649,75.08054682,98.70942682,2,89.174,44.17678172,72.49323028,58.21139353,103,Fog,No
08-10-2022,Hebbal,Ballari Road,34169,20.68962125,1.5,100,100,4,118.338,30.15601907,88.17425176,80.29029371,99,Clear,Yes
08-10-2022,Yeshwanthpur,Yeshwanthpur Circle,7336,48.66274134,1.088532181,24.28905682,40.75843772,1,64.672,42.15986035,60.42680797,64.03305235,197,Rain,No
09-10-2022,Indiranagar,100 Feet Road,21123,51.95884022,1.191985375,60.90317007,100,0,92.246,25.70523499,73.34047516,81.25805584,107,Clear,No
09-10-2022,Indiranagar,CMH Road,52571,43.03875453,1.5,100,100,2,155.142,61.83428379,81.30546287,84.08287265,94,Clear,No
09-10-2022,Whitefield,ITPL Main Road,13649,37.47507073,1.318953656,50.48527665,64.05514145,1,77.298,19.25162745,89.58141722,54.30227826,185,Overcast,No
09-10-2022,Koramangala,Sony World Junction,62181,53.03622059,1.5,100,100,3,174.362,14.55681896,68.80795669,67.17444325,108,Clear,Yes
09-10-2022,Koramangala,Sarjapur Road,61445,34.77011475,1.5,100,100,0,172.89,43.26605444,99.74362389,57.45221151,102,Clear,No
09-10-2022,M.G. Road,Trinity Circle,35235,34.5279469,1.5,100,100,1,120.47,25.73357307,63.34181858,76.1838486,87,Clear,No
09-10-2022,Jayanagar,Jayanagar 4th Block,34096,36.54757693,1.5,100,100,3,118.192,61.48769473,95.5370848,88.48899724,93,Overcast,No
09-10-2022,Jayanagar,South End Circle,18749,48.97644974,1.060547597,66.6074102,95.01475559,0,87.498,25.91579036,70.02343421,86.53153041,95,Clear,No
09-10-2022,Hebbal,Ballari Road,44050,23.03196844,1.5,100,100,3,138.1,35.03088977,90.40230142,55.02721806,105,Clear,No
09-10-2022,Yeshwanthpur,Yeshwanthpur Circle,20190,59.21634558,1.081491478,75.79458998,96.14968869,2,90.38,47.55955394,81.38994489,60.18118319,105,Clear,No
10-10-2022,Indiranagar,100 Feet Road,29483,37.32080804,1.5,100,100,2,108.966,63.33654155,85.95623818,81.984889,115,Clear,Yes
10-10-2022,Indiranagar,CMH Road,41083,23.62734757,1.5,100,100,1,132.166,46.30131988,79.06276878,60.43402114,101,Clear,No
10-10-2022,Koramangala,Sony World Junction,42718,43.8364534,1.5,100,100,1,135.436,30.48402006,71.19926856,86.21254786,117,Clear,No
10-10-2022,Koramangala,Sarjapur Road,61366,30.95364283,1.5,100,100,1,172.732,25.17512133,99.01639632,68.14719168,108,Clear,No
10-10-2022,Electronic City,Hosur Road,14554,39.97526112,1.266169302,51.14370536,76.30257459,0,79.108,63.98150577,95.30196157,50.80872387,202,Clear,No
10-10-2022,M.G. Road,Anil Kumble Circle,50932,31.51094697,1.5,100,100,2,151.864,42.80189561,94.43512596,86.78563051,92,Clear,No
10-10-2022,Jayanagar,Jayanagar 4th Block,33884,40.80069125,1.5,100,100,1,117.768,78.04882817,79.3584577,85.98029248,99,Fog,No
10-10-2022,Jayanagar,South End Circle,14000,45.85770756,1.313433202,38.96133388,72.97798286,1,78,34.11182819,67.3159662,62.62867001,209,Rain,No
10-10-2022,Hebbal,Hebbal Flyover,27575,45.24455347,1.5,94.87829996,100,1,105.15,37.24425156,90.44038521,73.00393756,83,Clear,No
10-10-2022,Yeshwanthpur,Yeshwanthpur Circle,26098,20,1.5,95.57799324,100,0,102.196,50.48078011,72.41451487,75.42441249,107,Clear,No
10-10-2022,Yeshwanthpur,Tumkur Road,18383,41.67158071,1.202482715,54.31560288,96.23717564,1,86.766,77.61577866,95.30310436,57.17450443,105,Clear,No
11-10-2022,Indiranagar,100 Feet Road,22225,53.9176428,1.285983142,72.85872893,100,2,94.45,58.40218227,93.14524962,82.32140576,90,Clear,No
11-10-2022,Indiranagar,CMH Road,11830,46.08745697,1.371208742,38.28806225,61.73186638,0,73.66,74.85551941,61.35235319,52.10685804,170,Clear,No
11-10-2022,Whitefield,Marathahalli Bridge,24643,46.43941993,1.059740768,74.85402351,100,2,99.286,27.9934112,84.87918502,66.91368154,96,Clear,No
11-10-2022,Electronic City,Hosur Road,13422,54.13392024,1.106880797,51.68820685,63.53884678,0,76.844,34.2532178,82.40528567,73.1721778,198,Clear,No
11-10-2022,M.G. Road,Trinity Circle,40500,56.14376268,1.5,100,100,0,131,56.33154947,80.3264588,56.34157676,101,Clear,No
11-10-2022,Hebbal,Hebbal Flyover,29605,39.46074601,1.5,90.62079111,100,2,109.21,66.96502901,79.54693963,78.38206024,88,Clear,No
11-10-2022,Yeshwanthpur,Tumkur Road,26205,41.13098391,1.5,91.51231689,100,0,102.41,52.65020961,67.2966382,51.41068432,99,Overcast,No
12-10-2022,Indiranagar,100 Feet Road,27702,31.48814235,1.5,83.72617106,100,3,105.404,64.39321826,64.0186196,93.07626273,96,Overcast,Yes
12-10-2022,Indiranagar,CMH Road,54116,26.71441319,1.5,100,100,0,158.232,60.21275978,72.95219818,73.2923828,89,Clear,No
12-10-2022,Whitefield,ITPL Main Road,34048,50.76368771,1.5,100,100,0,118.096,66.30770611,72.15190787,55.86057753,109,Windy,No
12-10-2022,Koramangala,Sarjapur Road,54451,20,1.5,100,100,0,158.902,61.07956223,85.63784252,71.18564064,94,Fog,No
12-10-2022,M.G. Road,Trinity Circle,26479,31.3472461,1.5,80.23569373,100,3,102.958,61.40112832,90.25319914,53.68329993,110,Clear,No
12-10-2022,M.G. Road,Anil Kumble Circle,23596,39.52672487,1.296413241,82.79702648,100,3,97.192,18.06439095,87.38051397,55.19488789,113,Clear,No
12-10-2022,Jayanagar,South End Circle,24943,41.09864722,1.076137016,73.15389021,100,2,99.886,44.44814134,76.50292797,88.80033107,97,Clear,No
12-10-2022,Hebbal,Ballari Road,20447,28.12976962,1.11150672,75.55482758,100,4,90.894,16.55849748,86.68185666,86.42837221,86,Windy,No
12-10-2022,Yeshwanthpur,Yeshwanthpur Circle,25920,48.31279164,1.5,78.07095241,100,2,101.84,61.7056325,86.82283395,78.64535947,117,Fog,No
13-10-2022,Indiranagar,100 Feet Road,21387,39.65002327,1.0879892,70.69843172,100,1,92.774,69.70916896,73.5702511,98.1206701,93,Clear,No
13-10-2022,Indiranagar,CMH Road,47553,42.44512497,1.5,100,100,1,145.106,70.74453244,79.05940474,99.34847275,101,Clear,No
13-10-2022,Whitefield,Marathahalli Bridge,25246,25.00121059,1.5,93.30025031,100,3,100.492,63.17244417,94.27646588,83.14429721,87,Overcast,No
13-10-2022,Whitefield,ITPL Main Road,21042,42.65699085,1.353844522,78.77906245,100,0,92.084,67.12253755,79.07841465,53.75141788,90,Rain,No
13-10-2022,Koramangala,Sony World Junction,61937,20.81229551,1.5,100,100,5,173.874,42.87009902,81.20618513,81.722633,107,Clear,No
13-10-2022,Koramangala,Sarjapur Road,26634,28.71535017,1.5,80.60360385,100,2,103.268,17.00566264,61.67505398,93.07838413,108,Clear,No
13-10-2022,Electronic City,Silk Board Junction,30200,40.43229354,1.5,100,100,3,110.4,36.59362536,74.02919137,77.97354202,86,Clear,No
13-10-2022,M.G. Road,Anil Kumble Circle,26225,46.25884777,1.5,77.81152162,100,2,102.45,67.60428733,64.4117094,67.94664516,95,Fog,No
13-10-2022,Jayanagar,South End Circle,27053,37.452034,1.5,99.94816132,100,0,104.106,65.7176318,66.45142566,76.61643042,103,Clear,No
13-10-2022,Hebbal,Ballari Road,38720,33.16171176,1.5,100,100,2,127.44,56.86960097,61.84459956,60.15474632,99,Clear,No
13-10-2022,Yeshwanthpur,Yeshwanthpur Circle,13615,53.99887717,1.033383442,38.16751488,71.89948178,0,77.23,21.40960155,95.7623902,92.26394446,189,Clear,No
14-10-2022,Indiranagar,100 Feet Road,24898,34.01446174,1.033097905,86.75958998,100,2,99.796,47.29955706,64.98021573,60.12002696,107,Clear,No
14-10-2022,Indiranagar,CMH Road,11505,42.34217822,1.346447772,29.67147581,61.13483699,1,73.01,11.763392,61.9996806,79.51890323,207,Clear,No
14-10-2022,Whitefield,ITPL Main Road,26240,28.00471242,1.5,95.35168294,100,4,102.48,26.85066848,85.90685538,97.72921669,95,Clear,No
14-10-2022,Koramangala,Sony World Junction,46306,32.88661843,1.5,100,100,0,142.612,15.48036658,79.9252582,88.26718778,86,Clear,No
14-10-2022,Koramangala,Sarjapur Road,43674,29.72853666,1.5,100,100,1,137.348,44.71130705,72.99948658,99.79825185,93,Overcast,No
14-10-2022,Electronic City,Silk Board Junction,15219,50.99114316,1.311188084,59.61530339,80.07466492,0,80.438,32.67948466,79.98445476,57.91805921,124,Fog,No
14-10-2022,M.G. Road,Trinity Circle,12735,30.96142563,1.270876487,48.00123852,58.97640518,0,75.47,61.08542171,92.52221703,61.82857636,188,Clear,Yes
14-10-2022,M.G. Road,Anil Kumble Circle,53793,28.75285156,1.5,100,100,4,157.586,24.63123164,96.50079885,86.7167939,84,Clear,No
14-10-2022,Jayanagar,South End Circle,25934,33.73198428,1.5,93.45164199,100,4,101.868,28.63575177,70.3771655,78.10321921,89,Clear,No
15-10-2022,Indiranagar,100 Feet Road,22619,42.83424123,1.253518079,68.89396711,100,0,95.238,25.96868177,98.29222558,55.2697956,100,Clear,No
15-10-2022,Indiranagar,CMH Road,24775,52.14632754,1.120244233,77.55106449,100,1,99.55,34.44314941,68.66708987,64.7072098,108,Clear,Yes
15-10-2022,Whitefield,Marathahalli Bridge,21356,38.84377134,1.019856369,78.70430146,100,0,92.712,63.64828113,90.23302364,64.47018205,90,Clear,No
15-10-2022,Whitefield,ITPL Main Road,25601,25.0580865,1.5,95.2809419,100,0,101.202,32.23711836,95.66025998,88.28805121,104,Clear,No
15-10-2022,Koramangala,Sarjapur Road,62262,45.10815943,1.5,100,100,2,174.524,78.83648115,92.64236916,97.46134417,91,Clear,No
15-10-2022,Electronic City,Hosur Road,19048,56.16424835,1.381829328,68.28796147,99.30979013,2,88.096,79.76122686,73.0036336,83.58528748,112,Rain,No
15-10-2022,Electronic City,Silk Board Junction,6254,54.56901764,1.248422222,27.41970255,31.36441147,0,62.508,19.71646788,82.81661525,77.65835271,191,Clear,No
15-10-2022,M.G. Road,Trinity Circle,56026,35.46711961,1.5,100,100,3,162.052,18.50204052,93.20843647,78.84553999,93,Clear,No
15-10-2022,Jayanagar,Jayanagar 4th Block,27871,37.8304541,1.5,87.98823743,100,5,105.742,68.97153998,92.7368152,95.40191558,90,Overcast,No
15-10-2022,Jayanagar,South End Circle,5820,57.08406049,1.034305591,25.29779911,26.93590274,1,61.64,70.2492221,89.57098013,69.42113545,205,Windy,No
15-10-2022,Hebbal,Ballari Road,8913,47.60612414,1.312173383,28.0315228,42.95094249,0,67.826,79.7245556,98.24043122,56.57984539,193,Clear,No
16-10-2022,Indiranagar,100 Feet Road,38269,39.06921741,1.5,100,100,4,126.538,28.49326575,96.69527042,98.11781652,107,Clear,No
16-10-2022,Koramangala,Sony World Junction,63496,47.56487688,1.5,100,100,2,176.992,38.49481182,86.60452825,58.5735473,86,Clear,No
16-10-2022,Electronic City,Hosur Road,31548,27.31607052,1.5,100,100,0,113.096,19.8416623,91.57120169,61.45491157,102,Clear,No
16-10-2022,M.G. Road,Trinity Circle,26179,20,1.5,93.60541534,100,1,102.358,79.8842747,87.65636185,91.63370086,95,Fog,No
16-10-2022,M.G. Road,Anil Kumble Circle,27035,36.94325068,1.5,88.89238648,100,3,104.07,60.50424904,74.11545963,53.52830989,103,Clear,No
16-10-2022,Jayanagar,South End Circle,8369,43.92989507,1.278907404,37.08153603,43.43258808,0,66.738,22.71916713,69.31134285,61.08050016,192,Overcast,No
16-10-2022,Hebbal,Ballari Road,37108,20,1.5,100,100,0,124.216,70.15906587,74.52724904,60.92996891,100,Rain,No
17-10-2022,Indiranagar,100 Feet Road,25100,34.56474837,1.5,88.20916355,100,3,100.2,58.86834721,83.55560481,84.89146142,103,Clear,Yes
17-10-2022,Indiranagar,CMH Road,41834,41.24481462,1.5,100,100,0,133.668,35.19204284,67.53583784,63.25290428,91,Windy,No
17-10-2022,Whitefield,Marathahalli Bridge,14759,40.36032505,1.184020832,46.01907693,76.24337594,0,79.518,61.54325673,71.52586344,79.63643923,206,Clear,No
17-10-2022,Whitefield,ITPL Main Road,24104,36.92411565,1.034986822,77.08778647,100,1,98.208,53.11000231,89.6107645,62.72924674,94,Windy,No
17-10-2022,Koramangala,Sony World Junction,52233,30.96802282,1.5,100,100,1,154.466,25.72351919,67.19037054,86.85316508,124,Clear,No
17-10-2022,Koramangala,Sarjapur Road,47162,37.62950759,1.5,100,100,4,144.324,25.57688538,89.18705509,69.1745872,119,Clear,No
17-10-2022,M.G. Road,Trinity Circle,56531,48.27598465,1.5,100,100,1,163.062,47.74854065,89.92407831,57.68237264,91,Clear,No
17-10-2022,Jayanagar,Jayanagar 4th Block,16260,20,1.14452397,62.45076999,82.88625221,0,82.52,35.04038037,80.11809997,51.68316021,118,Rain,No
17-10-2022,Hebbal,Hebbal Flyover,26302,34.5109894,1.5,92.04691225,100,0,102.604,42.27516775,69.40986395,97.51109179,96,Overcast,No
17-10-2022,Hebbal,Ballari Road,18651,33.75548731,1.365964711,62.91559192,93.81834287,1,87.302,75.7499882,92.08900294,96.72745992,110,Clear,No
17-10-2022,Yeshwanthpur,Yeshwanthpur Circle,20191,56.14650498,1.141941901,61.19141772,96.44418872,1,90.382,76.12687396,71.86973851,89.71221588,80,Clear,Yes
18-10-2022,Indiranagar,CMH Road,25429,38.92121237,1.5,78.5789168,100,0,100.858,25.06444952,62.85269168,67.96910446,98,Clear,No
18-10-2022,Whitefield,Marathahalli Bridge,14247,41.99462989,1.325601839,41.51424785,73.78389712,0,78.494,43.58201652,85.80777344,52.21388558,175,Clear,No
18-10-2022,Koramangala,Sony World Junction,57838,28.00351617,1.5,100,100,1,165.676,18.43818636,69.6042685,71.93608201,100,Clear,Yes
18-10-2022,Koramangala,Sarjapur Road,65516,29.24506104,1.5,100,100,4,181.032,17.66582217,86.71291417,64.02184086,112,Overcast,No
18-10-2022,Electronic City,Silk Board Junction,18161,42.60772317,1.213495739,65.64231312,93.09455965,1,86.322,73.21067951,60.72076764,90.16338302,99,Clear,No
18-10-2022,M.G. Road,Trinity Circle,41580,25.36197298,1.5,100,100,1,133.16,66.80457562,92.54770547,84.57011848,118,Clear,No
18-10-2022,M.G. Road,Anil Kumble Circle,23847,54.24788209,1.114368862,80.89829167,100,1,97.694,76.67829756,72.69230708,92.50210668,101,Clear,No
18-10-2022,Jayanagar,South End Circle,15034,29.23347247,1.322501189,49.49111922,70.79461188,1,80.068,56.79722113,86.69953086,52.81710393,87,Rain,Yes
18-10-2022,Hebbal,Hebbal Flyover,31106,31.70736674,1.5,100,100,1,112.212,72.15501629,73.3487543,84.93251276,109,Clear,No
18-10-2022,Yeshwanthpur,Yeshwanthpur Circle,24408,54.42216563,1.256172877,80.06742402,100,1,98.816,13.22953811,99.37236927,67.96108368,91,Clear,No
19-10-2022,Indiranagar,100 Feet Road,38006,20,1.5,100,100,0,126.012,36.33112693,69.49994433,71.90448566,97,Rain,No
19-10-2022,Indiranagar,CMH Road,35613,32.64270531,1.5,100,100,2,121.226,76.51393398,65.00251279,56.14557209,92,Fog,No
19-10-2022,Koramangala,Sony World Junction,48260,35.57329748,1.5,100,100,2,146.52,50.32973665,72.23507048,73.36472466,110,Clear,No
19-10-2022,Electronic City,Silk Board Junction,10825,56.9087103,1.161423846,33.37157876,50.74132527,0,71.65,66.20547122,79.64301418,72.91087416,184,Clear,Yes
19-10-2022,M.G. Road,Trinity Circle,42960,30.33840944,1.5,100,100,1,135.92,11.21978233,65.68874885,61.15605205,101,Clear,No
19-10-2022,Jayanagar,Jayanagar 4th Block,24203,35.47570762,1.193508917,75.29781985,100,0,98.406,41.60311553,81.9338694,73.3475429,113,Clear,Yes
19-10-2022,Jayanagar,South End Circle,16095,52.21562854,1.299558258,49.91319668,84.73328621,0,82.19,68.76624038,85.12664012,98.86991075,107,Clear,No
19-10-2022,Hebbal,Hebbal Flyover,9020,52.80623414,1.158929612,25.75944241,42.09635856,0,68.04,33.65229361,63.26979694,77.01595702,241,Clear,No
20-10-2022,Indiranagar,100 Feet Road,50029,41.09220969,1.5,100,100,3,150.058,40.94346621,87.48524233,68.05494548,111,Overcast,No
20-10-2022,Indiranagar,CMH Road,50455,30.34322061,1.5,100,100,1,150.91,75.55718143,66.62502969,97.20662709,111,Clear,Yes
20-10-2022,Whitefield,Marathahalli Bridge,16654,45.68530099,1.067905376,52.09635263,84.14102494,0,83.308,59.74967636,76.14638864,97.47861478,104,Fog,No
20-10-2022,Koramangala,Sony World Junction,38438,25.62967794,1.5,100,100,0,126.876,30.54809602,65.66469028,56.43846579,93,Windy,No
20-10-2022,Koramangala,Sarjapur Road,57319,20,1.5,100,100,2,164.638,41.58270806,96.94576925,69.64497681,91,Clear,No
20-10-2022,M.G. Road,Trinity Circle,40533,22.71256237,1.5,100,100,2,131.066,21.30260296,89.67114147,57.40739894,96,Clear,No
20-10-2022,M.G. Road,Anil Kumble Circle,37074,37.8005764,1.5,100,100,6,124.148,39.50532157,75.84165472,52.36787401,111,Fog,No
20-10-2022,Jayanagar,Jayanagar 4th Block,18552,44.08479678,1.264431639,62.71143183,89.03050564,0,87.104,12.50350475,90.46741674,58.13883511,103,Clear,No
20-10-2022,Hebbal,Hebbal Flyover,27574,48.23025427,1.5,85.1631565,100,2,105.148,15.79085554,67.21980263,56.37561678,100,Overcast,No
20-10-2022,Hebbal,Ballari Road,48279,27.77685644,1.5,100,100,1,146.558,62.56873251,66.9402097,56.53273478,118,Clear,Yes
20-10-2022,Yeshwanthpur,Tumkur Road,18022,61.66691615,1.36448669,51.08734557,93.29116906,0,86.044,52.78426071,99.4730225,79.13239016,109,Overcast,No
21-10-2022,Whitefield,Marathahalli Bridge,24725,52.06793506,1.185480158,74.5954419,100,3,99.45,54.32205276,96.86345569,74.82053745,118,Overcast,No
21-10-2022,Koramangala,Sarjapur Road,56221,39.74395605,1.5,100,100,3,162.442,40.48504915,66.30893555,72.72836986,94,Clear,No
21-10-2022,M.G. Road,Trinity Circle,37267,28.58858763,1.5,100,100,2,124.534,72.84848985,93.93936521,85.15759758,92,Clear,No
21-10-2022,M.G. Road,Anil Kumble Circle,37721,25.08719806,1.5,100,100,4,125.442,60.86245658,70.26080801,69.41469766,106,Clear,No
21-10-2022,Jayanagar,Jayanagar 4th Block,20278,45.58245832,1.215218053,72.54844029,100,2,90.556,29.52431571,77.63351564,90.47950554,111,Clear,No
21-10-2022,Jayanagar,South End Circle,28235,32.83424573,1.5,100,100,1,106.47,13.25946585,98.31199656,84.74265674,95,Overcast,No
21-10-2022,Hebbal,Hebbal Flyover,41167,45.78769757,1.5,100,100,1,132.334,70.55557978,92.12537427,74.79647905,109,Clear,No
21-10-2022,Hebbal,Ballari Road,20351,44.63790198,1.318095687,72.84901877,99.50208768,3,90.702,47.16741282,99.53584996,66.46564275,91,Clear,Yes
22-10-2022,Indiranagar,100 Feet Road,34536,24.68911762,1.5,100,100,4,119.072,35.28874046,61.44757189,92.46504735,85,Clear,No
22-10-2022,Indiranagar,CMH Road,36453,44.05089609,1.5,100,100,2,122.906,60.93476401,71.86682177,69.0276135,96,Clear,No
22-10-2022,Whitefield,ITPL Main Road,31269,43.87199354,1.5,100,100,1,112.538,69.75487095,65.36606458,62.86358278,113,Fog,No
22-10-2022,Koramangala,Sarjapur Road,41639,26.8839862,1.5,100,100,3,133.278,79.72916833,86.1435642,85.17433207,94,Clear,No
22-10-2022,M.G. Road,Trinity Circle,35213,33.90924619,1.5,100,100,3,120.426,48.02350821,80.47643284,54.51642778,97,Clear,No
22-10-2022,M.G. Road,Anil Kumble Circle,22576,26.23137542,1.094574538,80.53850269,100,4,95.152,14.76261176,88.88562601,67.67629595,90,Clear,No
22-10-2022,Jayanagar,South End Circle,23350,31.95965494,1.099123524,70.53033507,100,3,96.7,11.03861895,84.01154749,86.19156946,97,Clear,No
22-10-2022,Hebbal,Ballari Road,20676,47.25631875,1.02064695,70.75247613,100,0,91.352,57.75616911,84.49274491,82.13301636,110,Rain,No
22-10-2022,Yeshwanthpur,Yeshwanthpur Circle,33072,25.50461493,1.5,100,100,0,116.144,29.29640527,69.36987809,75.9321165,93,Clear,Yes
22-10-2022,Yeshwanthpur,Tumkur Road,23547,37.70292121,1.203749447,70.93347968,100,4,97.094,34.98766386,73.84826964,96.10409904,91,Clear,No
23-10-2022,Indiranagar,100 Feet Road,27229,34.91125757,1.5,92.15281304,100,2,104.458,17.2641903,92.12734033,76.48911897,89,Fog,No
23-10-2022,Whitefield,Marathahalli Bridge,6953,53.55851357,1.129541821,17.10963174,32.854354,1,63.906,17.64076203,83.46414694,81.67816778,220,Clear,No
23-10-2022,Whitefield,ITPL Main Road,17220,54.9419692,1.274784975,65.84255237,85.01851032,0,84.44,54.78379164,94.72297546,98.81300903,96,Overcast,No
23-10-2022,Koramangala,Sony World Junction,32045,33.56113984,1.5,100,100,1,114.09,23.64435573,68.35459166,88.80067777,114,Windy,No
23-10-2022,Koramangala,Sarjapur Road,43423,27.53651253,1.5,100,100,3,136.846,68.29352746,81.84333748,72.72411494,104,Fog,No
23-10-2022,M.G. Road,Anil Kumble Circle,39305,20.6123556,1.5,100,100,2,128.61,59.04173791,90.85455555,73.01308096,98,Clear,No
23-10-2022,Jayanagar,Jayanagar 4th Block,31949,29.14807029,1.5,100,100,1,113.898,37.90305555,72.85375761,60.12736893,86,Fog,No
23-10-2022,Jayanagar,South End Circle,22997,36.31445562,1.074412697,84.11451907,100,3,95.994,67.56733559,68.77086176,85.34087554,101,Clear,No
23-10-2022,Hebbal,Hebbal Flyover,10272,49.32114165,1.331387008,33.37170774,50.95646862,0,70.544,27.05634327,89.34009994,91.47272017,222,Clear,No
24-10-2022,Indiranagar,100 Feet Road,11396,47.63334389,1.299563057,40.55554407,52.13992022,0,72.792,20.2395866,65.69645679,57.52315058,199,Clear,No
24-10-2022,Indiranagar,CMH Road,26810,51.38286544,1.5,98.75733963,100,2,103.62,34.41676185,64.98946126,73.92525185,104,Overcast,No
24-10-2022,Whitefield,Marathahalli Bridge,29850,20.96113675,1.5,100,100,2,109.7,10.81563396,75.37645635,93.26649942,91,Clear,No
24-10-2022,Whitefield,ITPL Main Road,16594,29.19925888,1.115849783,61.54778079,81.43794219,2,83.188,26.95074655,93.21826693,50.62712603,92,Clear,No
24-10-2022,Koramangala,Sony World Junction,43317,20,1.5,100,100,3,136.634,76.31786254,70.4783692,85.60660551,83,Clear,No
24-10-2022,Koramangala,Sarjapur Road,47256,42.4983414,1.5,100,100,0,144.512,16.2973522,65.06921411,64.68256629,108,Fog,No
24-10-2022,M.G. Road,Anil Kumble Circle,36632,38.18129094,1.5,100,100,3,123.264,73.41705397,77.48120037,94.60112576,102,Clear,No
24-10-2022,Jayanagar,South End Circle,21478,44.08803353,1.196620508,69.10859566,100,0,92.956,68.39056784,87.47496382,60.6301492,113,Clear,No
24-10-2022,Hebbal,Ballari Road,30461,38.21478335,1.5,98.642874,100,2,110.922,19.1534792,79.79412041,86.60681306,105,Fog,No
24-10-2022,Yeshwanthpur,Tumkur Road,16173,39.51482788,1.310044196,48.96345515,76.41652274,1,82.346,25.38622183,64.68067482,50.64073253,98,Rain,No
25-10-2022,Indiranagar,100 Feet Road,23139,24.45713427,1.279079478,74.17063044,100,3,96.278,46.9460736,68.33257203,68.70817167,109,Overcast,No
25-10-2022,Indiranagar,CMH Road,32262,39.74083956,1.5,100,100,2,114.524,74.76488947,87.79861783,81.05981429,104,Windy,No
25-10-2022,Whitefield,ITPL Main Road,33963,52.1325357,1.5,100,100,0,117.926,23.48116327,87.0418634,96.09197133,98,Rain,No
25-10-2022,Koramangala,Sony World Junction,31463,35.98181926,1.5,100,100,3,112.926,61.89595165,96.35283981,68.11369956,104,Clear,No
25-10-2022,Koramangala,Sarjapur Road,31225,20,1.5,94.40298444,100,2,112.45,52.76122446,84.23341588,75.30211775,106,Rain,No
25-10-2022,Electronic City,Silk Board Junction,25893,35.38412763,1.5,95.15653202,100,0,101.786,52.4606265,76.30300847,76.63322937,94,Fog,No
25-10-2022,M.G. Road,Trinity Circle,25653,40.61116896,1.5,93.80058385,100,4,101.306,58.49433482,60.12872336,85.50184092,102,Overcast,No
25-10-2022,M.G. Road,Anil Kumble Circle,11840,41.56167328,1.110457325,34.50945664,54.66020794,0,73.68,46.58146892,82.84250515,73.11098852,218,Rain,No
25-10-2022,Jayanagar,Jayanagar 4th Block,23170,48.67646822,1.101000044,82.94520008,100,3,96.34,44.20533413,86.58075734,67.16246089,104,Clear,No
25-10-2022,Yeshwanthpur,Tumkur Road,24096,29.20397209,1.336093499,71.22996612,100,1,98.192,55.25030643,82.19340936,88.3660062,86,Windy,No
26-10-2022,Indiranagar,100 Feet Road,23847,44.13367784,1.123346782,79.73750387,100,2,97.694,53.16756661,88.43159445,69.87221078,90,Rain,No
26-10-2022,Indiranagar,CMH Road,23507,47.44807248,1.131966172,80.18081926,100,3,97.014,60.80358749,87.85334779,87.63420359,117,Clear,No
26-10-2022,Koramangala,Sony World Junction,69272,37.30814502,1.5,100,100,2,188.544,59.62733259,79.07528597,84.93767815,101,Clear,No
26-10-2022,M.G. Road,Trinity Circle,23293,64.11568895,1.038676158,83.76392146,100,3,96.586,37.52634897,84.585909,88.96546527,117,Rain,Yes
26-10-2022,M.G. Road,Anil Kumble Circle,24440,54.78538162,1.222901553,83.63535137,100,1,98.88,10.37023038,69.57872154,75.80011779,106,Clear,No
26-10-2022,Jayanagar,South End Circle,15019,38.01410397,1.020261402,55.33587625,73.01193661,2,80.038,32.86440711,71.19694211,73.76357401,96,Clear,No
27-10-2022,Indiranagar,CMH Road,22777,21.14839957,1.079948817,67.57668927,100,1,95.554,69.03824009,74.4334894,85.1723065,100,Clear,Yes
27-10-2022,Koramangala,Sony World Junction,57938,20,1.5,100,100,1,165.876,42.78725517,64.94464967,50.8745829,117,Clear,No
27-10-2022,Koramangala,Sarjapur Road,30567,43.2525517,1.5,100,100,0,111.134,52.44583357,92.87829027,84.43219273,89,Clear,No
27-10-2022,Electronic City,Hosur Road,15681,50.73108139,1.098487486,47.4479318,82.80310253,0,81.362,47.14000195,88.97257399,68.57301317,85,Rain,No
27-10-2022,Electronic City,Silk Board Junction,19121,46.6459805,1.071514113,64.16314176,97.57276455,0,88.242,62.60842242,94.72353719,90.72754804,93,Clear,No
27-10-2022,M.G. Road,Trinity Circle,56247,32.87764695,1.5,100,100,0,162.494,11.22954623,99.80197231,53.67686666,99,Overcast,No
27-10-2022,M.G. Road,Anil Kumble Circle,38016,29.05194233,1.5,100,100,1,126.032,34.83498589,75.16906032,74.36120284,89,Overcast,No
27-10-2022,Jayanagar,Jayanagar 4th Block,28355,50.48894608,1.5,98.52765452,100,2,106.71,26.5589199,86.71151007,88.36128611,102,Clear,No
27-10-2022,Jayanagar,South End Circle,27567,31.43577832,1.5,96.11996317,100,1,105.134,39.065305,94.3025903,83.03112316,85,Rain,No
27-10-2022,Hebbal,Ballari Road,31999,36.83716643,1.5,98.00116755,100,3,113.998,11.81188489,73.10491541,88.42518554,85,Clear,No
27-10-2022,Yeshwanthpur,Tumkur Road,17136,36.69274857,1.047767243,56.71188891,83.42719709,0,84.272,67.50886252,97.18919919,62.14889526,104,Overcast,No
28-10-2022,Indiranagar,100 Feet Road,48026,39.89928607,1.5,100,100,2,146.052,12.4805736,94.10915747,97.02229006,97,Clear,No
28-10-2022,Indiranagar,CMH Road,44737,52.13339554,1.5,100,100,0,139.474,37.16629801,94.81816129,86.95275554,119,Overcast,No
28-10-2022,Koramangala,Sony World Junction,47167,20,1.5,100,100,2,144.334,10.37561939,76.06112109,87.85931805,111,Overcast,No
28-10-2022,M.G. Road,Trinity Circle,40356,23.71137022,1.5,100,100,1,130.712,27.35465032,61.16785822,85.80574637,94,Rain,Yes
28-10-2022,M.G. Road,Anil Kumble Circle,38464,42.56672619,1.5,100,100,3,126.928,63.50948609,65.02301058,70.91711561,104,Fog,No
28-10-2022,Jayanagar,South End Circle,9654,47.61838967,1.223753487,34.08964869,48.65484748,0,69.308,57.69181007,74.32796482,96.78368977,186,Clear,No
28-10-2022,Hebbal,Hebbal Flyover,20584,41.78493205,1.179507915,70.07246452,100,3,91.168,48.75969482,69.78051622,79.441823,98,Fog,No
28-10-2022,Yeshwanthpur,Yeshwanthpur Circle,26195,34.6470188,1.5,78.8420463,100,0,102.39,28.74525798,72.98355317,55.56429321,98,Rain,No
29-10-2022,Indiranagar,100 Feet Road,36207,29.59733751,1.5,100,100,4,122.414,59.21885813,67.08363055,84.12854775,100,Rain,No
29-10-2022,Whitefield,Marathahalli Bridge,22483,51.89197459,1.30165259,72.80961333,100,0,94.966,62.06302868,67.44976316,52.55968171,100,Rain,No
29-10-2022,Whitefield,ITPL Main Road,27932,35.82519104,1.5,94.81917049,100,1,105.864,55.86668869,89.03220207,99.43253491,99,Overcast,No
29-10-2022,Koramangala,Sony World Junction,43232,20.608033,1.5,100,100,2,136.464,27.02086354,82.88643481,61.30542931,107,Clear,Yes
29-10-2022,Koramangala,Sarjapur Road,45989,46.31463821,1.5,100,100,1,141.978,49.57166163,71.66677877,99.88562409,99,Clear,No
29-10-2022,M.G. Road,Trinity Circle,38192,33.03930513,1.5,100,100,3,126.384,19.93171032,89.64737701,76.65190817,97,Clear,No
29-10-2022,M.G. Road,Anil Kumble Circle,26280,51.59787091,1.5,94.83413421,100,1,102.56,61.56492506,76.74712543,79.73137417,85,Clear,No
29-10-2022,Jayanagar,South End Circle,24548,47.63823327,1.299171015,78.28985074,100,2,99.096,61.20551588,82.0023726,83.41755203,88,Clear,No
29-10-2022,Hebbal,Hebbal Flyover,17382,53.62987455,1.352124879,61.16456799,90.61278393,0,84.764,12.37895998,83.04559853,66.95967514,98,Fog,Yes
30-10-2022,Indiranagar,100 Feet Road,38879,42.29826435,1.5,100,100,2,127.758,64.26305612,79.08619409,61.45546425,98,Clear,No
30-10-2022,Indiranagar,CMH Road,12114,44.76140171,1.347627407,32.02860554,65.04328564,0,74.228,22.73400056,83.38382163,54.03685892,201,Clear,No
30-10-2022,Whitefield,Marathahalli Bridge,33062,35.97145876,1.5,100,100,3,116.124,55.40178239,65.92702186,93.47280609,97,Overcast,Yes
30-10-2022,Whitefield,ITPL Main Road,24928,25.32693677,1.280165207,92.13286175,100,1,99.856,39.29324728,76.43184643,64.84807515,102,Clear,No
30-10-2022,Koramangala,Sony World Junction,13799,56.24417468,1.143141573,44.10765414,67.49087561,2,77.598,50.73149492,62.81932432,85.65959642,203,Clear,No
30-10-2022,Koramangala,Sarjapur Road,37558,29.1505607,1.5,100,100,1,125.116,52.19900346,75.62821654,50.70624146,100,Clear,No
30-10-2022,Electronic City,Hosur Road,19289,52.06668547,1.226694502,57.31157576,100,2,88.578,39.81152239,98.48717382,71.18698102,92,Clear,No
30-10-2022,Electronic City,Silk Board Junction,20643,42.31623102,1.223391227,71.26208106,100,1,91.286,14.7144095,88.0696098,88.3981951,98,Clear,No
30-10-2022,M.G. Road,Anil Kumble Circle,38799,33.12988257,1.5,100,100,0,127.598,30.170353,63.60523267,60.97066529,95,Fog,No
30-10-2022,Jayanagar,South End Circle,36860,37.43876183,1.5,100,100,2,123.72,77.27802896,68.83226554,92.01938,98,Clear,Yes
30-10-2022,Hebbal,Ballari Road,36858,33.4547527,1.5,100,100,2,123.716,42.77526865,95.13037967,52.42024162,94,Clear,No
31-10-2022,Indiranagar,100 Feet Road,33412,39.61188858,1.5,100,100,2,116.824,56.22813992,99.74987373,52.28731986,123,Clear,No
31-10-2022,Indiranagar,CMH Road,34449,43.37868387,1.5,100,100,2,118.898,73.09519061,79.28493909,61.78791185,127,Fog,No
31-10-2022,Whitefield,Marathahalli Bridge,20048,48.09950979,1.303955153,75.38698956,100,4,90.096,73.1362207,92.05091189,93.62086432,103,Rain,No
31-10-2022,Koramangala,Sony World Junction,43030,28.86597274,1.5,100,100,2,136.06,60.45391832,67.83844331,61.49829217,110,Clear,No
31-10-2022,Koramangala,Sarjapur Road,28516,32.40206526,1.5,88.16566085,100,1,107.032,71.59702758,77.75186032,57.85814707,102,Clear,No
31-10-2022,M.G. Road,Trinity Circle,23081,41.49903333,1.196987134,75.28130384,100,2,96.162,48.9869894,91.68329113,51.9013556,98,Clear,Yes
31-10-2022,Jayanagar,Jayanagar 4th Block,18032,49.76973169,1.303194013,56.65295969,90.48860706,0,86.064,38.617293,82.20359146,75.72050817,97,Clear,No
31-10-2022,Jayanagar,South End Circle,34826,20,1.5,100,100,3,119.652,12.08952473,93.46336454,56.55890728,88,Overcast,No
31-10-2022,Hebbal,Hebbal Flyover,10744,46.72469932,1.251128056,26.46824842,54.68413807,1,71.488,31.95395507,69.95454355,75.27722935,188,Rain,No
31-10-2022,Yeshwanthpur,Yeshwanthpur Circle,25942,48.034463,1.5,77.76660734,100,2,101.884,10.53297183,76.905496,70.04581121,98,Clear,No
01-11-2022,Indiranagar,100 Feet Road,36903,39.27083275,1.5,100,100,3,123.806,60.36044265,98.6834788,57.5500068,79,Clear,No
01-11-2022,Koramangala,Sarjapur Road,43889,24.47915733,1.5,100,100,0,137.778,17.24234489,84.39727697,81.80588285,95,Overcast,Yes
01-11-2022,Electronic City,Silk Board Junction,21212,50.76029259,1.158010033,61.14259603,100,0,92.424,69.29628737,91.03939799,74.91534106,106,Clear,No
01-11-2022,M.G. Road,Trinity Circle,44963,28.88606069,1.5,100,100,0,139.926,39.80373645,94.87100959,82.16472989,133,Fog,No
01-11-2022,M.G. Road,Anil Kumble Circle,50186,29.65209246,1.5,100,100,2,150.372,17.66837659,65.99266292,93.40725765,117,Overcast,No
01-11-2022,Hebbal,Ballari Road,23590,58.97442907,1.229965816,82.76786019,100,0,97.18,29.98657162,95.5944075,79.5017527,95,Clear,No
01-11-2022,Yeshwanthpur,Yeshwanthpur Circle,26795,52.2787518,1.5,97.96268332,100,4,103.59,29.14288335,62.41029435,90.04349858,86,Clear,No
01-11-2022,Yeshwanthpur,Tumkur Road,28803,35.5130862,1.5,94.02445316,100,2,107.606,52.73412313,91.97816475,79.76993734,83,Fog,No
02-11-2022,Indiranagar,100 Feet Road,47849,37.02959975,1.5,100,100,6,145.698,35.46118704,96.27424944,84.48088321,99,Clear,No
02-11-2022,Indiranagar,CMH Road,12429,35.40773025,1.117659893,34.82407583,58.92935965,0,74.858,50.86209792,96.17397867,76.49085945,208,Fog,No
02-11-2022,Whitefield,Marathahalli Bridge,25308,21.54952128,1.5,87.73699409,100,4,100.616,35.38676761,61.58888858,61.24226787,96,Clear,No
02-11-2022,Whitefield,ITPL Main Road,22268,54.16395785,1.372902679,68.49293658,100,0,94.536,47.99265944,99.40691611,80.48893634,102,Clear,Yes
02-11-2022,Koramangala,Sony World Junction,31821,30.06032899,1.5,100,100,2,113.642,60.39906067,99.5840552,78.29888574,93,Rain,No
02-11-2022,M.G. Road,Trinity Circle,42451,47.3854661,1.5,100,100,2,134.902,66.37981923,75.08908259,88.18680708,91,Clear,No
02-11-2022,M.G. Road,Anil Kumble Circle,40664,41.9648131,1.5,100,100,2,131.328,32.79424164,82.26347555,58.63257376,105,Clear,No
02-11-2022,Jayanagar,South End Circle,17163,46.9609694,1.333069523,66.07917935,90.46287005,0,84.326,53.62419887,94.2945823,61.1711995,114,Clear,No
02-11-2022,Hebbal,Ballari Road,33919,48.65142967,1.5,100,100,5,117.838,18.84612489,73.27808377,51.00777762,94,Overcast,No
02-11-2022,Yeshwanthpur,Yeshwanthpur Circle,17365,51.28425425,1.34658154,67.23623766,90.74286621,0,84.73,62.28506578,69.62111199,53.19153973,79,Clear,No
03-11-2022,Indiranagar,100 Feet Road,46145,52.30172056,1.5,100,100,7,142.29,66.64870035,77.32316427,91.46888133,86,Clear,No
03-11-2022,Indiranagar,CMH Road,23405,51.06662724,1.130768951,83.5538976,100,3,96.81,75.50796884,73.09555892,68.13452975,108,Clear,No
03-11-2022,Whitefield,Marathahalli Bridge,21609,37.01215144,1.316680905,72.23964122,100,2,93.218,15.15343915,64.75640408,56.83655334,95,Clear,No
03-11-2022,Whitefield,ITPL Main Road,15144,40.31599945,1.393552144,52.37460518,78.34693165,1,80.288,59.2856189,85.29133778,82.4686739,118,Clear,Yes
03-11-2022,Koramangala,Sarjapur Road,54560,20,1.5,100,100,3,159.12,48.78329732,81.86339599,94.43579328,115,Clear,No
03-11-2022,Electronic City,Hosur Road,13930,59.405187,1.370756543,49.248606,71.11443873,0,77.86,12.6980467,89.52718894,85.81223653,201,Clear,No
03-11-2022,M.G. Road,Trinity Circle,51478,35.29510092,1.5,100,100,0,152.956,39.9410828,86.04385048,85.22506159,115,Clear,No
03-11-2022,M.G. Road,Anil Kumble Circle,24979,39.6364312,1.071019108,89.38860678,100,1,99.958,59.89997827,66.33583578,51.20324763,96,Clear,No
03-11-2022,Jayanagar,Jayanagar 4th Block,9491,41.91154443,1.0676298,41.5774258,50.51192566,0,68.982,62.35035717,80.752605,78.29961323,203,Clear,No
03-11-2022,Hebbal,Hebbal Flyover,44656,47.49990961,1.5,100,100,2,139.312,42.48129026,97.51109043,63.70447239,96,Clear,No
03-11-2022,Hebbal,Ballari Road,27541,40.01780459,1.5,89.00253501,100,4,105.082,40.39145864,88.01047403,93.17822662,103,Overcast,No
03-11-2022,Yeshwanthpur,Yeshwanthpur Circle,19645,63.34298448,1.348316043,63.95721962,99.0595269,0,89.29,45.8880445,68.9142924,61.2593574,93,Clear,No
03-11-2022,Yeshwanthpur,Tumkur Road,13856,49.60466504,1.16149308,41.54137976,69.40447159,0,77.712,39.27298654,75.75234066,85.02133418,180,Clear,No
04-11-2022,Indiranagar,100 Feet Road,40586,40.54567348,1.5,100,100,2,131.172,32.60626205,91.68256307,74.65534079,106,Windy,No
04-11-2022,Indiranagar,CMH Road,22156,43.40081501,1.161629979,79.35028976,100,1,94.312,65.21642271,80.10510738,60.30795724,100,Clear,No
04-11-2022,Whitefield,ITPL Main Road,17150,71.52242335,1.215081782,64.03711409,83.91869925,0,84.3,57.59633381,68.39275708,96.24097075,107,Overcast,No
04-11-2022,Koramangala,Sarjapur Road,60411,24.43964816,1.5,100,100,5,170.822,12.7981405,85.5120505,68.13238083,104,Clear,Yes
04-11-2022,Electronic City,Hosur Road,24435,40.64460806,1.119190323,85.20316278,100,0,98.87,61.1586931,72.43610521,77.53994636,109,Clear,No
04-11-2022,M.G. Road,Trinity Circle,37895,20,1.5,100,100,2,125.79,10.52294789,78.01776944,74.45544889,93,Clear,No
04-11-2022,M.G. Road,Anil Kumble Circle,49065,36.54245035,1.5,100,100,4,148.13,55.25454397,68.83662746,64.2039092,105,Clear,Yes
04-11-2022,Hebbal,Hebbal Flyover,30047,21.74308838,1.5,98.9339795,100,2,110.094,13.38962178,96.68103036,50.61158118,93,Clear,No
04-11-2022,Hebbal,Ballari Road,22423,44.52090411,1.040255557,78.28746104,100,2,94.846,59.54549117,95.63236366,69.92630322,92,Clear,No
05-11-2022,Indiranagar,100 Feet Road,22356,37.21108695,1.331693467,84.22040744,100,0,94.712,62.57273322,95.08217694,96.56140855,104,Rain,Yes
05-11-2022,Indiranagar,CMH Road,37441,51.91476429,1.5,100,100,0,124.882,72.88567386,84.90910031,86.38971852,95,Clear,No
05-11-2022,Koramangala,Sony World Junction,29764,25.6102538,1.5,100,100,1,109.528,77.41626135,61.11239904,95.62215371,115,Clear,No
05-11-2022,Koramangala,Sarjapur Road,56662,35.42479973,1.5,100,100,3,163.324,71.41268321,81.56072888,96.06142063,98,Clear,No
05-11-2022,Electronic City,Hosur Road,7977,37.08991179,1.09748451,26.39776116,39.47473334,0,65.954,22.92092669,81.35936354,68.21027784,191,Clear,No
05-11-2022,M.G. Road,Trinity Circle,28665,51.54175123,1.5,93.37501963,100,1,107.33,55.71209465,95.43577324,69.24780275,86,Clear,No
05-11-2022,M.G. Road,Anil Kumble Circle,28371,49.05063634,1.5,100,100,1,106.742,22.68875038,82.34403544,53.85391047,77,Clear,No
05-11-2022,Jayanagar,Jayanagar 4th Block,26786,20,1.5,94.73838527,100,4,103.572,59.14036894,62.32604469,51.98757558,95,Clear,No
05-11-2022,Jayanagar,South End Circle,23985,43.87671606,1.098913126,74.34427508,100,5,97.97,26.6649053,97.11244028,84.94919945,108,Clear,No
05-11-2022,Hebbal,Ballari Road,29203,35.75947136,1.5,92.29470733,100,3,108.406,28.17856688,64.9502831,97.41799033,106,Overcast,No
05-11-2022,Yeshwanthpur,Tumkur Road,18345,60.67595326,1.027988869,53.87899508,92.69613505,0,86.69,10.37660923,90.67418108,70.83518714,94,Clear,No
06-11-2022,Indiranagar,100 Feet Road,12335,45.41671854,1.108942895,44.77453781,58.39757543,0,74.67,15.46524233,95.2317264,65.52187008,188,Clear,No
06-11-2022,Indiranagar,CMH Road,48733,44.06694852,1.5,100,100,2,147.466,15.61346023,96.42752402,73.02626711,90,Overcast,No
06-11-2022,Koramangala,Sony World Junction,47365,23.22016177,1.5,100,100,0,144.73,29.99482448,62.64002915,69.04519246,88,Overcast,No
06-11-2022,Koramangala,Sarjapur Road,25987,42.70653717,1.5,96.60658558,100,0,101.974,59.15279704,73.06957321,82.8790717,85,Clear,No
06-11-2022,M.G. Road,Trinity Circle,36230,35.66339709,1.5,100,100,2,122.46,32.00281591,90.88176944,96.96578922,101,Clear,No
06-11-2022,M.G. Road,Anil Kumble Circle,52720,38.50721285,1.5,100,100,3,155.44,47.85482584,93.62601299,93.03340594,111,Clear,No
06-11-2022,Jayanagar,South End Circle,31334,54.66870787,1.5,100,100,2,112.668,62.11421469,67.05826692,83.04832064,115,Windy,Yes
06-11-2022,Hebbal,Hebbal Flyover,37610,38.16280429,1.5,100,100,0,125.22,70.23875171,79.23619409,63.9066845,111,Rain,No
06-11-2022,Yeshwanthpur,Yeshwanthpur Circle,23740,25.33814904,1.388932955,84.3308199,100,2,97.48,72.14266366,92.87525935,88.88551784,102,Overcast,No
06-11-2022,Yeshwanthpur,Tumkur Road,29338,44.85273181,1.5,88.04147612,100,4,108.676,55.93283995,92.44970793,85.99206552,106,Clear,No
07-11-2022,Indiranagar,100 Feet Road,54941,20,1.5,100,100,2,159.882,69.70801764,87.19796694,54.74608413,101,Clear,No
07-11-2022,Indiranagar,CMH Road,45103,45.26416176,1.5,100,100,1,140.206,60.42616076,93.99967477,55.58358619,95,Fog,No
07-11-2022,Whitefield,Marathahalli Bridge,8569,47.69886028,1.319006818,31.01265539,47.62070441,0,67.138,46.75348257,60.49147056,97.29756814,203,Clear,No
07-11-2022,Whitefield,ITPL Main Road,13324,46.93849349,1.313351652,45.66128948,63.64236018,3,76.648,41.9981863,99.99365202,90.55939585,215,Fog,No
07-11-2022,Koramangala,Sony World Junction,41901,23.08993928,1.5,100,100,4,133.802,59.3203817,69.67004739,51.99309867,93,Overcast,No
07-11-2022,Koramangala,Sarjapur Road,60280,42.21824992,1.5,100,100,2,170.56,66.19769153,81.80311303,59.88150024,96,Rain,No
07-11-2022,Electronic City,Hosur Road,23612,45.54659971,1.147882176,70.88170199,100,3,97.224,28.95110119,89.45549123,68.05366336,81,Clear,No
07-11-2022,Electronic City,Silk Board Junction,23137,48.49634258,1.194203903,77.50459462,100,0,96.274,56.75176574,73.83059933,75.09031061,91,Clear,Yes
07-11-2022,M.G. Road,Trinity Circle,41162,55.03419662,1.5,100,100,4,132.324,72.87064296,85.11339322,81.51434027,112,Fog,No
07-11-2022,M.G. Road,Anil Kumble Circle,38320,30.41157694,1.5,100,100,2,126.64,22.68320823,71.46668485,73.16592428,113,Rain,No
07-11-2022,Hebbal,Hebbal Flyover,31627,42.59841591,1.5,100,100,2,113.254,44.6970839,64.41354954,84.06554705,115,Rain,No
08-11-2022,Indiranagar,CMH Road,13099,43.14931076,1.334453687,45.73671708,62.0615841,0,76.198,76.82773886,76.85590728,82.40805084,222,Clear,No
08-11-2022,Whitefield,ITPL Main Road,25452,20,1.5,79.56433926,100,2,100.904,37.56418913,82.25987673,60.75915211,83,Rain,No
08-11-2022,Koramangala,Sony World Junction,30939,30.35010984,1.5,93.19102532,100,0,111.878,39.41684079,73.34951337,58.8917929,86,Overcast,No
08-11-2022,Koramangala,Sarjapur Road,27515,44.88884946,1.5,92.32912293,100,2,105.03,64.44249415,89.5599598,84.81140321,96,Windy,No
08-11-2022,M.G. Road,Trinity Circle,55839,42.58190463,1.5,100,100,1,161.678,41.32844071,88.65707954,71.06277358,81,Fog,No
08-11-2022,M.G. Road,Anil Kumble Circle,14072,51.17510493,1.179145481,47.83610852,67.63380724,1,78.144,25.24678326,81.016141,59.52568615,208,Clear,Yes
08-11-2022,Jayanagar,Jayanagar 4th Block,19807,39.92473569,1.022917608,58.58511211,97.06399183,0,89.614,63.40179883,96.8476581,70.60441043,85,Clear,No
08-11-2022,Hebbal,Hebbal Flyover,37349,30.93000017,1.5,100,100,2,124.698,53.88244991,91.52850839,63.45764472,93,Fog,No
09-11-2022,Indiranagar,100 Feet Road,47359,41.37385837,1.5,100,100,1,144.718,59.62164485,92.58673333,89.43745834,102,Clear,No
09-11-2022,Indiranagar,CMH Road,10943,40.97210179,1.289850461,34.77572281,56.75959447,0,71.886,19.23424232,65.27956094,60.16318762,180,Clear,No
09-11-2022,Whitefield,Marathahalli Bridge,6785,29.75500419,1.308850508,22.28752373,32.75456289,1,63.57,15.46942087,72.50801005,98.93040643,199,Clear,No
09-11-2022,Whitefield,ITPL Main Road,12201,26.71272401,1.392587595,33.22066973,60.84327099,0,74.402,59.12347242,75.66747508,82.42339447,193,Clear,No
09-11-2022,Koramangala,Sony World Junction,29956,49.01030628,1.5,100,100,0,109.912,36.66771517,67.34638246,69.65596966,91,Clear,No
09-11-2022,Electronic City,Hosur Road,19496,44.48294836,1.327764586,64.20217087,98.52600542,3,88.992,62.47241172,69.33083439,91.55884943,95,Overcast,No
09-11-2022,M.G. Road,Trinity Circle,25970,43.88271212,1.5,94.35468249,100,3,101.94,77.78062824,67.23916891,51.22513839,101,Fog,No
09-11-2022,M.G. Road,Anil Kumble Circle,45828,49.88823407,1.5,100,100,1,141.656,18.56789909,60.18056192,74.62210912,98,Rain,No
09-11-2022,Jayanagar,Jayanagar 4th Block,21024,30.68185303,1.129890249,72.37624778,100,1,92.048,17.67356935,79.24343387,85.99390295,101,Clear,Yes
09-11-2022,Jayanagar,South End Circle,19911,21.46767173,1.303064518,73.16218967,100,1,89.822,39.94616274,70.93584608,81.22313069,110,Clear,No
09-11-2022,Hebbal,Hebbal Flyover,38595,47.65342629,1.5,100,100,2,127.19,54.47593562,69.06637309,54.67702499,93,Clear,No
09-11-2022,Hebbal,Ballari Road,20235,51.79484534,1.169002072,68.72599337,96.23211553,1,90.47,41.61554655,97.66407758,86.52040422,95,Overcast,No
09-11-2022,Yeshwanthpur,Yeshwanthpur Circle,35900,39.91828718,1.5,100,100,0,121.8,39.56191645,68.85397879,54.08114543,100,Rain,No
10-11-2022,Indiranagar,100 Feet Road,21996,29.56114721,1.241018656,65.85615964,100,0,93.992,58.42408338,97.31549574,93.49373234,107,Fog,No
10-11-2022,Indiranagar,CMH Road,52196,21.29390722,1.5,100,100,3,154.392,52.35140172,98.79201978,86.90600046,100,Fog,No
10-11-2022,Koramangala,Sarjapur Road,40287,42.83291388,1.5,100,100,1,130.574,60.27807042,60.45973686,73.20201688,95,Fog,No
10-11-2022,M.G. Road,Trinity Circle,24541,55.90869389,1.210912556,72.71510662,100,2,99.082,53.74618305,90.87824294,50.63890733,108,Rain,No
10-11-2022,M.G. Road,Anil Kumble Circle,25830,34.49684154,1.5,93.39379975,100,4,101.66,73.93773834,64.71544937,75.85730047,112,Clear,No
10-11-2022,Yeshwanthpur,Yeshwanthpur Circle,12458,42.66942357,1.206963721,31.61505284,59.99449889,1,74.916,14.53904008,69.98923138,91.3779353,203,Clear,No
10-11-2022,Yeshwanthpur,Tumkur Road,15956,47.5788347,1.072662762,58.55110714,75.26902177,0,81.912,25.32388828,96.62335935,58.89989532,102,Clear,No
11-11-2022,Indiranagar,100 Feet Road,45120,44.07610201,1.5,100,100,2,140.24,69.09317158,67.1770442,58.70548512,107,Clear,No
11-11-2022,Indiranagar,CMH Road,21473,35.48763442,1.142424346,75.86210255,100,3,92.946,59.25358984,81.39021653,93.41700807,119,Windy,No
11-11-2022,Whitefield,Marathahalli Bridge,21876,33.50781851,1.196028021,68.82101609,100,0,93.752,30.05201434,66.78003981,88.27801313,97,Overcast,No
11-11-2022,Whitefield,ITPL Main Road,25327,25.53373247,1.5,82.54397461,100,3,100.654,51.48896883,78.41897155,71.40264298,97,Clear,No
11-11-2022,Koramangala,Sony World Junction,15092,39.06545077,1.338513392,41.18622289,75.53206934,1,80.184,29.30557353,96.79680873,54.07348117,103,Clear,Yes
11-11-2022,Koramangala,Sarjapur Road,46639,25.78076792,1.5,100,100,1,143.278,41.98519247,81.97219926,72.93477701,97,Rain,No
11-11-2022,M.G. Road,Trinity Circle,25016,38.83095028,1.5,83.64485009,100,5,100.032,68.08919926,89.86184775,88.57126439,87,Clear,No
11-11-2022,M.G. Road,Anil Kumble Circle,11758,50.07884901,1.133650975,32.08303137,59.15119627,1,73.516,17.23160688,69.17399096,85.70333716,221,Clear,No
11-11-2022,Jayanagar,South End Circle,15962,31.1065758,1.131811617,58.590261,76.52723734,2,81.924,17.43041239,83.01628956,91.04656859,94,Rain,No
11-11-2022,Hebbal,Ballari Road,31519,37.52818905,1.5,100,100,1,113.038,24.06020512,71.8362836,91.8613165,99,Fog,No
11-11-2022,Yeshwanthpur,Tumkur Road,18823,55.09743886,1.291164943,57.02320562,94.87732638,1,87.646,78.80545945,67.28022647,74.03993144,114,Overcast,No
12-11-2022,Indiranagar,100 Feet Road,46732,20.43956169,1.5,100,100,5,143.464,21.34447931,71.63367121,80.8388534,80,Clear,No
12-11-2022,Indiranagar,CMH Road,33279,55.41638217,1.5,100,100,1,116.558,16.61115831,99.15411863,86.29799501,93,Overcast,No
12-11-2022,Whitefield,ITPL Main Road,25917,34.35937423,1.5,91.59269209,100,3,101.834,59.08901141,73.24679361,56.48160204,107,Fog,No
12-11-2022,Electronic City,Hosur Road,19129,36.06120185,1.023854746,60.43108253,100,0,88.258,51.81968227,62.82421544,83.47006058,93,Clear,No
12-11-2022,Jayanagar,Jayanagar 4th Block,18711,45.84832426,1.241926953,58.91203523,96.72904111,0,87.422,71.72193184,98.9870716,98.3826327,88,Clear,No
12-11-2022,Jayanagar,South End Circle,23353,33.72123236,1.0240954,86.97984453,100,1,96.706,53.70163732,67.22514142,83.08587657,103,Clear,Yes
12-11-2022,Yeshwanthpur,Tumkur Road,24960,45.98539154,1.286840578,74.61609152,100,1,99.92,37.9024992,63.09454427,91.46344969,99,Clear,No
13-11-2022,Indiranagar,CMH Road,24558,34.21380988,1.17612643,76.37053305,100,4,99.116,32.51477027,81.54801668,98.75030299,76,Clear,No
13-11-2022,Whitefield,Marathahalli Bridge,22553,45.28846469,1.231646986,69.81671834,100,0,95.106,70.09593154,61.90292071,67.3998376,97,Fog,No
13-11-2022,Koramangala,Sony World Junction,59327,34.70479139,1.5,100,100,0,168.654,77.19073238,82.46257723,73.46319932,97,Windy,No
13-11-2022,Koramangala,Sarjapur Road,46238,45.35493309,1.5,100,100,4,142.476,43.75964147,87.17417123,58.8637759,104,Clear,No
13-11-2022,Electronic City,Hosur Road,6092,41.6988969,1.389344821,25.73411171,28.0040926,0,62.184,53.16578903,60.12915541,89.62928121,189,Clear,No
13-11-2022,Electronic City,Silk Board Junction,8021,67.03751798,1.382227876,22.00459831,36.02391243,0,66.042,22.91637051,76.54506801,59.35989718,219,Fog,No
13-11-2022,M.G. Road,Anil Kumble Circle,48572,38.59659102,1.5,100,100,1,147.144,53.70821053,95.28483886,91.36612317,95,Fog,No
13-11-2022,Jayanagar,Jayanagar 4th Block,18571,33.90039282,1.034304905,56.05735207,93.30876496,0,87.142,27.37902711,96.27164135,84.85587592,94,Clear,No
13-11-2022,Jayanagar,South End Circle,22958,38.11082535,1.243081843,81.4334755,100,4,95.916,72.35261922,93.47295832,98.19561046,102,Overcast,Yes
13-11-2022,Hebbal,Ballari Road,10481,30.36647689,1.019138799,24.95196199,53.79862673,0,70.962,69.10311757,70.30189147,64.03538022,175,Clear,No
14-11-2022,Indiranagar,100 Feet Road,34255,28.86245357,1.5,100,100,4,118.51,67.29058936,91.71527974,89.89767163,112,Fog,No
14-11-2022,Indiranagar,CMH Road,48231,43.19203518,1.5,100,100,2,146.462,42.89356206,70.63195989,79.52070974,109,Fog,No
14-11-2022,Whitefield,ITPL Main Road,25226,21.8666878,1.5,86.9140837,100,3,100.452,18.67666284,65.45305746,51.06628579,101,Overcast,No
14-11-2022,Koramangala,Sony World Junction,48806,21.03233651,1.5,100,100,2,147.612,60.29887994,97.65569398,88.97957805,94,Clear,No
14-11-2022,Electronic City,Hosur Road,10764,44.07164974,1.274274376,40.87402159,52.27430005,0,71.528,51.3249611,62.94391384,85.56487669,201,Fog,No
14-11-2022,Electronic City,Silk Board Junction,22556,52.77888376,1.10460069,69.61521105,100,0,95.112,50.27427057,82.06381889,79.25834112,81,Clear,No
14-11-2022,M.G. Road,Anil Kumble Circle,41224,30.57243382,1.5,100,100,2,132.448,14.06645606,66.66557295,88.61618586,117,Clear,Yes
14-11-2022,Jayanagar,Jayanagar 4th Block,25049,41.14919687,1.5,88.68730209,100,2,100.098,25.38095713,62.46979033,69.65385869,84,Clear,No
14-11-2022,Hebbal,Ballari Road,27007,40.20229119,1.5,87.44450387,100,4,104.014,61.86256623,89.30910582,51.55415938,104,Clear,No
15-11-2022,Indiranagar,100 Feet Road,21700,40.46269134,1.260854454,77.79622236,100,1,93.4,18.79718049,96.38687252,92.1892216,99,Clear,No
15-11-2022,Indiranagar,CMH Road,32251,40.09161043,1.5,100,100,3,114.502,49.57471506,63.64057661,69.34630567,91,Overcast,No
15-11-2022,Whitefield,Marathahalli Bridge,29255,27.62887917,1.5,90.18207418,100,1,108.51,11.77099646,81.30637951,82.5765596,111,Rain,No
15-11-2022,Koramangala,Sony World Junction,32452,41.73325108,1.5,100,100,1,114.904,27.17192049,69.50696593,70.94654772,97,Clear,No
15-11-2022,Koramangala,Sarjapur Road,33967,35.22686438,1.5,100,100,2,117.934,29.86458335,89.74894519,80.11184539,116,Overcast,No
15-11-2022,Electronic City,Hosur Road,21197,32.69516029,1.015963085,70.06905908,100,0,92.394,27.49372665,88.89841725,77.55943911,113,Clear,No
15-11-2022,M.G. Road,Trinity Circle,26064,35.48103148,1.5,85.26663875,100,3,102.128,57.85997781,64.28131201,72.95819874,104,Clear,Yes
15-11-2022,M.G. Road,Anil Kumble Circle,38262,24.5014232,1.5,100,100,3,126.524,20.32338407,79.64483973,68.38582601,106,Clear,No
15-11-2022,Jayanagar,South End Circle,31998,25.80067399,1.5,100,100,1,113.996,22.83175201,78.51557094,81.87183682,104,Fog,No
15-11-2022,Hebbal,Ballari Road,23372,44.90140451,1.32356996,82.48554051,100,1,96.744,10.65064287,83.91837824,53.72834521,88,Clear,No
16-11-2022,Indiranagar,100 Feet Road,11230,54.77845819,1.354882089,31.13270522,57.00505755,0,72.46,38.18831039,95.2825758,80.41737542,208,Overcast,No
16-11-2022,Indiranagar,CMH Road,11757,52.04015403,1.119293011,37.52091447,57.8807158,0,73.514,16.42796067,64.34506371,79.95943491,196,Clear,No
16-11-2022,Koramangala,Sony World Junction,28421,50.40628005,1.5,96.50311007,100,3,106.842,49.92242978,97.50035274,84.66060104,82,Fog,No
16-11-2022,Electronic City,Silk Board Junction,14713,58.20423023,1.078077533,44.10343746,73.43198138,2,79.426,74.7933941,97.1092665,50.3966871,200,Clear,No
16-11-2022,M.G. Road,Trinity Circle,25871,34.10948193,1.5,91.04176894,100,3,101.742,25.00021798,67.58476947,99.27032028,101,Clear,No
16-11-2022,M.G. Road,Anil Kumble Circle,25715,44.81743341,1.5,95.50381211,100,1,101.43,40.77941851,67.06150196,65.36155433,93,Windy,Yes
16-11-2022,Jayanagar,Jayanagar 4th Block,30613,42.6065474,1.5,100,100,4,111.226,29.34919328,72.53532321,68.02663717,95,Clear,No
16-11-2022,Hebbal,Hebbal Flyover,21682,41.58071222,1.376679169,80.0070712,100,2,93.364,19.65019192,71.28376817,98.19887627,97,Clear,No
16-11-2022,Hebbal,Ballari Road,17739,65.02583306,1.266669701,68.59812584,84.22213727,0,85.478,54.81567458,95.86105801,89.8823955,99,Clear,Yes
17-11-2022,Indiranagar,100 Feet Road,37446,20,1.5,100,100,0,124.892,65.98940496,84.70869366,86.51966685,115,Clear,No
17-11-2022,Indiranagar,CMH Road,52281,44.06055958,1.5,100,100,4,154.562,16.87247541,94.08483835,76.67440944,103,Rain,Yes
17-11-2022,Koramangala,Sony World Junction,48792,39.27831343,1.5,100,100,1,147.584,50.1430204,90.55966696,64.28966762,92,Fog,No
17-11-2022,Electronic City,Hosur Road,13619,41.88109052,1.278176067,43.29103832,64.66750923,1,77.238,79.13780377,90.62237847,55.10619782,210,Windy,Yes
17-11-2022,Electronic City,Silk Board Junction,17315,38.84133522,1.198893989,56.65533172,86.18085225,1,84.63,75.87327956,65.90926723,64.01280438,105,Clear,No
17-11-2022,M.G. Road,Trinity Circle,24190,46.43882373,1.070740321,71.88224242,100,0,98.38,46.14915136,68.99909608,69.17943168,100,Fog,No
17-11-2022,M.G. Road,Anil Kumble Circle,11503,22.43646369,1.057662444,37.85380234,55.54849236,1,73.006,36.50107124,84.66007928,67.25617759,199,Clear,No
17-11-2022,Jayanagar,Jayanagar 4th Block,17243,61.57996918,1.162699332,60.66107195,88.49100825,1,84.486,58.86562644,73.69143271,85.88048724,88,Clear,No
17-11-2022,Hebbal,Hebbal Flyover,27294,34.91024726,1.5,88.7138937,100,2,104.588,19.1131442,91.52593656,82.78935366,93,Overcast,No
17-11-2022,Yeshwanthpur,Yeshwanthpur Circle,28120,20,1.5,95.70799558,100,1,106.24,79.00350647,96.23260224,76.36914138,72,Overcast,No
17-11-2022,Yeshwanthpur,Tumkur Road,16542,54.29790961,1.174436561,58.68538855,78.72295914,0,83.084,12.33204806,96.08806902,78.69480948,101,Windy,No
18-11-2022,Indiranagar,100 Feet Road,23626,53.51270564,1.317398703,72.81189653,100,0,97.252,38.902888,70.49127867,77.47157979,93,Overcast,No
18-11-2022,Indiranagar,CMH Road,37606,20,1.5,100,100,2,125.212,37.9416119,99.99075859,63.05257694,93,Clear,No
18-11-2022,Koramangala,Sony World Junction,29904,49.40982647,1.5,90.34418826,100,2,109.808,65.25101224,85.34936203,51.65681032,130,Clear,No
18-11-2022,Koramangala,Sarjapur Road,46053,44.3333919,1.5,100,100,5,142.106,16.72988796,88.02728355,63.43103935,105,Fog,No
18-11-2022,Electronic City,Silk Board Junction,5523,58.57570923,1.186230236,27.0863452,28.51420718,1,61.046,56.9360085,75.53411744,73.01072313,214,Windy,No
18-11-2022,M.G. Road,Trinity Circle,37205,33.82775836,1.5,100,100,3,124.41,50.01673966,83.16966256,65.11479117,104,Clear,No
18-11-2022,M.G. Road,Anil Kumble Circle,53978,20,1.5,100,100,3,157.956,42.49230358,62.3540514,66.74825107,91,Overcast,No
18-11-2022,Jayanagar,Jayanagar 4th Block,31819,37.92945489,1.5,100,100,2,113.638,58.67945319,76.23769245,97.70813647,102,Clear,No
18-11-2022,Jayanagar,South End Circle,28404,27.78881203,1.5,88.56891353,100,5,106.808,75.31422353,91.07466628,64.40228894,99,Rain,No
18-11-2022,Yeshwanthpur,Yeshwanthpur Circle,27928,50.27589196,1.5,100,100,1,105.856,44.79517479,94.5769149,80.44457734,101,Clear,Yes
19-11-2022,Indiranagar,100 Feet Road,24442,49.90299733,1.259263562,84.61329964,100,2,98.884,65.67547411,72.86993435,53.57220768,90,Overcast,No
19-11-2022,Indiranagar,CMH Road,21402,46.79131888,1.025581845,75.63656931,100,4,92.804,11.63550113,76.06392439,52.64394796,83,Windy,No
19-11-2022,Whitefield,Marathahalli Bridge,15759,37.51331377,1.240141152,58.47206646,74.31060986,0,81.518,78.38002119,64.82882142,70.01496974,93,Overcast,No
19-11-2022,Whitefield,ITPL Main Road,17095,51.32259193,1.24959037,52.83233436,89.82286605,0,84.19,29.64336718,74.62298426,50.84205076,92,Clear,Yes
19-11-2022,Koramangala,Sony World Junction,29246,21.65803009,1.5,99.16058039,100,1,108.492,46.03975986,89.67521331,84.72175706,93,Rain,No
19-11-2022,Koramangala,Sarjapur Road,42539,31.77478547,1.5,100,100,2,135.078,46.28549116,60.38897371,55.18088716,109,Clear,No
19-11-2022,M.G. Road,Anil Kumble Circle,38284,45.43095681,1.5,100,100,5,126.568,28.40511349,73.22415003,80.86763173,111,Clear,No
19-11-2022,Jayanagar,Jayanagar 4th Block,24997,47.30409535,1.062020466,85.81071448,100,4,99.994,54.16143165,60.51998103,77.86601247,81,Clear,No
19-11-2022,Jayanagar,South End Circle,31864,34.87621578,1.5,96.56588877,100,0,113.728,32.33993024,80.79394485,53.99596418,100,Rain,No
19-11-2022,Yeshwanthpur,Yeshwanthpur Circle,23955,47.55996522,1.123204098,69.87255956,100,0,97.91,20.66567091,76.88185318,74.81849065,111,Clear,No
20-11-2022,Indiranagar,100 Feet Road,12624,47.72044655,1.071681862,36.82235332,62.38706765,0,75.248,63.13231978,73.52613502,99.29177702,217,Clear,No
20-11-2022,Indiranagar,CMH Road,42595,50.59664738,1.5,100,100,1,135.19,44.13322205,87.1137799,63.597688,110,Clear,No
20-11-2022,Whitefield,Marathahalli Bridge,17659,46.31719919,1.256867523,60.17780736,88.0964488,0,85.318,15.89786899,77.69343672,78.06549568,100,Clear,No
20-11-2022,Whitefield,ITPL Main Road,16555,51.22496539,1.036744939,59.43929413,83.25287606,0,83.11,79.28500426,84.72803285,94.83640965,116,Clear,No
20-11-2022,M.G. Road,Trinity Circle,36260,29.8671006,1.5,100,100,1,122.52,29.36713242,88.33945086,98.1311182,121,Overcast,Yes
20-11-2022,Jayanagar,Jayanagar 4th Block,22663,50.28462995,1.138993222,69.55665507,100,0,95.326,47.41522239,92.59137768,99.11376326,92,Clear,No
20-11-2022,Yeshwanthpur,Yeshwanthpur Circle,20948,49.62679733,1.384982922,60.52098854,100,2,91.896,35.47123594,80.31012272,85.13188678,111,Rain,No
21-11-2022,Indiranagar,100 Feet Road,35593,20.57242512,1.5,100,100,1,121.186,49.37814741,62.89569813,71.87768211,141,Clear,No
21-11-2022,Indiranagar,CMH Road,33495,27.71735346,1.5,100,100,1,116.99,29.87214178,71.7242672,66.33865119,104,Clear,No
21-11-2022,Koramangala,Sony World Junction,66047,34.48371021,1.5,100,100,3,182.094,79.60580754,69.73259968,73.71694816,83,Overcast,No
21-11-2022,Koramangala,Sarjapur Road,39766,39.9671318,1.5,100,100,1,129.532,32.28712937,94.45364253,51.84097205,111,Clear,No
21-11-2022,M.G. Road,Anil Kumble Circle,35647,24.59840606,1.5,100,100,1,121.294,66.84896612,91.67651367,92.77213046,89,Overcast,Yes
21-11-2022,Jayanagar,South End Circle,28136,36.93451383,1.5,93.96265512,100,0,106.272,39.43799462,77.58075715,76.91392379,99,Clear,No
21-11-2022,Hebbal,Ballari Road,29332,30.68182155,1.5,88.56636731,100,3,108.664,33.30046891,82.7759351,54.18429317,110,Windy,No
21-11-2022,Yeshwanthpur,Yeshwanthpur Circle,15314,35.1997488,1.378724183,42.84475687,73.99236333,0,80.628,45.63511448,78.0810177,86.34331031,107,Clear,No
21-11-2022,Yeshwanthpur,Tumkur Road,5371,32.801252,1.039451974,23.00384515,27.38560734,0,60.742,63.13882531,86.71724768,59.57975699,210,Overcast,No
22-11-2022,Indiranagar,100 Feet Road,36833,44.04347275,1.5,100,100,4,123.666,76.69837533,96.11232238,53.30729361,101,Clear,Yes
22-11-2022,Indiranagar,CMH Road,38100,34.42471169,1.5,100,100,0,126.2,56.44769121,96.53840096,67.73839783,94,Clear,No
22-11-2022,Whitefield,Marathahalli Bridge,17078,47.29004552,1.23324619,47.12733565,83.02892562,2,84.156,73.58919441,98.58116092,66.22859479,106,Clear,No
22-11-2022,Whitefield,ITPL Main Road,29756,45.31005143,1.5,100,100,3,109.512,28.83249395,82.71175448,84.640978,100,Fog,No
22-11-2022,Koramangala,Sarjapur Road,60818,20,1.5,100,100,4,171.636,78.12070485,81.86561903,95.72453308,105,Clear,No
22-11-2022,Electronic City,Hosur Road,22425,56.2274626,1.34045137,79.41064951,100,2,94.85,53.37997518,82.54457256,69.58230229,124,Clear,No
22-11-2022,M.G. Road,Trinity Circle,25665,38.16396113,1.5,86.29315345,100,8,101.33,37.42760966,92.33186611,87.98125694,115,Rain,No
22-11-2022,M.G. Road,Anil Kumble Circle,12483,54.70824149,1.274848852,43.94119143,61.81698321,2,74.966,62.39051182,72.58148179,92.28265702,197,Fog,No
22-11-2022,Jayanagar,Jayanagar 4th Block,42085,47.60144955,1.5,100,100,1,134.17,37.06903583,82.59620722,64.28548106,106,Fog,No
22-11-2022,Jayanagar,South End Circle,19177,51.6111717,1.325506463,60.36819023,100,1,88.354,43.44143978,86.58188182,58.43250962,115,Clear,No
22-11-2022,Hebbal,Hebbal Flyover,31832,47.0079809,1.5,100,100,3,113.664,53.21124474,79.0295038,78.09439195,94,Rain,Yes
22-11-2022,Hebbal,Ballari Road,19020,33.10449398,1.148515525,55.73710911,92.5650301,0,88.04,34.56746672,91.8574071,63.30799942,1

